timestamp,backend,variant,workload,node_count,run,duration_ms,ok,status
2026-01-23T17:47:56,sketch,p25_cpu,N001,1,1,2162.1228330768645,True,200
2026-01-23T17:47:57,es,p25_cpu,N001,1,1,47.06114903092384,True,200
2026-01-23T17:47:57,sketch,p25_cpu,N001,1,2,4.457804840058088,True,200
2026-01-23T17:47:57,es,p25_cpu,N001,1,2,2.548621967434883,True,200
2026-01-23T17:47:57,sketch,p25_cpu,N001,1,3,3.5905330441892147,True,200
2026-01-23T17:47:57,es,p25_cpu,N001,1,3,2.2667087614536285,True,200
2026-01-23T17:47:57,sketch,p25_cpu,N001,1,4,3.466733731329441,True,200
2026-01-23T17:47:57,es,p25_cpu,N001,1,4,2.0999889820814133,True,200
2026-01-23T17:47:57,sketch,p25_cpu,N001,1,5,4.06983494758606,True,200
2026-01-23T17:47:57,es,p25_cpu,N001,1,5,2.304426860064268,True,200
2026-01-23T17:47:57,sketch,p50_cpu,N001,1,1,4.659678786993027,True,200
2026-01-23T17:47:57,es,p50_cpu,N001,1,1,69.5982757024467,True,200
2026-01-23T17:47:57,sketch,p50_cpu,N001,1,2,4.8067402094602585,True,200
2026-01-23T17:47:57,es,p50_cpu,N001,1,2,2.837955951690674,True,200
2026-01-23T17:47:57,sketch,p50_cpu,N001,1,3,4.685926716774702,True,200
2026-01-23T17:47:57,es,p50_cpu,N001,1,3,3.088202327489853,True,200
2026-01-23T17:47:57,sketch,p50_cpu,N001,1,4,4.911540076136589,True,200
2026-01-23T17:47:57,es,p50_cpu,N001,1,4,3.293069079518318,True,200
2026-01-23T17:47:57,sketch,p50_cpu,N001,1,5,4.822792951017618,True,200
2026-01-23T17:47:57,es,p50_cpu,N001,1,5,3.255670890212059,True,200
2026-01-23T17:47:57,sketch,p75_cpu,N001,1,1,5.570329260081053,True,200
2026-01-23T17:47:57,es,p75_cpu,N001,1,1,69.50911181047559,True,200
2026-01-23T17:47:57,sketch,p75_cpu,N001,1,2,4.909059964120388,True,200
2026-01-23T17:47:57,es,p75_cpu,N001,1,2,3.375578671693802,True,200
2026-01-23T17:47:57,sketch,p75_cpu,N001,1,3,4.6531399711966515,True,200
2026-01-23T17:47:57,es,p75_cpu,N001,1,3,3.0768257565796375,True,200
2026-01-23T17:47:57,sketch,p75_cpu,N001,1,4,4.750506021082401,True,200
2026-01-23T17:47:57,es,p75_cpu,N001,1,4,3.3477749675512314,True,200
2026-01-23T17:47:57,sketch,p75_cpu,N001,1,5,4.622996784746647,True,200
2026-01-23T17:47:57,es,p75_cpu,N001,1,5,3.1716651283204556,True,200
2026-01-23T17:47:57,sketch,p90_cpu,N001,1,1,4.77508595213294,True,200
2026-01-23T17:47:57,es,p90_cpu,N001,1,1,77.11823005229235,True,200
2026-01-23T17:47:57,sketch,p90_cpu,N001,1,2,5.013640038669109,True,200
2026-01-23T17:47:57,es,p90_cpu,N001,1,2,2.986007835716009,True,200
2026-01-23T17:47:57,sketch,p90_cpu,N001,1,3,4.932051990181208,True,200
2026-01-23T17:47:57,es,p90_cpu,N001,1,3,2.9332442209124565,True,200
2026-01-23T17:47:57,sketch,p90_cpu,N001,1,4,4.88311517983675,True,200
2026-01-23T17:47:57,es,p90_cpu,N001,1,4,2.966855186969042,True,200
2026-01-23T17:47:57,sketch,p90_cpu,N001,1,5,4.861720371991396,True,200
2026-01-23T17:47:57,es,p90_cpu,N001,1,5,3.286598715931177,True,200
2026-01-23T17:47:57,sketch,p25_p50_p75_p90_cpu,N001,1,1,7.565180771052837,True,200
2026-01-23T17:47:57,es,p25_p50_p75_p90_cpu,N001,1,1,71.87387021258473,True,200
2026-01-23T17:47:57,sketch,p25_p50_p75_p90_cpu,N001,1,2,5.036856047809124,True,200
2026-01-23T17:47:57,es,p25_p50_p75_p90_cpu,N001,1,2,3.233792260289192,True,200
2026-01-23T17:47:57,sketch,p25_p50_p75_p90_cpu,N001,1,3,4.90573002025485,True,200
2026-01-23T17:47:57,es,p25_p50_p75_p90_cpu,N001,1,3,3.3085676841437817,True,200
2026-01-23T17:47:57,sketch,p25_p50_p75_p90_cpu,N001,1,4,4.904153291136026,True,200
2026-01-23T17:47:57,es,p25_p50_p75_p90_cpu,N001,1,4,3.43975517898798,True,200
2026-01-23T17:47:57,sketch,p25_p50_p75_p90_cpu,N001,1,5,4.676260054111481,True,200
2026-01-23T17:47:57,es,p25_p50_p75_p90_cpu,N001,1,5,7.539947051554918,True,200
2026-01-23T17:47:57,sketch,cumulative_cpu,N001,1,1,5.087831988930702,True,200
2026-01-23T17:47:57,es,cumulative_cpu,N001,1,1,25.75741522014141,True,200
2026-01-23T17:47:57,sketch,cumulative_cpu,N001,1,2,4.874336998909712,True,200
2026-01-23T17:47:57,es,cumulative_cpu,N001,1,2,3.156058955937624,True,200
2026-01-23T17:47:57,sketch,cumulative_cpu,N001,1,3,4.667279310524464,True,200
2026-01-23T17:47:57,es,cumulative_cpu,N001,1,3,3.1926180236041546,True,200
2026-01-23T17:47:57,sketch,cumulative_cpu,N001,1,4,4.722780082374811,True,200
2026-01-23T17:47:57,es,cumulative_cpu,N001,1,4,3.1212051399052143,True,200
2026-01-23T17:47:57,sketch,cumulative_cpu,N001,1,5,4.594719037413597,True,200
2026-01-23T17:47:57,es,cumulative_cpu,N001,1,5,2.858735155314207,True,200
2026-01-23T17:47:57,sketch,p25_mem,N001,1,1,5.621513817459345,True,200
2026-01-23T17:47:57,es,p25_mem,N001,1,1,77.75265909731388,True,200
2026-01-23T17:47:57,sketch,p25_mem,N001,1,2,5.05188899114728,True,200
2026-01-23T17:47:57,es,p25_mem,N001,1,2,3.16449673846364,True,200
2026-01-23T17:47:57,sketch,p25_mem,N001,1,3,4.881898872554302,True,200
2026-01-23T17:47:57,es,p25_mem,N001,1,3,3.2619889825582504,True,200
2026-01-23T17:47:57,sketch,p25_mem,N001,1,4,5.033712834119797,True,200
2026-01-23T17:47:57,es,p25_mem,N001,1,4,3.188465256243944,True,200
2026-01-23T17:47:57,sketch,p25_mem,N001,1,5,4.383229184895754,True,200
2026-01-23T17:47:57,es,p25_mem,N001,1,5,3.249049186706543,True,200
2026-01-23T17:47:57,sketch,p50_mem,N001,1,1,5.481579806655645,True,200
2026-01-23T17:47:57,es,p50_mem,N001,1,1,70.21975796669722,True,200
2026-01-23T17:47:57,sketch,p50_mem,N001,1,2,4.366658162325621,True,200
2026-01-23T17:47:57,es,p50_mem,N001,1,2,2.9496480710804462,True,200
2026-01-23T17:47:57,sketch,p50_mem,N001,1,3,4.622971173375845,True,200
2026-01-23T17:47:57,es,p50_mem,N001,1,3,2.8768531046807766,True,200
2026-01-23T17:47:57,sketch,p50_mem,N001,1,4,4.62702801451087,True,200
2026-01-23T17:47:57,es,p50_mem,N001,1,4,2.905328292399645,True,200
2026-01-23T17:47:57,sketch,p50_mem,N001,1,5,4.517856054008007,True,200
2026-01-23T17:47:57,es,p50_mem,N001,1,5,2.8514680452644825,True,200
2026-01-23T17:47:57,sketch,p75_mem,N001,1,1,5.225325934588909,True,200
2026-01-23T17:47:57,es,p75_mem,N001,1,1,68.43078788369894,True,200
2026-01-23T17:47:57,sketch,p75_mem,N001,1,2,4.695232026278973,True,200
2026-01-23T17:47:57,es,p75_mem,N001,1,2,3.1135487370193005,True,200
2026-01-23T17:47:57,sketch,p75_mem,N001,1,3,4.963538609445095,True,200
2026-01-23T17:47:57,es,p75_mem,N001,1,3,3.251655027270317,True,200
2026-01-23T17:47:57,sketch,p75_mem,N001,1,4,4.834975581616163,True,200
2026-01-23T17:47:57,es,p75_mem,N001,1,4,3.1793848611414433,True,200
2026-01-23T17:47:57,sketch,p75_mem,N001,1,5,4.884930327534676,True,200
2026-01-23T17:47:57,es,p75_mem,N001,1,5,3.2323352061212063,True,200
2026-01-23T17:47:57,sketch,p90_mem,N001,1,1,5.563332699239254,True,200
2026-01-23T17:47:57,es,p90_mem,N001,1,1,80.39871463552117,True,200
2026-01-23T17:47:57,sketch,p90_mem,N001,1,2,4.837097134441137,True,200
2026-01-23T17:47:58,es,p90_mem,N001,1,2,3.326321952044964,True,200
2026-01-23T17:47:58,sketch,p90_mem,N001,1,3,4.686250351369381,True,200
2026-01-23T17:47:58,es,p90_mem,N001,1,3,3.4805219620466232,True,200
2026-01-23T17:47:58,sketch,p90_mem,N001,1,4,4.759295843541622,True,200
2026-01-23T17:47:58,es,p90_mem,N001,1,4,3.2407520338892937,True,200
2026-01-23T17:47:58,sketch,p90_mem,N001,1,5,4.117211792618036,True,200
2026-01-23T17:47:58,es,p90_mem,N001,1,5,2.835436724126339,True,200
2026-01-23T17:47:58,sketch,p25_p50_p75_p90_mem,N001,1,1,5.930392071604729,True,200
2026-01-23T17:47:58,es,p25_p50_p75_p90_mem,N001,1,1,70.1760589145124,True,200
2026-01-23T17:47:58,sketch,p25_p50_p75_p90_mem,N001,1,2,4.72938921302557,True,200
2026-01-23T17:47:58,es,p25_p50_p75_p90_mem,N001,1,2,2.828644122928381,True,200
2026-01-23T17:47:58,sketch,p25_p50_p75_p90_mem,N001,1,3,4.506058990955353,True,200
2026-01-23T17:47:58,es,p25_p50_p75_p90_mem,N001,1,3,2.9413048177957535,True,200
2026-01-23T17:47:58,sketch,p25_p50_p75_p90_mem,N001,1,4,4.501894116401672,True,200
2026-01-23T17:47:58,es,p25_p50_p75_p90_mem,N001,1,4,2.5685629807412624,True,200
2026-01-23T17:47:58,sketch,p25_p50_p75_p90_mem,N001,1,5,4.298805259168148,True,200
2026-01-23T17:47:58,es,p25_p50_p75_p90_mem,N001,1,5,3.1087519600987434,True,200
2026-01-23T17:47:58,sketch,cumulative_mem,N001,1,1,4.608682822436094,True,200
2026-01-23T17:47:58,es,cumulative_mem,N001,1,1,17.06348266452551,True,200
2026-01-23T17:47:58,sketch,cumulative_mem,N001,1,2,4.821276292204857,True,200
2026-01-23T17:47:58,es,cumulative_mem,N001,1,2,3.225519321858883,True,200
2026-01-23T17:47:58,sketch,cumulative_mem,N001,1,3,4.676340147852898,True,200
2026-01-23T17:47:58,es,cumulative_mem,N001,1,3,3.105561714619398,True,200
2026-01-23T17:47:58,sketch,cumulative_mem,N001,1,4,4.7558690421283245,True,200
2026-01-23T17:47:58,es,cumulative_mem,N001,1,4,3.030960913747549,True,200
2026-01-23T17:47:58,sketch,cumulative_mem,N001,1,5,4.573991987854242,True,200
2026-01-23T17:47:58,es,cumulative_mem,N001,1,5,3.1779916025698185,True,200
2026-01-23T17:47:58,sketch,p25_net,N001,1,1,4.451739136129618,True,200
2026-01-23T17:47:58,es,p25_net,N001,1,1,72.6531739346683,True,200
2026-01-23T17:47:58,sketch,p25_net,N001,1,2,5.00624580308795,True,200
2026-01-23T17:47:58,es,p25_net,N001,1,2,3.325045108795166,True,200
2026-01-23T17:47:58,sketch,p25_net,N001,1,3,4.880716092884541,True,200
2026-01-23T17:47:58,es,p25_net,N001,1,3,3.2893051393330097,True,200
2026-01-23T17:47:58,sketch,p25_net,N001,1,4,4.820713307708502,True,200
2026-01-23T17:47:58,es,p25_net,N001,1,4,3.2403841614723206,True,200
2026-01-23T17:47:58,sketch,p25_net,N001,1,5,4.548775032162666,True,200
2026-01-23T17:47:58,es,p25_net,N001,1,5,3.1879390589892864,True,200
2026-01-23T17:47:58,sketch,p50_net,N001,1,1,5.578239914029837,True,200
2026-01-23T17:47:58,es,p50_net,N001,1,1,64.49149316176772,True,200
2026-01-23T17:47:58,sketch,p50_net,N001,1,2,5.1142629235982895,True,200
2026-01-23T17:47:58,es,p50_net,N001,1,2,3.342744894325733,True,200
2026-01-23T17:47:58,sketch,p50_net,N001,1,3,4.972896073013544,True,200
2026-01-23T17:47:58,es,p50_net,N001,1,3,3.245638683438301,True,200
2026-01-23T17:47:58,sketch,p50_net,N001,1,4,5.0041102804243565,True,200
2026-01-23T17:47:58,es,p50_net,N001,1,4,3.3272546716034412,True,200
2026-01-23T17:47:58,sketch,p50_net,N001,1,5,4.928582813590765,True,200
2026-01-23T17:47:58,es,p50_net,N001,1,5,3.2746451906859875,True,200
2026-01-23T17:47:58,sketch,p75_net,N001,1,1,5.622140131890774,True,200
2026-01-23T17:47:58,es,p75_net,N001,1,1,71.32331328466535,True,200
2026-01-23T17:47:58,sketch,p75_net,N001,1,2,4.810728132724762,True,200
2026-01-23T17:47:58,es,p75_net,N001,1,2,3.3404920250177383,True,200
2026-01-23T17:47:58,sketch,p75_net,N001,1,3,4.469641949981451,True,200
2026-01-23T17:47:58,es,p75_net,N001,1,3,3.2305261120200157,True,200
2026-01-23T17:47:58,sketch,p75_net,N001,1,4,4.707076121121645,True,200
2026-01-23T17:47:58,es,p75_net,N001,1,4,3.1542088836431503,True,200
2026-01-23T17:47:58,sketch,p75_net,N001,1,5,4.499579779803753,True,200
2026-01-23T17:47:58,es,p75_net,N001,1,5,3.259649034589529,True,200
2026-01-23T17:47:58,sketch,p90_net,N001,1,1,5.575606133788824,True,200
2026-01-23T17:47:58,es,p90_net,N001,1,1,69.23454022035003,True,200
2026-01-23T17:47:58,sketch,p90_net,N001,1,2,5.130552686750889,True,200
2026-01-23T17:47:58,es,p90_net,N001,1,2,3.322616219520569,True,200
2026-01-23T17:47:58,sketch,p90_net,N001,1,3,5.124740302562714,True,200
2026-01-23T17:47:58,es,p90_net,N001,1,3,3.3223647624254227,True,200
2026-01-23T17:47:58,sketch,p90_net,N001,1,4,4.94775315746665,True,200
2026-01-23T17:47:58,es,p90_net,N001,1,4,3.18537512794137,True,200
2026-01-23T17:47:58,sketch,p90_net,N001,1,5,4.814743064343929,True,200
2026-01-23T17:47:58,es,p90_net,N001,1,5,3.243581857532263,True,200
2026-01-23T17:47:58,sketch,p25_p50_p75_p90_net,N001,1,1,7.714265026152134,True,200
2026-01-23T17:47:58,es,p25_p50_p75_p90_net,N001,1,1,71.75556384027004,True,200
2026-01-23T17:47:58,sketch,p25_p50_p75_p90_net,N001,1,2,4.509266931563616,True,200
2026-01-23T17:47:58,es,p25_p50_p75_p90_net,N001,1,2,3.364364616572857,True,200
2026-01-23T17:47:58,sketch,p25_p50_p75_p90_net,N001,1,3,4.423356149345636,True,200
2026-01-23T17:47:58,es,p25_p50_p75_p90_net,N001,1,3,3.33615904673934,True,200
2026-01-23T17:47:58,sketch,p25_p50_p75_p90_net,N001,1,4,4.714782815426588,True,200
2026-01-23T17:47:58,es,p25_p50_p75_p90_net,N001,1,4,3.3534448593854904,True,200
2026-01-23T17:47:58,sketch,p25_p50_p75_p90_net,N001,1,5,5.175733007490635,True,200
2026-01-23T17:47:58,es,p25_p50_p75_p90_net,N001,1,5,3.330484963953495,True,200
2026-01-23T17:47:58,sketch,cumulative_net,N001,1,1,5.025210790336132,True,200
2026-01-23T17:47:58,es,cumulative_net,N001,1,1,17.524267081171274,True,200
2026-01-23T17:47:58,sketch,cumulative_net,N001,1,2,4.989153239876032,True,200
2026-01-23T17:47:58,es,cumulative_net,N001,1,2,3.238336183130741,True,200
2026-01-23T17:47:58,sketch,cumulative_net,N001,1,3,4.842916037887335,True,200
2026-01-23T17:47:58,es,cumulative_net,N001,1,3,3.127181902527809,True,200
2026-01-23T17:47:58,sketch,cumulative_net,N001,1,4,4.613489843904972,True,200
2026-01-23T17:47:58,es,cumulative_net,N001,1,4,2.4961172603070736,True,200
2026-01-23T17:47:58,sketch,cumulative_net,N001,1,5,3.991784993559122,True,200
2026-01-23T17:47:58,es,cumulative_net,N001,1,5,2.570649143308401,True,200
2026-01-23T17:47:58,sketch,p25_cpu_mem_net,N001,1,1,6.349768023937941,True,200
2026-01-23T17:47:58,es,p25_cpu_mem_net,N001,1,1,143.58635898679495,True,200
2026-01-23T17:47:58,sketch,p25_cpu_mem_net,N001,1,2,5.569481290876865,True,200
2026-01-23T17:47:58,es,p25_cpu_mem_net,N001,1,2,3.5334392450749874,True,200
2026-01-23T17:47:58,sketch,p25_cpu_mem_net,N001,1,3,5.056669935584068,True,200
2026-01-23T17:47:58,es,p25_cpu_mem_net,N001,1,3,3.4373621456325054,True,200
2026-01-23T17:47:58,sketch,p25_cpu_mem_net,N001,1,4,5.229319911450148,True,200
2026-01-23T17:47:58,es,p25_cpu_mem_net,N001,1,4,3.6080917343497276,True,200
2026-01-23T17:47:58,sketch,p25_cpu_mem_net,N001,1,5,5.097547080367804,True,200
2026-01-23T17:47:58,es,p25_cpu_mem_net,N001,1,5,3.509041853249073,True,200
2026-01-23T17:47:59,sketch,p50_cpu_mem_net,N001,1,1,7.233288139104843,True,200
2026-01-23T17:47:59,es,p50_cpu_mem_net,N001,1,1,145.52722312510014,True,200
2026-01-23T17:47:59,sketch,p50_cpu_mem_net,N001,1,2,4.89749014377594,True,200
2026-01-23T17:47:59,es,p50_cpu_mem_net,N001,1,2,3.2262885943055153,True,200
2026-01-23T17:47:59,sketch,p50_cpu_mem_net,N001,1,3,4.701122175902128,True,200
2026-01-23T17:47:59,es,p50_cpu_mem_net,N001,1,3,3.113045822829008,True,200
2026-01-23T17:47:59,sketch,p50_cpu_mem_net,N001,1,4,4.672755021601915,True,200
2026-01-23T17:47:59,es,p50_cpu_mem_net,N001,1,4,3.0268519185483456,True,200
2026-01-23T17:47:59,sketch,p50_cpu_mem_net,N001,1,5,4.767255857586861,True,200
2026-01-23T17:47:59,es,p50_cpu_mem_net,N001,1,5,3.055559005588293,True,200
2026-01-23T17:47:59,sketch,p75_cpu_mem_net,N001,1,1,6.864544004201889,True,200
2026-01-23T17:47:59,es,p75_cpu_mem_net,N001,1,1,138.98942107334733,True,200
2026-01-23T17:47:59,sketch,p75_cpu_mem_net,N001,1,2,5.295232869684696,True,200
2026-01-23T17:47:59,es,p75_cpu_mem_net,N001,1,2,2.913387957960367,True,200
2026-01-23T17:47:59,sketch,p75_cpu_mem_net,N001,1,3,4.24335990101099,True,200
2026-01-23T17:47:59,es,p75_cpu_mem_net,N001,1,3,3.1220088712871075,True,200
2026-01-23T17:47:59,sketch,p75_cpu_mem_net,N001,1,4,4.7539458610117435,True,200
2026-01-23T17:47:59,es,p75_cpu_mem_net,N001,1,4,3.253667615354061,True,200
2026-01-23T17:47:59,sketch,p75_cpu_mem_net,N001,1,5,4.730552900582552,True,200
2026-01-23T17:47:59,es,p75_cpu_mem_net,N001,1,5,3.4849359653890133,True,200
2026-01-23T17:47:59,sketch,p90_cpu_mem_net,N001,1,1,6.931104231625795,True,200
2026-01-23T17:47:59,es,p90_cpu_mem_net,N001,1,1,141.01804280653596,True,200
2026-01-23T17:47:59,sketch,p90_cpu_mem_net,N001,1,2,5.983543116599321,True,200
2026-01-23T17:47:59,es,p90_cpu_mem_net,N001,1,2,3.6045722663402557,True,200
2026-01-23T17:47:59,sketch,p90_cpu_mem_net,N001,1,3,4.295145161449909,True,200
2026-01-23T17:47:59,es,p90_cpu_mem_net,N001,1,3,3.4650382585823536,True,200
2026-01-23T17:47:59,sketch,p90_cpu_mem_net,N001,1,4,4.683079198002815,True,200
2026-01-23T17:47:59,es,p90_cpu_mem_net,N001,1,4,2.9483409598469734,True,200
2026-01-23T17:47:59,sketch,p90_cpu_mem_net,N001,1,5,3.994754981249571,True,200
2026-01-23T17:47:59,es,p90_cpu_mem_net,N001,1,5,3.4816088154911995,True,200
2026-01-23T17:47:59,sketch,p25_p50_p75_p90_cpu_mem_net,N001,1,1,12.70331023260951,True,200
2026-01-23T17:47:59,es,p25_p50_p75_p90_cpu_mem_net,N001,1,1,144.40245507285,True,200
2026-01-23T17:47:59,sketch,p25_p50_p75_p90_cpu_mem_net,N001,1,2,5.813727155327797,True,200
2026-01-23T17:47:59,es,p25_p50_p75_p90_cpu_mem_net,N001,1,2,3.8610119372606277,True,200
2026-01-23T17:47:59,sketch,p25_p50_p75_p90_cpu_mem_net,N001,1,3,4.962266888469458,True,200
2026-01-23T17:47:59,es,p25_p50_p75_p90_cpu_mem_net,N001,1,3,3.3582551404833794,True,200
2026-01-23T17:47:59,sketch,p25_p50_p75_p90_cpu_mem_net,N001,1,4,4.1819000616669655,True,200
2026-01-23T17:47:59,es,p25_p50_p75_p90_cpu_mem_net,N001,1,4,2.7268719859421253,True,200
2026-01-23T17:47:59,sketch,p25_p50_p75_p90_cpu_mem_net,N001,1,5,4.256580024957657,True,200
2026-01-23T17:47:59,es,p25_p50_p75_p90_cpu_mem_net,N001,1,5,2.8912643902003765,True,200
2026-01-23T17:47:59,sketch,cumulative_cpu_mem_net,N001,1,1,4.478918854147196,True,200
2026-01-23T17:47:59,es,cumulative_cpu_mem_net,N001,1,1,42.157328221946955,True,200
2026-01-23T17:47:59,sketch,cumulative_cpu_mem_net,N001,1,2,5.3394269198179245,True,200
2026-01-23T17:47:59,es,cumulative_cpu_mem_net,N001,1,2,2.428079955279827,True,200
2026-01-23T17:47:59,sketch,cumulative_cpu_mem_net,N001,1,3,4.232652019709349,True,200
2026-01-23T17:47:59,es,cumulative_cpu_mem_net,N001,1,3,2.528831362724304,True,200
2026-01-23T17:47:59,sketch,cumulative_cpu_mem_net,N001,1,4,4.274545237421989,True,200
2026-01-23T17:47:59,es,cumulative_cpu_mem_net,N001,1,4,2.377940807491541,True,200
2026-01-23T17:47:59,sketch,cumulative_cpu_mem_net,N001,1,5,3.66214569658041,True,200
2026-01-23T17:47:59,es,cumulative_cpu_mem_net,N001,1,5,2.395214047282934,True,200
2026-01-23T17:47:59,sketch,top_cpu,N001,1,1,4.064350388944149,True,200
2026-01-23T17:47:59,es,top_cpu,N001,1,1,42.463730089366436,True,200
2026-01-23T17:47:59,sketch,top_cpu,N001,1,2,3.8815070874989033,True,200
2026-01-23T17:47:59,es,top_cpu,N001,1,2,2.6864930987358093,True,200
2026-01-23T17:47:59,sketch,top_cpu,N001,1,3,3.71890002861619,True,200
2026-01-23T17:47:59,es,top_cpu,N001,1,3,2.4562920443713665,True,200
2026-01-23T17:47:59,sketch,top_cpu,N001,1,4,3.7544742226600647,True,200
2026-01-23T17:47:59,es,top_cpu,N001,1,4,2.580414991825819,True,200
2026-01-23T17:47:59,sketch,top_cpu,N001,1,5,3.1695817597210407,True,200
2026-01-23T17:47:59,es,top_cpu,N001,1,5,2.5793169625103474,True,200
2026-01-23T17:47:59,sketch,top_mem,N001,1,1,3.3157342113554478,True,200
2026-01-23T17:47:59,es,top_mem,N001,1,1,52.659866865724325,True,200
2026-01-23T17:47:59,sketch,top_mem,N001,1,2,3.7177191115915775,True,200
2026-01-23T17:47:59,es,top_mem,N001,1,2,2.597960177809,True,200
2026-01-23T17:47:59,sketch,top_mem,N001,1,3,3.8458220660686493,True,200
2026-01-23T17:47:59,es,top_mem,N001,1,3,2.602640073746443,True,200
2026-01-23T17:47:59,sketch,top_mem,N001,1,4,3.319535870105028,True,200
2026-01-23T17:47:59,es,top_mem,N001,1,4,2.5565852411091328,True,200
2026-01-23T17:47:59,sketch,top_mem,N001,1,5,3.3807680010795593,True,200
2026-01-23T17:47:59,es,top_mem,N001,1,5,2.493835985660553,True,200
2026-01-23T17:47:59,sketch,top_net,N001,1,1,3.4336992539465427,True,200
2026-01-23T17:48:00,es,top_net,N001,1,1,57.58866714313626,True,200
2026-01-23T17:48:00,sketch,top_net,N001,1,2,4.4817207381129265,True,200
2026-01-23T17:48:00,es,top_net,N001,1,2,2.6581604033708572,True,200
2026-01-23T17:48:00,sketch,top_net,N001,1,3,3.5146288573741913,True,200
2026-01-23T17:48:00,es,top_net,N001,1,3,2.494742162525654,True,200
2026-01-23T17:48:00,sketch,top_net,N001,1,4,3.928123041987419,True,200
2026-01-23T17:48:00,es,top_net,N001,1,4,2.629009075462818,True,200
2026-01-23T17:48:00,sketch,top_net,N001,1,5,3.1853532418608665,True,200
2026-01-23T17:48:00,es,top_net,N001,1,5,2.5961268693208694,True,200
2026-01-23T17:48:00,sketch,p25_cpu,N001-N004,4,1,7.370540872216225,True,200
2026-01-23T17:48:00,es,p25_cpu,N001-N004,4,1,156.08237590640783,True,200
2026-01-23T17:48:00,sketch,p25_cpu,N001-N004,4,2,5.657006055116653,True,200
2026-01-23T17:48:00,es,p25_cpu,N001-N004,4,2,3.70577909052372,True,200
2026-01-23T17:48:00,sketch,p25_cpu,N001-N004,4,3,4.331129137426615,True,200
2026-01-23T17:48:00,es,p25_cpu,N001-N004,4,3,3.5853381268680096,True,200
2026-01-23T17:48:00,sketch,p25_cpu,N001-N004,4,4,4.293023142963648,True,200
2026-01-23T17:48:00,es,p25_cpu,N001-N004,4,4,3.125871066004038,True,200
2026-01-23T17:48:00,sketch,p25_cpu,N001-N004,4,5,3.9604450576007366,True,200
2026-01-23T17:48:00,es,p25_cpu,N001-N004,4,5,3.184386994689703,True,200
2026-01-23T17:48:00,sketch,p50_cpu,N001-N004,4,1,7.223398890346289,True,200
2026-01-23T17:48:00,es,p50_cpu,N001-N004,4,1,156.73079481348395,True,200
2026-01-23T17:48:00,sketch,p50_cpu,N001-N004,4,2,4.582227673381567,True,200
2026-01-23T17:48:00,es,p50_cpu,N001-N004,4,2,2.4254806339740753,True,200
2026-01-23T17:48:00,sketch,p50_cpu,N001-N004,4,3,3.9151478558778763,True,200
2026-01-23T17:48:00,es,p50_cpu,N001-N004,4,3,2.592309843748808,True,200
2026-01-23T17:48:00,sketch,p50_cpu,N001-N004,4,4,3.8438630290329456,True,200
2026-01-23T17:48:00,es,p50_cpu,N001-N004,4,4,2.5473018176853657,True,200
2026-01-23T17:48:00,sketch,p50_cpu,N001-N004,4,5,4.274544771760702,True,200
2026-01-23T17:48:00,es,p50_cpu,N001-N004,4,5,2.5501111522316933,True,200
2026-01-23T17:48:00,sketch,p75_cpu,N001-N004,4,1,7.134523242712021,True,200
2026-01-23T17:48:00,es,p75_cpu,N001-N004,4,1,166.17134772241116,True,200
2026-01-23T17:48:00,sketch,p75_cpu,N001-N004,4,2,5.445582792162895,True,200
2026-01-23T17:48:00,es,p75_cpu,N001-N004,4,2,3.4892279654741287,True,200
2026-01-23T17:48:00,sketch,p75_cpu,N001-N004,4,3,5.124923307448626,True,200
2026-01-23T17:48:00,es,p75_cpu,N001-N004,4,3,3.571269102394581,True,200
2026-01-23T17:48:00,sketch,p75_cpu,N001-N004,4,4,5.241326056420803,True,200
2026-01-23T17:48:00,es,p75_cpu,N001-N004,4,4,3.333347849547863,True,200
2026-01-23T17:48:00,sketch,p75_cpu,N001-N004,4,5,5.267133004963398,True,200
2026-01-23T17:48:00,es,p75_cpu,N001-N004,4,5,3.5206880420446396,True,200
2026-01-23T17:48:00,sketch,p90_cpu,N001-N004,4,1,8.1302379257977,True,200
2026-01-23T17:48:00,es,p90_cpu,N001-N004,4,1,152.77724107727408,True,200
2026-01-23T17:48:00,sketch,p90_cpu,N001-N004,4,2,4.7471290454268456,True,200
2026-01-23T17:48:00,es,p90_cpu,N001-N004,4,2,7.7912169508636,True,200
2026-01-23T17:48:00,sketch,p90_cpu,N001-N004,4,3,5.969583056867123,True,200
2026-01-23T17:48:00,es,p90_cpu,N001-N004,4,3,2.3287488147616386,True,200
2026-01-23T17:48:00,sketch,p90_cpu,N001-N004,4,4,2.68454197794199,True,200
2026-01-23T17:48:00,es,p90_cpu,N001-N004,4,4,1.8931147642433643,True,200
2026-01-23T17:48:00,sketch,p90_cpu,N001-N004,4,5,2.8405319899320602,True,200
2026-01-23T17:48:00,es,p90_cpu,N001-N004,4,5,2.0696879364550114,True,200
2026-01-23T17:48:00,sketch,p25_p50_p75_p90_cpu,N001-N004,4,1,8.003231603652239,True,200
2026-01-23T17:48:01,es,p25_p50_p75_p90_cpu,N001-N004,4,1,164.87565683200955,True,200
2026-01-23T17:48:01,sketch,p25_p50_p75_p90_cpu,N001-N004,4,2,5.74398972094059,True,200
2026-01-23T17:48:01,es,p25_p50_p75_p90_cpu,N001-N004,4,2,3.6342390812933445,True,200
2026-01-23T17:48:01,sketch,p25_p50_p75_p90_cpu,N001-N004,4,3,4.925522953271866,True,200
2026-01-23T17:48:01,es,p25_p50_p75_p90_cpu,N001-N004,4,3,3.2869610004127026,True,200
2026-01-23T17:48:01,sketch,p25_p50_p75_p90_cpu,N001-N004,4,4,4.342312924563885,True,200
2026-01-23T17:48:01,es,p25_p50_p75_p90_cpu,N001-N004,4,4,2.176057081669569,True,200
2026-01-23T17:48:01,sketch,p25_p50_p75_p90_cpu,N001-N004,4,5,3.8704792968928814,True,200
2026-01-23T17:48:01,es,p25_p50_p75_p90_cpu,N001-N004,4,5,2.2958838380873203,True,200
2026-01-23T17:48:01,sketch,cumulative_cpu,N001-N004,4,1,4.098208155483007,True,200
2026-01-23T17:48:01,es,cumulative_cpu,N001-N004,4,1,54.85581420361996,True,200
2026-01-23T17:48:01,sketch,cumulative_cpu,N001-N004,4,2,5.018366035073996,True,200
2026-01-23T17:48:01,es,cumulative_cpu,N001-N004,4,2,3.2700919546186924,True,200
2026-01-23T17:48:01,sketch,cumulative_cpu,N001-N004,4,3,5.175570026040077,True,200
2026-01-23T17:48:01,es,cumulative_cpu,N001-N004,4,3,3.2793008722364902,True,200
2026-01-23T17:48:01,sketch,cumulative_cpu,N001-N004,4,4,5.191038828343153,True,200
2026-01-23T17:48:01,es,cumulative_cpu,N001-N004,4,4,2.8141620568931103,True,200
2026-01-23T17:48:01,sketch,cumulative_cpu,N001-N004,4,5,4.199453629553318,True,200
2026-01-23T17:48:01,es,cumulative_cpu,N001-N004,4,5,2.187049016356468,True,200
2026-01-23T17:48:01,sketch,p25_mem,N001-N004,4,1,7.1486178785562515,True,200
2026-01-23T17:48:01,es,p25_mem,N001-N004,4,1,143.86987732723355,True,200
2026-01-23T17:48:01,sketch,p25_mem,N001-N004,4,2,4.697381053119898,True,200
2026-01-23T17:48:01,es,p25_mem,N001-N004,4,2,3.2332888804376125,True,200
2026-01-23T17:48:01,sketch,p25_mem,N001-N004,4,3,4.9622259102761745,True,200
2026-01-23T17:48:01,es,p25_mem,N001-N004,4,3,3.173436038196087,True,200
2026-01-23T17:48:01,sketch,p25_mem,N001-N004,4,4,4.865752067416906,True,200
2026-01-23T17:48:01,es,p25_mem,N001-N004,4,4,3.1681046821177006,True,200
2026-01-23T17:48:01,sketch,p25_mem,N001-N004,4,5,4.7309258952736855,True,200
2026-01-23T17:48:01,es,p25_mem,N001-N004,4,5,3.278565127402544,True,200
2026-01-23T17:48:01,sketch,p50_mem,N001-N004,4,1,8.161884732544422,True,200
2026-01-23T17:48:01,es,p50_mem,N001-N004,4,1,163.316257763654,True,200
2026-01-23T17:48:01,sketch,p50_mem,N001-N004,4,2,4.893510602414608,True,200
2026-01-23T17:48:01,es,p50_mem,N001-N004,4,2,3.1133503653109074,True,200
2026-01-23T17:48:01,sketch,p50_mem,N001-N004,4,3,4.2139580473303795,True,200
2026-01-23T17:48:01,es,p50_mem,N001-N004,4,3,2.9790918342769146,True,200
2026-01-23T17:48:01,sketch,p50_mem,N001-N004,4,4,4.246854223310947,True,200
2026-01-23T17:48:01,es,p50_mem,N001-N004,4,4,2.8802771121263504,True,200
2026-01-23T17:48:01,sketch,p50_mem,N001-N004,4,5,4.074577707797289,True,200
2026-01-23T17:48:01,es,p50_mem,N001-N004,4,5,2.7838610112667084,True,200
2026-01-23T17:48:01,sketch,p75_mem,N001-N004,4,1,7.532926741987467,True,200
2026-01-23T17:48:01,es,p75_mem,N001-N004,4,1,149.2293430492282,True,200
2026-01-23T17:48:01,sketch,p75_mem,N001-N004,4,2,4.0242960676550865,True,200
2026-01-23T17:48:01,es,p75_mem,N001-N004,4,2,3.6027152091264725,True,200
2026-01-23T17:48:01,sketch,p75_mem,N001-N004,4,3,4.676785785704851,True,200
2026-01-23T17:48:01,es,p75_mem,N001-N004,4,3,3.3165388740599155,True,200
2026-01-23T17:48:01,sketch,p75_mem,N001-N004,4,4,4.722876008599997,True,200
2026-01-23T17:48:01,es,p75_mem,N001-N004,4,4,3.2720351591706276,True,200
2026-01-23T17:48:01,sketch,p75_mem,N001-N004,4,5,4.7860220074653625,True,200
2026-01-23T17:48:01,es,p75_mem,N001-N004,4,5,3.523556049913168,True,200
2026-01-23T17:48:01,sketch,p90_mem,N001-N004,4,1,7.965924683958292,True,200
2026-01-23T17:48:01,es,p90_mem,N001-N004,4,1,153.0470340512693,True,200
2026-01-23T17:48:01,sketch,p90_mem,N001-N004,4,2,3.928941674530506,True,200
2026-01-23T17:48:01,es,p90_mem,N001-N004,4,2,2.5782673619687557,True,200
2026-01-23T17:48:01,sketch,p90_mem,N001-N004,4,3,3.0652950517833233,True,200
2026-01-23T17:48:01,es,p90_mem,N001-N004,4,3,2.2851969115436077,True,200
2026-01-23T17:48:01,sketch,p90_mem,N001-N004,4,4,3.358182031661272,True,200
2026-01-23T17:48:01,es,p90_mem,N001-N004,4,4,2.4908860214054585,True,200
2026-01-23T17:48:01,sketch,p90_mem,N001-N004,4,5,4.112039692699909,True,200
2026-01-23T17:48:01,es,p90_mem,N001-N004,4,5,3.1307917088270187,True,200
2026-01-23T17:48:01,sketch,p25_p50_p75_p90_mem,N001-N004,4,1,16.621358692646027,True,200
2026-01-23T17:48:02,es,p25_p50_p75_p90_mem,N001-N004,4,1,160.02541361376643,True,200
2026-01-23T17:48:02,sketch,p25_p50_p75_p90_mem,N001-N004,4,2,5.995286162942648,True,200
2026-01-23T17:48:02,es,p25_p50_p75_p90_mem,N001-N004,4,2,3.7241457030177116,True,200
2026-01-23T17:48:02,sketch,p25_p50_p75_p90_mem,N001-N004,4,3,5.368346814066172,True,200
2026-01-23T17:48:02,es,p25_p50_p75_p90_mem,N001-N004,4,3,3.9138421416282654,True,200
2026-01-23T17:48:02,sketch,p25_p50_p75_p90_mem,N001-N004,4,4,4.958179779350758,True,200
2026-01-23T17:48:02,es,p25_p50_p75_p90_mem,N001-N004,4,4,3.561581950634718,True,200
2026-01-23T17:48:02,sketch,p25_p50_p75_p90_mem,N001-N004,4,5,5.081653129309416,True,200
2026-01-23T17:48:02,es,p25_p50_p75_p90_mem,N001-N004,4,5,3.7954323925077915,True,200
2026-01-23T17:48:02,sketch,cumulative_mem,N001-N004,4,1,5.081895738840103,True,200
2026-01-23T17:48:02,es,cumulative_mem,N001-N004,4,1,34.2709650285542,True,200
2026-01-23T17:48:02,sketch,cumulative_mem,N001-N004,4,2,4.640914034098387,True,200
2026-01-23T17:48:02,es,cumulative_mem,N001-N004,4,2,2.799496054649353,True,200
2026-01-23T17:48:02,sketch,cumulative_mem,N001-N004,4,3,4.57235611975193,True,200
2026-01-23T17:48:02,es,cumulative_mem,N001-N004,4,3,2.7390019968152046,True,200
2026-01-23T17:48:02,sketch,cumulative_mem,N001-N004,4,4,4.592356272041798,True,200
2026-01-23T17:48:02,es,cumulative_mem,N001-N004,4,4,2.6703928597271442,True,200
2026-01-23T17:48:02,sketch,cumulative_mem,N001-N004,4,5,4.047316033393145,True,200
2026-01-23T17:48:02,es,cumulative_mem,N001-N004,4,5,2.6667420752346516,True,200
2026-01-23T17:48:02,sketch,p25_net,N001-N004,4,1,7.827727124094963,True,200
2026-01-23T17:48:02,es,p25_net,N001-N004,4,1,164.8299819789827,True,200
2026-01-23T17:48:02,sketch,p25_net,N001-N004,4,2,4.56972885876894,True,200
2026-01-23T17:48:02,es,p25_net,N001-N004,4,2,3.3222087658941746,True,200
2026-01-23T17:48:02,sketch,p25_net,N001-N004,4,3,5.019370000809431,True,200
2026-01-23T17:48:02,es,p25_net,N001-N004,4,3,3.503645770251751,True,200
2026-01-23T17:48:02,sketch,p25_net,N001-N004,4,4,4.654538817703724,True,200
2026-01-23T17:48:02,es,p25_net,N001-N004,4,4,3.436169121414423,True,200
2026-01-23T17:48:02,sketch,p25_net,N001-N004,4,5,4.89836698397994,True,200
2026-01-23T17:48:02,es,p25_net,N001-N004,4,5,3.4186779521405697,True,200
2026-01-23T17:48:02,sketch,p50_net,N001-N004,4,1,7.412520702928305,True,200
2026-01-23T17:48:02,es,p50_net,N001-N004,4,1,135.5003328062594,True,200
2026-01-23T17:48:02,sketch,p50_net,N001-N004,4,2,4.528986290097237,True,200
2026-01-23T17:48:02,es,p50_net,N001-N004,4,2,3.1590224243700504,True,200
2026-01-23T17:48:02,sketch,p50_net,N001-N004,4,3,4.358491860330105,True,200
2026-01-23T17:48:02,es,p50_net,N001-N004,4,3,3.1724018044769764,True,200
2026-01-23T17:48:02,sketch,p50_net,N001-N004,4,4,4.827706143260002,True,200
2026-01-23T17:48:02,es,p50_net,N001-N004,4,4,3.3289981074631214,True,200
2026-01-23T17:48:02,sketch,p50_net,N001-N004,4,5,4.574842751026154,True,200
2026-01-23T17:48:02,es,p50_net,N001-N004,4,5,3.2508173026144505,True,200
2026-01-23T17:48:02,sketch,p75_net,N001-N004,4,1,7.830753922462463,True,200
2026-01-23T17:48:02,es,p75_net,N001-N004,4,1,135.79669687896967,True,200
2026-01-23T17:48:02,sketch,p75_net,N001-N004,4,2,5.163326393812895,True,200
2026-01-23T17:48:02,es,p75_net,N001-N004,4,2,3.2422379590570927,True,200
2026-01-23T17:48:02,sketch,p75_net,N001-N004,4,3,4.58982028067112,True,200
2026-01-23T17:48:02,es,p75_net,N001-N004,4,3,2.923250664025545,True,200
2026-01-23T17:48:02,sketch,p75_net,N001-N004,4,4,4.172479268163443,True,200
2026-01-23T17:48:02,es,p75_net,N001-N004,4,4,2.057695295661688,True,200
2026-01-23T17:48:02,sketch,p75_net,N001-N004,4,5,3.333028871566057,True,200
2026-01-23T17:48:02,es,p75_net,N001-N004,4,5,2.211968880146742,True,200
2026-01-23T17:48:02,sketch,p90_net,N001-N004,4,1,5.412240047007799,True,200
2026-01-23T17:48:02,es,p90_net,N001-N004,4,1,151.1723347939551,True,200
2026-01-23T17:48:02,sketch,p90_net,N001-N004,4,2,4.019712097942829,True,200
2026-01-23T17:48:02,es,p90_net,N001-N004,4,2,2.4072579108178616,True,200
2026-01-23T17:48:02,sketch,p90_net,N001-N004,4,3,3.5105389542877674,True,200
2026-01-23T17:48:02,es,p90_net,N001-N004,4,3,2.601692918688059,True,200
2026-01-23T17:48:02,sketch,p90_net,N001-N004,4,4,4.57814522087574,True,200
2026-01-23T17:48:02,es,p90_net,N001-N004,4,4,3.161806147545576,True,200
2026-01-23T17:48:02,sketch,p90_net,N001-N004,4,5,3.940601833164692,True,200
2026-01-23T17:48:03,es,p90_net,N001-N004,4,5,3.0989591032266617,True,200
2026-01-23T17:48:03,sketch,p25_p50_p75_p90_net,N001-N004,4,1,15.934105962514877,True,200
2026-01-23T17:48:03,es,p25_p50_p75_p90_net,N001-N004,4,1,168.69052220135927,True,200
2026-01-23T17:48:03,sketch,p25_p50_p75_p90_net,N001-N004,4,2,6.074696313589811,True,200
2026-01-23T17:48:03,es,p25_p50_p75_p90_net,N001-N004,4,2,3.699414897710085,True,200
2026-01-23T17:48:03,sketch,p25_p50_p75_p90_net,N001-N004,4,3,5.498685874044895,True,200
2026-01-23T17:48:03,es,p25_p50_p75_p90_net,N001-N004,4,3,3.5338420420885086,True,200
2026-01-23T17:48:03,sketch,p25_p50_p75_p90_net,N001-N004,4,4,5.4862829856574535,True,200
2026-01-23T17:48:03,es,p25_p50_p75_p90_net,N001-N004,4,4,3.4781116992235184,True,200
2026-01-23T17:48:03,sketch,p25_p50_p75_p90_net,N001-N004,4,5,5.38221700116992,True,200
2026-01-23T17:48:03,es,p25_p50_p75_p90_net,N001-N004,4,5,3.630802035331726,True,200
2026-01-23T17:48:03,sketch,cumulative_net,N001-N004,4,1,5.082036834210157,True,200
2026-01-23T17:48:03,es,cumulative_net,N001-N004,4,1,62.19300488010049,True,200
2026-01-23T17:48:03,sketch,cumulative_net,N001-N004,4,2,5.0201681442558765,True,200
2026-01-23T17:48:03,es,cumulative_net,N001-N004,4,2,2.8052227571606636,True,200
2026-01-23T17:48:03,sketch,cumulative_net,N001-N004,4,3,4.696139134466648,True,200
2026-01-23T17:48:03,es,cumulative_net,N001-N004,4,3,2.771521918475628,True,200
2026-01-23T17:48:03,sketch,cumulative_net,N001-N004,4,4,4.821506328880787,True,200
2026-01-23T17:48:03,es,cumulative_net,N001-N004,4,4,2.3038252256810665,True,200
2026-01-23T17:48:03,sketch,cumulative_net,N001-N004,4,5,3.726641647517681,True,200
2026-01-23T17:48:03,es,cumulative_net,N001-N004,4,5,2.3754998110234737,True,200
2026-01-23T17:48:03,sketch,p25_cpu_mem_net,N001-N004,4,1,7.977193221449852,True,200
2026-01-23T17:48:03,es,p25_cpu_mem_net,N001-N004,4,1,412.6744940876961,True,200
2026-01-23T17:48:03,sketch,p25_cpu_mem_net,N001-N004,4,2,5.641616880893707,True,200
2026-01-23T17:48:03,es,p25_cpu_mem_net,N001-N004,4,2,3.286201972514391,True,200
2026-01-23T17:48:03,sketch,p25_cpu_mem_net,N001-N004,4,3,4.925115965306759,True,200
2026-01-23T17:48:03,es,p25_cpu_mem_net,N001-N004,4,3,2.608274109661579,True,200
2026-01-23T17:48:03,sketch,p25_cpu_mem_net,N001-N004,4,4,4.274379927664995,True,200
2026-01-23T17:48:03,es,p25_cpu_mem_net,N001-N004,4,4,2.892813179641962,True,200
2026-01-23T17:48:03,sketch,p25_cpu_mem_net,N001-N004,4,5,5.218720063567162,True,200
2026-01-23T17:48:03,es,p25_cpu_mem_net,N001-N004,4,5,3.043580800294876,True,200
2026-01-23T17:48:03,sketch,p50_cpu_mem_net,N001-N004,4,1,13.849185779690742,True,200
2026-01-23T17:48:04,es,p50_cpu_mem_net,N001-N004,4,1,396.7347787693143,True,200
2026-01-23T17:48:04,sketch,p50_cpu_mem_net,N001-N004,4,2,5.362408235669136,True,200
2026-01-23T17:48:04,es,p50_cpu_mem_net,N001-N004,4,2,2.8539029881358147,True,200
2026-01-23T17:48:04,sketch,p50_cpu_mem_net,N001-N004,4,3,3.8000857457518578,True,200
2026-01-23T17:48:04,es,p50_cpu_mem_net,N001-N004,4,3,3.4883618354797363,True,200
2026-01-23T17:48:04,sketch,p50_cpu_mem_net,N001-N004,4,4,5.506352987140417,True,200
2026-01-23T17:48:04,es,p50_cpu_mem_net,N001-N004,4,4,3.4840661101043224,True,200
2026-01-23T17:48:04,sketch,p50_cpu_mem_net,N001-N004,4,5,4.71669714897871,True,200
2026-01-23T17:48:04,es,p50_cpu_mem_net,N001-N004,4,5,2.962365746498108,True,200
2026-01-23T17:48:04,sketch,p75_cpu_mem_net,N001-N004,4,1,13.816629070788622,True,200
2026-01-23T17:48:04,es,p75_cpu_mem_net,N001-N004,4,1,417.3263069242239,True,200
2026-01-23T17:48:04,sketch,p75_cpu_mem_net,N001-N004,4,2,6.020326167345047,True,200
2026-01-23T17:48:04,es,p75_cpu_mem_net,N001-N004,4,2,3.5316161811351776,True,200
2026-01-23T17:48:04,sketch,p75_cpu_mem_net,N001-N004,4,3,5.056758876889944,True,200
2026-01-23T17:48:04,es,p75_cpu_mem_net,N001-N004,4,3,3.856126219034195,True,200
2026-01-23T17:48:04,sketch,p75_cpu_mem_net,N001-N004,4,4,5.081771872937679,True,200
2026-01-23T17:48:04,es,p75_cpu_mem_net,N001-N004,4,4,2.6674550026655197,True,200
2026-01-23T17:48:04,sketch,p75_cpu_mem_net,N001-N004,4,5,4.363011103123426,True,200
2026-01-23T17:48:04,es,p75_cpu_mem_net,N001-N004,4,5,3.1269113533198833,True,200
2026-01-23T17:48:04,sketch,p90_cpu_mem_net,N001-N004,4,1,13.434987980872393,True,200
2026-01-23T17:48:05,es,p90_cpu_mem_net,N001-N004,4,1,414.8245742544532,True,200
2026-01-23T17:48:05,sketch,p90_cpu_mem_net,N001-N004,4,2,6.630617193877697,True,200
2026-01-23T17:48:05,es,p90_cpu_mem_net,N001-N004,4,2,4.129006061702967,True,200
2026-01-23T17:48:05,sketch,p90_cpu_mem_net,N001-N004,4,3,5.847723223268986,True,200
2026-01-23T17:48:05,es,p90_cpu_mem_net,N001-N004,4,3,3.7800390273332596,True,200
2026-01-23T17:48:05,sketch,p90_cpu_mem_net,N001-N004,4,4,5.835263058543205,True,200
2026-01-23T17:48:05,es,p90_cpu_mem_net,N001-N004,4,4,3.312341868877411,True,200
2026-01-23T17:48:05,sketch,p90_cpu_mem_net,N001-N004,4,5,5.622380878776312,True,200
2026-01-23T17:48:05,es,p90_cpu_mem_net,N001-N004,4,5,3.6700419150292873,True,200
2026-01-23T17:48:05,sketch,p25_p50_p75_p90_cpu_mem_net,N001-N004,4,1,40.2077198959887,True,200
2026-01-23T17:48:05,es,p25_p50_p75_p90_cpu_mem_net,N001-N004,4,1,427.69552301615477,True,200
2026-01-23T17:48:05,sketch,p25_p50_p75_p90_cpu_mem_net,N001-N004,4,2,6.180775817483664,True,200
2026-01-23T17:48:05,es,p25_p50_p75_p90_cpu_mem_net,N001-N004,4,2,2.9631382785737514,True,200
2026-01-23T17:48:05,sketch,p25_p50_p75_p90_cpu_mem_net,N001-N004,4,3,5.442311987280846,True,200
2026-01-23T17:48:05,es,p25_p50_p75_p90_cpu_mem_net,N001-N004,4,3,2.627176698297262,True,200
2026-01-23T17:48:05,sketch,p25_p50_p75_p90_cpu_mem_net,N001-N004,4,4,5.109527613967657,True,200
2026-01-23T17:48:05,es,p25_p50_p75_p90_cpu_mem_net,N001-N004,4,4,2.5268448516726494,True,200
2026-01-23T17:48:05,sketch,p25_p50_p75_p90_cpu_mem_net,N001-N004,4,5,4.865625873208046,True,200
2026-01-23T17:48:05,es,p25_p50_p75_p90_cpu_mem_net,N001-N004,4,5,2.3297490552067757,True,200
2026-01-23T17:48:05,sketch,cumulative_cpu_mem_net,N001-N004,4,1,3.447173163294792,True,200
2026-01-23T17:48:05,es,cumulative_cpu_mem_net,N001-N004,4,1,80.53090889006853,True,200
2026-01-23T17:48:05,sketch,cumulative_cpu_mem_net,N001-N004,4,2,4.334209952503443,True,200
2026-01-23T17:48:05,es,cumulative_cpu_mem_net,N001-N004,4,2,2.3413170129060745,True,200
2026-01-23T17:48:05,sketch,cumulative_cpu_mem_net,N001-N004,4,3,4.639694932848215,True,200
2026-01-23T17:48:05,es,cumulative_cpu_mem_net,N001-N004,4,3,2.3395088501274586,True,200
2026-01-23T17:48:05,sketch,cumulative_cpu_mem_net,N001-N004,4,4,3.336221445351839,True,200
2026-01-23T17:48:05,es,cumulative_cpu_mem_net,N001-N004,4,4,2.3495997302234173,True,200
2026-01-23T17:48:05,sketch,cumulative_cpu_mem_net,N001-N004,4,5,3.522060811519623,True,200
2026-01-23T17:48:05,es,cumulative_cpu_mem_net,N001-N004,4,5,2.0823972299695015,True,200
2026-01-23T17:48:05,sketch,top_cpu,N001-N004,4,1,3.052174113690853,True,200
2026-01-23T17:48:05,es,top_cpu,N001-N004,4,1,27.9072686098516,True,200
2026-01-23T17:48:05,sketch,top_cpu,N001-N004,4,2,4.042872227728367,True,200
2026-01-23T17:48:05,es,top_cpu,N001-N004,4,2,3.4587918780744076,True,200
2026-01-23T17:48:05,sketch,top_cpu,N001-N004,4,3,4.515326116234064,True,200
2026-01-23T17:48:05,es,top_cpu,N001-N004,4,3,3.327528014779091,True,200
2026-01-23T17:48:05,sketch,top_cpu,N001-N004,4,4,4.576686769723892,True,200
2026-01-23T17:48:05,es,top_cpu,N001-N004,4,4,3.0273040756583214,True,200
2026-01-23T17:48:05,sketch,top_cpu,N001-N004,4,5,2.9929070733487606,True,200
2026-01-23T17:48:05,es,top_cpu,N001-N004,4,5,1.7590769566595554,True,200
2026-01-23T17:48:05,sketch,top_mem,N001-N004,4,1,3.6336779594421387,True,200
2026-01-23T17:48:05,es,top_mem,N001-N004,4,1,26.239512022584677,True,200
2026-01-23T17:48:05,sketch,top_mem,N001-N004,4,2,3.945720847696066,True,200
2026-01-23T17:48:05,es,top_mem,N001-N004,4,2,2.0060460083186626,True,200
2026-01-23T17:48:05,sketch,top_mem,N001-N004,4,3,3.15749179571867,True,200
2026-01-23T17:48:05,es,top_mem,N001-N004,4,3,1.7317449674010277,True,200
2026-01-23T17:48:05,sketch,top_mem,N001-N004,4,4,3.5525397397577763,True,200
2026-01-23T17:48:05,es,top_mem,N001-N004,4,4,1.784641295671463,True,200
2026-01-23T17:48:05,sketch,top_mem,N001-N004,4,5,2.8840131126344204,True,200
2026-01-23T17:48:05,es,top_mem,N001-N004,4,5,1.735552679747343,True,200
2026-01-23T17:48:05,sketch,top_net,N001-N004,4,1,2.4107908830046654,True,200
2026-01-23T17:48:05,es,top_net,N001-N004,4,1,56.93007307127118,True,200
2026-01-23T17:48:05,sketch,top_net,N001-N004,4,2,4.865135997533798,True,200
2026-01-23T17:48:05,es,top_net,N001-N004,4,2,3.015944268554449,True,200
2026-01-23T17:48:05,sketch,top_net,N001-N004,4,3,4.88367909565568,True,200
2026-01-23T17:48:05,es,top_net,N001-N004,4,3,3.4418017603456974,True,200
2026-01-23T17:48:06,sketch,top_net,N001-N004,4,4,4.934168886393309,True,200
2026-01-23T17:48:06,es,top_net,N001-N004,4,4,3.4049958921968937,True,200
2026-01-23T17:48:06,sketch,top_net,N001-N004,4,5,4.924973007291555,True,200
2026-01-23T17:48:06,es,top_net,N001-N004,4,5,2.906177658587694,True,200
2026-01-23T17:48:06,sketch,p25_cpu,N001-N010,10,1,10.450099129229784,True,200
2026-01-23T17:48:06,es,p25_cpu,N001-N010,10,1,130.88391395285726,True,200
2026-01-23T17:48:06,sketch,p25_cpu,N001-N010,10,2,6.336779799312353,True,200
2026-01-23T17:48:06,es,p25_cpu,N001-N010,10,2,3.526141867041588,True,200
2026-01-23T17:48:06,sketch,p25_cpu,N001-N010,10,3,4.693956114351749,True,200
2026-01-23T17:48:06,es,p25_cpu,N001-N010,10,3,3.4462222829461098,True,200
2026-01-23T17:48:06,sketch,p25_cpu,N001-N010,10,4,5.513472948223352,True,200
2026-01-23T17:48:06,es,p25_cpu,N001-N010,10,4,3.2920362427830696,True,200
2026-01-23T17:48:06,sketch,p25_cpu,N001-N010,10,5,6.15900382399559,True,200
2026-01-23T17:48:06,es,p25_cpu,N001-N010,10,5,3.572721965610981,True,200
2026-01-23T17:48:06,sketch,p50_cpu,N001-N010,10,1,8.25050100684166,True,200
2026-01-23T17:48:06,es,p50_cpu,N001-N010,10,1,150.59354528784752,True,200
2026-01-23T17:48:06,sketch,p50_cpu,N001-N010,10,2,6.2823668122291565,True,200
2026-01-23T17:48:06,es,p50_cpu,N001-N010,10,2,2.935974858701229,True,200
2026-01-23T17:48:06,sketch,p50_cpu,N001-N010,10,3,5.863224156200886,True,200
2026-01-23T17:48:06,es,p50_cpu,N001-N010,10,3,2.836494706571102,True,200
2026-01-23T17:48:06,sketch,p50_cpu,N001-N010,10,4,4.955988842993975,True,200
2026-01-23T17:48:06,es,p50_cpu,N001-N010,10,4,2.3017292842268944,True,200
2026-01-23T17:48:06,sketch,p50_cpu,N001-N010,10,5,4.891423974186182,True,200
2026-01-23T17:48:06,es,p50_cpu,N001-N010,10,5,2.3005809634923935,True,200
2026-01-23T17:48:06,sketch,p75_cpu,N001-N010,10,1,9.712870698422194,True,200
2026-01-23T17:48:06,es,p75_cpu,N001-N010,10,1,168.23658905923367,True,200
2026-01-23T17:48:06,sketch,p75_cpu,N001-N010,10,2,5.226312670856714,True,200
2026-01-23T17:48:06,es,p75_cpu,N001-N010,10,2,3.351641818881035,True,200
2026-01-23T17:48:06,sketch,p75_cpu,N001-N010,10,3,5.801952909678221,True,200
2026-01-23T17:48:06,es,p75_cpu,N001-N010,10,3,3.6571817472577095,True,200
2026-01-23T17:48:06,sketch,p75_cpu,N001-N010,10,4,5.767581053078175,True,200
2026-01-23T17:48:06,es,p75_cpu,N001-N010,10,4,3.269550856202841,True,200
2026-01-23T17:48:06,sketch,p75_cpu,N001-N010,10,5,5.731712561100721,True,200
2026-01-23T17:48:06,es,p75_cpu,N001-N010,10,5,3.714309073984623,True,200
2026-01-23T17:48:06,sketch,p90_cpu,N001-N010,10,1,10.033065918833017,True,200
2026-01-23T17:48:06,es,p90_cpu,N001-N010,10,1,160.3528968989849,True,200
2026-01-23T17:48:06,sketch,p90_cpu,N001-N010,10,2,6.093400064855814,True,200
2026-01-23T17:48:06,es,p90_cpu,N001-N010,10,2,3.147892188280821,True,200
2026-01-23T17:48:06,sketch,p90_cpu,N001-N010,10,3,5.212006159126759,True,200
2026-01-23T17:48:06,es,p90_cpu,N001-N010,10,3,3.1801918521523476,True,200
2026-01-23T17:48:06,sketch,p90_cpu,N001-N010,10,4,3.8596228696405888,True,200
2026-01-23T17:48:06,es,p90_cpu,N001-N010,10,4,2.4558459408581257,True,200
2026-01-23T17:48:06,sketch,p90_cpu,N001-N010,10,5,4.780793096870184,True,200
2026-01-23T17:48:06,es,p90_cpu,N001-N010,10,5,2.571448218077421,True,200
2026-01-23T17:48:06,sketch,p25_p50_p75_p90_cpu,N001-N010,10,1,23.399630561470985,True,200
2026-01-23T17:48:07,es,p25_p50_p75_p90_cpu,N001-N010,10,1,147.94729324057698,True,200
2026-01-23T17:48:07,sketch,p25_p50_p75_p90_cpu,N001-N010,10,2,5.513779819011688,True,200
2026-01-23T17:48:07,es,p25_p50_p75_p90_cpu,N001-N010,10,2,2.409901935607195,True,200
2026-01-23T17:48:07,sketch,p25_p50_p75_p90_cpu,N001-N010,10,3,4.936876241117716,True,200
2026-01-23T17:48:07,es,p25_p50_p75_p90_cpu,N001-N010,10,3,2.7386299334466457,True,200
2026-01-23T17:48:07,sketch,p25_p50_p75_p90_cpu,N001-N010,10,4,5.087376106530428,True,200
2026-01-23T17:48:07,es,p25_p50_p75_p90_cpu,N001-N010,10,4,2.4285768158733845,True,200
2026-01-23T17:48:07,sketch,p25_p50_p75_p90_cpu,N001-N010,10,5,4.932879935950041,True,200
2026-01-23T17:48:07,es,p25_p50_p75_p90_cpu,N001-N010,10,5,2.6721260510385036,True,200
2026-01-23T17:48:07,sketch,cumulative_cpu,N001-N010,10,1,4.463386256247759,True,200
2026-01-23T17:48:07,es,cumulative_cpu,N001-N010,10,1,33.55123894289136,True,200
2026-01-23T17:48:07,sketch,cumulative_cpu,N001-N010,10,2,3.8333190605044365,True,200
2026-01-23T17:48:07,es,cumulative_cpu,N001-N010,10,2,2.85186804831028,True,200
2026-01-23T17:48:07,sketch,cumulative_cpu,N001-N010,10,3,4.907404072582722,True,200
2026-01-23T17:48:07,es,cumulative_cpu,N001-N010,10,3,2.798571716994047,True,200
2026-01-23T17:48:07,sketch,cumulative_cpu,N001-N010,10,4,4.823848605155945,True,200
2026-01-23T17:48:07,es,cumulative_cpu,N001-N010,10,4,2.6357402093708515,True,200
2026-01-23T17:48:07,sketch,cumulative_cpu,N001-N010,10,5,4.5058997347950935,True,200
2026-01-23T17:48:07,es,cumulative_cpu,N001-N010,10,5,2.691438887268305,True,200
2026-01-23T17:48:07,sketch,p25_mem,N001-N010,10,1,5.713836289942265,True,200
2026-01-23T17:48:07,es,p25_mem,N001-N010,10,1,139.96671186760068,True,200
2026-01-23T17:48:07,sketch,p25_mem,N001-N010,10,2,5.071804858744144,True,200
2026-01-23T17:48:07,es,p25_mem,N001-N010,10,2,2.2929818369448185,True,200
2026-01-23T17:48:07,sketch,p25_mem,N001-N010,10,3,4.722499754279852,True,200
2026-01-23T17:48:07,es,p25_mem,N001-N010,10,3,2.051885239779949,True,200
2026-01-23T17:48:07,sketch,p25_mem,N001-N010,10,4,4.950264003127813,True,200
2026-01-23T17:48:07,es,p25_mem,N001-N010,10,4,1.974250189960003,True,200
2026-01-23T17:48:07,sketch,p25_mem,N001-N010,10,5,4.649699199944735,True,200
2026-01-23T17:48:07,es,p25_mem,N001-N010,10,5,2.3914757184684277,True,200
2026-01-23T17:48:07,sketch,p50_mem,N001-N010,10,1,9.445847012102604,True,200
2026-01-23T17:48:07,es,p50_mem,N001-N010,10,1,151.92798804491758,True,200
2026-01-23T17:48:07,sketch,p50_mem,N001-N010,10,2,5.482781212776899,True,200
2026-01-23T17:48:07,es,p50_mem,N001-N010,10,2,3.6235623992979527,True,200
2026-01-23T17:48:07,sketch,p50_mem,N001-N010,10,3,5.760372616350651,True,200
2026-01-23T17:48:07,es,p50_mem,N001-N010,10,3,3.6206492222845554,True,200
2026-01-23T17:48:07,sketch,p50_mem,N001-N010,10,4,5.700250156223774,True,200
2026-01-23T17:48:07,es,p50_mem,N001-N010,10,4,3.271158318966627,True,200
2026-01-23T17:48:07,sketch,p50_mem,N001-N010,10,5,5.82745298743248,True,200
2026-01-23T17:48:07,es,p50_mem,N001-N010,10,5,3.2775718718767166,True,200
2026-01-23T17:48:07,sketch,p75_mem,N001-N010,10,1,10.562038980424404,True,200
2026-01-23T17:48:07,es,p75_mem,N001-N010,10,1,169.14087301120162,True,200
2026-01-23T17:48:07,sketch,p75_mem,N001-N010,10,2,5.810499656945467,True,200
2026-01-23T17:48:07,es,p75_mem,N001-N010,10,2,3.7749619223177433,True,200
2026-01-23T17:48:07,sketch,p75_mem,N001-N010,10,3,5.36365294829011,True,200
2026-01-23T17:48:07,es,p75_mem,N001-N010,10,3,3.1119659543037415,True,200
2026-01-23T17:48:07,sketch,p75_mem,N001-N010,10,4,4.53545618802309,True,200
2026-01-23T17:48:07,es,p75_mem,N001-N010,10,4,2.3972010239958763,True,200
2026-01-23T17:48:07,sketch,p75_mem,N001-N010,10,5,4.585625138133764,True,200
2026-01-23T17:48:07,es,p75_mem,N001-N010,10,5,2.2382400929927826,True,200
2026-01-23T17:48:07,sketch,p90_mem,N001-N010,10,1,9.400236885994673,True,200
2026-01-23T17:48:07,es,p90_mem,N001-N010,10,1,144.13452800363302,True,200
2026-01-23T17:48:07,sketch,p90_mem,N001-N010,10,2,6.21238024905324,True,200
2026-01-23T17:48:07,es,p90_mem,N001-N010,10,2,3.8252929225564003,True,200
2026-01-23T17:48:07,sketch,p90_mem,N001-N010,10,3,5.53952669724822,True,200
2026-01-23T17:48:07,es,p90_mem,N001-N010,10,3,3.6508459597826004,True,200
2026-01-23T17:48:07,sketch,p90_mem,N001-N010,10,4,4.900675732642412,True,200
2026-01-23T17:48:07,es,p90_mem,N001-N010,10,4,3.834994975477457,True,200
2026-01-23T17:48:07,sketch,p90_mem,N001-N010,10,5,5.3183832205832005,True,200
2026-01-23T17:48:07,es,p90_mem,N001-N010,10,5,3.5867090336978436,True,200
2026-01-23T17:48:07,sketch,p25_p50_p75_p90_mem,N001-N010,10,1,23.030252661556005,True,200
2026-01-23T17:48:08,es,p25_p50_p75_p90_mem,N001-N010,10,1,172.38836828619242,True,200
2026-01-23T17:48:08,sketch,p25_p50_p75_p90_mem,N001-N010,10,2,6.827660836279392,True,200
2026-01-23T17:48:08,es,p25_p50_p75_p90_mem,N001-N010,10,2,3.9608017541468143,True,200
2026-01-23T17:48:08,sketch,p25_p50_p75_p90_mem,N001-N010,10,3,6.193103734403849,True,200
2026-01-23T17:48:08,es,p25_p50_p75_p90_mem,N001-N010,10,3,3.7611089646816254,True,200
2026-01-23T17:48:08,sketch,p25_p50_p75_p90_mem,N001-N010,10,4,5.956149660050869,True,200
2026-01-23T17:48:08,es,p25_p50_p75_p90_mem,N001-N010,10,4,3.5521620884537697,True,200
2026-01-23T17:48:08,sketch,p25_p50_p75_p90_mem,N001-N010,10,5,5.378446076065302,True,200
2026-01-23T17:48:08,es,p25_p50_p75_p90_mem,N001-N010,10,5,3.5103117115795612,True,200
2026-01-23T17:48:08,sketch,cumulative_mem,N001-N010,10,1,5.084250122308731,True,200
2026-01-23T17:48:08,es,cumulative_mem,N001-N010,10,1,43.10655500739813,True,200
2026-01-23T17:48:08,sketch,cumulative_mem,N001-N010,10,2,4.649793263524771,True,200
2026-01-23T17:48:08,es,cumulative_mem,N001-N010,10,2,2.3643230088055134,True,200
2026-01-23T17:48:08,sketch,cumulative_mem,N001-N010,10,3,4.437319003045559,True,200
2026-01-23T17:48:08,es,cumulative_mem,N001-N010,10,3,2.2578262723982334,True,200
2026-01-23T17:48:08,sketch,cumulative_mem,N001-N010,10,4,4.012541845440865,True,200
2026-01-23T17:48:08,es,cumulative_mem,N001-N010,10,4,1.8182401545345783,True,200
2026-01-23T17:48:08,sketch,cumulative_mem,N001-N010,10,5,4.141137935221195,True,200
2026-01-23T17:48:08,es,cumulative_mem,N001-N010,10,5,2.032022923231125,True,200
2026-01-23T17:48:08,sketch,p25_net,N001-N010,10,1,9.681186638772488,True,200
2026-01-23T17:48:08,es,p25_net,N001-N010,10,1,142.61444797739387,True,200
2026-01-23T17:48:08,sketch,p25_net,N001-N010,10,2,5.941977258771658,True,200
2026-01-23T17:48:08,es,p25_net,N001-N010,10,2,3.223361913114786,True,200
2026-01-23T17:48:08,sketch,p25_net,N001-N010,10,3,5.147260148078203,True,200
2026-01-23T17:48:08,es,p25_net,N001-N010,10,3,3.1767147593200207,True,200
2026-01-23T17:48:08,sketch,p25_net,N001-N010,10,4,4.681299440562725,True,200
2026-01-23T17:48:08,es,p25_net,N001-N010,10,4,2.3510069586336613,True,200
2026-01-23T17:48:08,sketch,p25_net,N001-N010,10,5,4.44441381841898,True,200
2026-01-23T17:48:08,es,p25_net,N001-N010,10,5,3.7505049258470535,True,200
2026-01-23T17:48:08,sketch,p50_net,N001-N010,10,1,6.793186999857426,True,200
2026-01-23T17:48:08,es,p50_net,N001-N010,10,1,172.46255092322826,True,200
2026-01-23T17:48:08,sketch,p50_net,N001-N010,10,2,5.554390139877796,True,200
2026-01-23T17:48:08,es,p50_net,N001-N010,10,2,3.7823552265763283,True,200
2026-01-23T17:48:08,sketch,p50_net,N001-N010,10,3,5.779149942100048,True,200
2026-01-23T17:48:08,es,p50_net,N001-N010,10,3,3.603359218686819,True,200
2026-01-23T17:48:08,sketch,p50_net,N001-N010,10,4,5.582191981375217,True,200
2026-01-23T17:48:08,es,p50_net,N001-N010,10,4,3.2255351543426514,True,200
2026-01-23T17:48:08,sketch,p50_net,N001-N010,10,5,4.968665074557066,True,200
2026-01-23T17:48:08,es,p50_net,N001-N010,10,5,3.26348003000021,True,200
2026-01-23T17:48:08,sketch,p75_net,N001-N010,10,1,10.184960905462503,True,200
2026-01-23T17:48:08,es,p75_net,N001-N010,10,1,150.62427800148726,True,200
2026-01-23T17:48:08,sketch,p75_net,N001-N010,10,2,4.35818824917078,True,200
2026-01-23T17:48:08,es,p75_net,N001-N010,10,2,2.6688999496400356,True,200
2026-01-23T17:48:08,sketch,p75_net,N001-N010,10,3,5.269856657832861,True,200
2026-01-23T17:48:08,es,p75_net,N001-N010,10,3,2.960961777716875,True,200
2026-01-23T17:48:08,sketch,p75_net,N001-N010,10,4,5.2595799788832664,True,200
2026-01-23T17:48:08,es,p75_net,N001-N010,10,4,3.2046898268163204,True,200
2026-01-23T17:48:08,sketch,p75_net,N001-N010,10,5,4.48530213907361,True,200
2026-01-23T17:48:08,es,p75_net,N001-N010,10,5,3.24036693200469,True,200
2026-01-23T17:48:08,sketch,p90_net,N001-N010,10,1,8.160043973475695,True,200
2026-01-23T17:48:09,es,p90_net,N001-N010,10,1,149.02638690546155,True,200
2026-01-23T17:48:09,sketch,p90_net,N001-N010,10,2,4.024066962301731,True,200
2026-01-23T17:48:09,es,p90_net,N001-N010,10,2,3.206095192581415,True,200
2026-01-23T17:48:09,sketch,p90_net,N001-N010,10,3,5.130496341735125,True,200
2026-01-23T17:48:09,es,p90_net,N001-N010,10,3,3.3925678580999374,True,200
2026-01-23T17:48:09,sketch,p90_net,N001-N010,10,4,5.255753640085459,True,200
2026-01-23T17:48:09,es,p90_net,N001-N010,10,4,3.3946442417800426,True,200
2026-01-23T17:48:09,sketch,p90_net,N001-N010,10,5,5.43755991384387,True,200
2026-01-23T17:48:09,es,p90_net,N001-N010,10,5,3.5726791247725487,True,200
2026-01-23T17:48:09,sketch,p25_p50_p75_p90_net,N001-N010,10,1,23.840160109102726,True,200
2026-01-23T17:48:09,es,p25_p50_p75_p90_net,N001-N010,10,1,162.13782224804163,True,200
2026-01-23T17:48:09,sketch,p25_p50_p75_p90_net,N001-N010,10,2,6.212387233972549,True,200
2026-01-23T17:48:09,es,p25_p50_p75_p90_net,N001-N010,10,2,3.353254869580269,True,200
2026-01-23T17:48:09,sketch,p25_p50_p75_p90_net,N001-N010,10,3,5.9005869552493095,True,200
2026-01-23T17:48:09,es,p25_p50_p75_p90_net,N001-N010,10,3,3.5112081095576286,True,200
2026-01-23T17:48:09,sketch,p25_p50_p75_p90_net,N001-N010,10,4,6.104290019720793,True,200
2026-01-23T17:48:09,es,p25_p50_p75_p90_net,N001-N010,10,4,3.7317886017262936,True,200
2026-01-23T17:48:09,sketch,p25_p50_p75_p90_net,N001-N010,10,5,6.099281366914511,True,200
2026-01-23T17:48:09,es,p25_p50_p75_p90_net,N001-N010,10,5,3.83699219673872,True,200
2026-01-23T17:48:09,sketch,cumulative_net,N001-N010,10,1,5.641122814267874,True,200
2026-01-23T17:48:09,es,cumulative_net,N001-N010,10,1,41.59283824265003,True,200
2026-01-23T17:48:09,sketch,cumulative_net,N001-N010,10,2,5.732282996177673,True,200
2026-01-23T17:48:09,es,cumulative_net,N001-N010,10,2,3.437912091612816,True,200
2026-01-23T17:48:09,sketch,cumulative_net,N001-N010,10,3,13.064047321677208,True,200
2026-01-23T17:48:09,es,cumulative_net,N001-N010,10,3,9.468009229749441,True,200
2026-01-23T17:48:09,sketch,cumulative_net,N001-N010,10,4,5.717576015740633,True,200
2026-01-23T17:48:09,es,cumulative_net,N001-N010,10,4,2.5405921041965485,True,200
2026-01-23T17:48:09,sketch,cumulative_net,N001-N010,10,5,4.090359900146723,True,200
2026-01-23T17:48:09,es,cumulative_net,N001-N010,10,5,2.8213728219270706,True,200
2026-01-23T17:48:09,sketch,p25_cpu_mem_net,N001-N010,10,1,21.81866904720664,True,200
2026-01-23T17:48:09,es,p25_cpu_mem_net,N001-N010,10,1,400.9597743861377,True,200
2026-01-23T17:48:09,sketch,p25_cpu_mem_net,N001-N010,10,2,9.002401027828455,True,200
2026-01-23T17:48:09,es,p25_cpu_mem_net,N001-N010,10,2,4.826969932764769,True,200
2026-01-23T17:48:09,sketch,p25_cpu_mem_net,N001-N010,10,3,7.047673687338829,True,200
2026-01-23T17:48:09,es,p25_cpu_mem_net,N001-N010,10,3,4.281939007341862,True,200
2026-01-23T17:48:09,sketch,p25_cpu_mem_net,N001-N010,10,4,7.2154211811721325,True,200
2026-01-23T17:48:09,es,p25_cpu_mem_net,N001-N010,10,4,3.8799517787992954,True,200
2026-01-23T17:48:09,sketch,p25_cpu_mem_net,N001-N010,10,5,6.782896816730499,True,200
2026-01-23T17:48:09,es,p25_cpu_mem_net,N001-N010,10,5,4.2282831855118275,True,200
2026-01-23T17:48:09,sketch,p50_cpu_mem_net,N001-N010,10,1,19.01148771867156,True,200
2026-01-23T17:48:10,es,p50_cpu_mem_net,N001-N010,10,1,388.12954537570477,True,200
2026-01-23T17:48:10,sketch,p50_cpu_mem_net,N001-N010,10,2,5.681742914021015,True,200
2026-01-23T17:48:10,es,p50_cpu_mem_net,N001-N010,10,2,3.1697447411715984,True,200
2026-01-23T17:48:10,sketch,p50_cpu_mem_net,N001-N010,10,3,6.446718703955412,True,200
2026-01-23T17:48:10,es,p50_cpu_mem_net,N001-N010,10,3,3.120819106698036,True,200
2026-01-23T17:48:10,sketch,p50_cpu_mem_net,N001-N010,10,4,6.118645891547203,True,200
2026-01-23T17:48:10,es,p50_cpu_mem_net,N001-N010,10,4,2.9853670857846737,True,200
2026-01-23T17:48:10,sketch,p50_cpu_mem_net,N001-N010,10,5,6.223308853805065,True,200
2026-01-23T17:48:10,es,p50_cpu_mem_net,N001-N010,10,5,3.85206937789917,True,200
2026-01-23T17:48:10,sketch,p75_cpu_mem_net,N001-N010,10,1,20.983704831451178,True,200
2026-01-23T17:48:10,es,p75_cpu_mem_net,N001-N010,10,1,416.46505845710635,True,200
2026-01-23T17:48:10,sketch,p75_cpu_mem_net,N001-N010,10,2,6.338314153254032,True,200
2026-01-23T17:48:10,es,p75_cpu_mem_net,N001-N010,10,2,4.056908655911684,True,200
2026-01-23T17:48:10,sketch,p75_cpu_mem_net,N001-N010,10,3,5.137097090482712,True,200
2026-01-23T17:48:10,es,p75_cpu_mem_net,N001-N010,10,3,4.149805288761854,True,200
2026-01-23T17:48:10,sketch,p75_cpu_mem_net,N001-N010,10,4,5.139876157045364,True,200
2026-01-23T17:48:10,es,p75_cpu_mem_net,N001-N010,10,4,3.8240491412580013,True,200
2026-01-23T17:48:10,sketch,p75_cpu_mem_net,N001-N010,10,5,5.271865986287594,True,200
2026-01-23T17:48:10,es,p75_cpu_mem_net,N001-N010,10,5,4.287357907742262,True,200
2026-01-23T17:48:10,sketch,p90_cpu_mem_net,N001-N010,10,1,11.141986586153507,True,200
2026-01-23T17:48:11,es,p90_cpu_mem_net,N001-N010,10,1,409.7200585529208,True,200
2026-01-23T17:48:11,sketch,p90_cpu_mem_net,N001-N010,10,2,8.47869087010622,True,200
2026-01-23T17:48:11,es,p90_cpu_mem_net,N001-N010,10,2,3.9063417352735996,True,200
2026-01-23T17:48:11,sketch,p90_cpu_mem_net,N001-N010,10,3,6.013170816004276,True,200
2026-01-23T17:48:11,es,p90_cpu_mem_net,N001-N010,10,3,3.7159952335059643,True,200
2026-01-23T17:48:11,sketch,p90_cpu_mem_net,N001-N010,10,4,5.403819959610701,True,200
2026-01-23T17:48:11,es,p90_cpu_mem_net,N001-N010,10,4,3.72999906539917,True,200
2026-01-23T17:48:11,sketch,p90_cpu_mem_net,N001-N010,10,5,4.768257029354572,True,200
2026-01-23T17:48:11,es,p90_cpu_mem_net,N001-N010,10,5,3.7900321185588837,True,200
2026-01-23T17:48:11,sketch,p25_p50_p75_p90_cpu_mem_net,N001-N010,10,1,58.491408824920654,True,200
2026-01-23T17:48:11,es,p25_p50_p75_p90_cpu_mem_net,N001-N010,10,1,408.64948788657784,True,200
2026-01-23T17:48:11,sketch,p25_p50_p75_p90_cpu_mem_net,N001-N010,10,2,8.995465002954006,True,200
2026-01-23T17:48:11,es,p25_p50_p75_p90_cpu_mem_net,N001-N010,10,2,4.6350001357495785,True,200
2026-01-23T17:48:11,sketch,p25_p50_p75_p90_cpu_mem_net,N001-N010,10,3,8.358425926417112,True,200
2026-01-23T17:48:11,es,p25_p50_p75_p90_cpu_mem_net,N001-N010,10,3,4.080789163708687,True,200
2026-01-23T17:48:11,sketch,p25_p50_p75_p90_cpu_mem_net,N001-N010,10,4,57.09623405709863,True,200
2026-01-23T17:48:11,es,p25_p50_p75_p90_cpu_mem_net,N001-N010,10,4,4.029621835798025,True,200
2026-01-23T17:48:11,sketch,p25_p50_p75_p90_cpu_mem_net,N001-N010,10,5,5.793299991637468,True,200
2026-01-23T17:48:11,es,p25_p50_p75_p90_cpu_mem_net,N001-N010,10,5,3.868255764245987,True,200
2026-01-23T17:48:11,sketch,cumulative_cpu_mem_net,N001-N010,10,1,5.167292896658182,True,200
2026-01-23T17:48:12,es,cumulative_cpu_mem_net,N001-N010,10,1,82.54244737327099,True,200
2026-01-23T17:48:12,sketch,cumulative_cpu_mem_net,N001-N010,10,2,7.732394151389599,True,200
2026-01-23T17:48:12,es,cumulative_cpu_mem_net,N001-N010,10,2,3.09207197278738,True,200
2026-01-23T17:48:12,sketch,cumulative_cpu_mem_net,N001-N010,10,3,6.103022955358028,True,200
2026-01-23T17:48:12,es,cumulative_cpu_mem_net,N001-N010,10,3,3.2627652399241924,True,200
2026-01-23T17:48:12,sketch,cumulative_cpu_mem_net,N001-N010,10,4,6.820283830165863,True,200
2026-01-23T17:48:12,es,cumulative_cpu_mem_net,N001-N010,10,4,3.201922867447138,True,200
2026-01-23T17:48:12,sketch,cumulative_cpu_mem_net,N001-N010,10,5,4.823039285838604,True,200
2026-01-23T17:48:12,es,cumulative_cpu_mem_net,N001-N010,10,5,3.3060978166759014,True,200
2026-01-23T17:48:12,sketch,top_cpu,N001-N010,10,1,3.962933085858822,True,200
2026-01-23T17:48:12,es,top_cpu,N001-N010,10,1,28.38488295674324,True,200
2026-01-23T17:48:12,sketch,top_cpu,N001-N010,10,2,4.994913004338741,True,200
2026-01-23T17:48:12,es,top_cpu,N001-N010,10,2,3.5287649370729923,True,200
2026-01-23T17:48:12,sketch,top_cpu,N001-N010,10,3,4.30595176294446,True,200
2026-01-23T17:48:12,es,top_cpu,N001-N010,10,3,3.4025651402771473,True,200
2026-01-23T17:48:12,sketch,top_cpu,N001-N010,10,4,5.136352963745594,True,200
2026-01-23T17:48:12,es,top_cpu,N001-N010,10,4,3.379952162504196,True,200
2026-01-23T17:48:12,sketch,top_cpu,N001-N010,10,5,4.689662251621485,True,200
2026-01-23T17:48:12,es,top_cpu,N001-N010,10,5,3.444171976298094,True,200
2026-01-23T17:48:12,sketch,top_mem,N001-N010,10,1,4.721156787127256,True,200
2026-01-23T17:48:12,es,top_mem,N001-N010,10,1,56.55105924233794,True,200
2026-01-23T17:48:12,sketch,top_mem,N001-N010,10,2,4.553244914859533,True,200
2026-01-23T17:48:12,es,top_mem,N001-N010,10,2,3.1994562596082687,True,200
2026-01-23T17:48:12,sketch,top_mem,N001-N010,10,3,4.627679008990526,True,200
2026-01-23T17:48:12,es,top_mem,N001-N010,10,3,3.0028182081878185,True,200
2026-01-23T17:48:12,sketch,top_mem,N001-N010,10,4,4.477162379771471,True,200
2026-01-23T17:48:12,es,top_mem,N001-N010,10,4,3.365775104612112,True,200
2026-01-23T17:48:12,sketch,top_mem,N001-N010,10,5,4.02919901534915,True,200
2026-01-23T17:48:12,es,top_mem,N001-N010,10,5,3.0097607523202896,True,200
2026-01-23T17:48:12,sketch,top_net,N001-N010,10,1,4.8566702753305435,True,200
2026-01-23T17:48:12,es,top_net,N001-N010,10,1,28.433300089091063,True,200
2026-01-23T17:48:12,sketch,top_net,N001-N010,10,2,4.169846884906292,True,200
2026-01-23T17:48:12,es,top_net,N001-N010,10,2,2.985777799040079,True,200
2026-01-23T17:48:12,sketch,top_net,N001-N010,10,3,4.099016077816486,True,200
2026-01-23T17:48:12,es,top_net,N001-N010,10,3,3.205798100680113,True,200
2026-01-23T17:48:12,sketch,top_net,N001-N010,10,4,3.378658089786768,True,200
2026-01-23T17:48:12,es,top_net,N001-N010,10,4,2.2244309075176716,True,200
2026-01-23T17:48:12,sketch,top_net,N001-N010,10,5,2.959371078759432,True,200
2026-01-23T17:48:12,es,top_net,N001-N010,10,5,2.4146237410604954,True,200
2026-01-23T17:48:12,sketch,p25_cpu,N001-N030,30,1,8.516195230185986,True,200
2026-01-23T17:48:12,es,p25_cpu,N001-N030,30,1,144.25424207001925,True,200
2026-01-23T17:48:12,sketch,p25_cpu,N001-N030,30,2,5.996782798320055,True,200
2026-01-23T17:48:12,es,p25_cpu,N001-N030,30,2,3.7861219607293606,True,200
2026-01-23T17:48:12,sketch,p25_cpu,N001-N030,30,3,7.074983790516853,True,200
2026-01-23T17:48:12,es,p25_cpu,N001-N030,30,3,3.90125485137105,True,200
2026-01-23T17:48:12,sketch,p25_cpu,N001-N030,30,4,5.283567123115063,True,200
2026-01-23T17:48:12,es,p25_cpu,N001-N030,30,4,3.388970158994198,True,200
2026-01-23T17:48:12,sketch,p25_cpu,N001-N030,30,5,6.992337293922901,True,200
2026-01-23T17:48:12,es,p25_cpu,N001-N030,30,5,4.109421744942665,True,200
2026-01-23T17:48:12,sketch,p50_cpu,N001-N030,30,1,16.687722876667976,True,200
2026-01-23T17:48:12,es,p50_cpu,N001-N030,30,1,161.83553403243423,True,200
2026-01-23T17:48:12,sketch,p50_cpu,N001-N030,30,2,7.733467034995556,True,200
2026-01-23T17:48:12,es,p50_cpu,N001-N030,30,2,3.982315305620432,True,200
2026-01-23T17:48:12,sketch,p50_cpu,N001-N030,30,3,5.4658860899508,True,200
2026-01-23T17:48:12,es,p50_cpu,N001-N030,30,3,3.675761166960001,True,200
2026-01-23T17:48:12,sketch,p50_cpu,N001-N030,30,4,6.643436383455992,True,200
2026-01-23T17:48:12,es,p50_cpu,N001-N030,30,4,2.4651680141687393,True,200
2026-01-23T17:48:12,sketch,p50_cpu,N001-N030,30,5,5.537136923521757,True,200
2026-01-23T17:48:12,es,p50_cpu,N001-N030,30,5,2.482067793607712,True,200
2026-01-23T17:48:12,sketch,p75_cpu,N001-N030,30,1,15.751149971038103,True,200
2026-01-23T17:48:12,es,p75_cpu,N001-N030,30,1,164.35881238430738,True,200
2026-01-23T17:48:12,sketch,p75_cpu,N001-N030,30,2,5.235317163169384,True,200
2026-01-23T17:48:12,es,p75_cpu,N001-N030,30,2,2.5717481039464474,True,200
2026-01-23T17:48:12,sketch,p75_cpu,N001-N030,30,3,4.826973658055067,True,200
2026-01-23T17:48:12,es,p75_cpu,N001-N030,30,3,2.199362963438034,True,200
2026-01-23T17:48:13,sketch,p75_cpu,N001-N030,30,4,4.115917719900608,True,200
2026-01-23T17:48:13,es,p75_cpu,N001-N030,30,4,2.379575278609991,True,200
2026-01-23T17:48:13,sketch,p75_cpu,N001-N030,30,5,3.931241575628519,True,200
2026-01-23T17:48:13,es,p75_cpu,N001-N030,30,5,2.183510921895504,True,200
2026-01-23T17:48:13,sketch,p90_cpu,N001-N030,30,1,8.029475808143616,True,200
2026-01-23T17:48:13,es,p90_cpu,N001-N030,30,1,145.9675133228302,True,200
2026-01-23T17:48:13,sketch,p90_cpu,N001-N030,30,2,6.559823639690876,True,200
2026-01-23T17:48:13,es,p90_cpu,N001-N030,30,2,3.366535995155573,True,200
2026-01-23T17:48:13,sketch,p90_cpu,N001-N030,30,3,4.996953997761011,True,200
2026-01-23T17:48:13,es,p90_cpu,N001-N030,30,3,2.8179469518363476,True,200
2026-01-23T17:48:13,sketch,p90_cpu,N001-N030,30,4,4.904353059828281,True,200
2026-01-23T17:48:13,es,p90_cpu,N001-N030,30,4,2.75855278596282,True,200
2026-01-23T17:48:13,sketch,p90_cpu,N001-N030,30,5,6.358608137816191,True,200
2026-01-23T17:48:13,es,p90_cpu,N001-N030,30,5,2.4582771584391594,True,200
2026-01-23T17:48:13,sketch,p25_p50_p75_p90_cpu,N001-N030,30,1,43.689226265996695,True,200
2026-01-23T17:48:13,es,p25_p50_p75_p90_cpu,N001-N030,30,1,172.0748241059482,True,200
2026-01-23T17:48:13,sketch,p25_p50_p75_p90_cpu,N001-N030,30,2,8.974576834589243,True,200
2026-01-23T17:48:13,es,p25_p50_p75_p90_cpu,N001-N030,30,2,3.947631921619177,True,200
2026-01-23T17:48:13,sketch,p25_p50_p75_p90_cpu,N001-N030,30,3,7.397681940346956,True,200
2026-01-23T17:48:13,es,p25_p50_p75_p90_cpu,N001-N030,30,3,3.8404492661356926,True,200
2026-01-23T17:48:13,sketch,p25_p50_p75_p90_cpu,N001-N030,30,4,7.280077785253525,True,200
2026-01-23T17:48:13,es,p25_p50_p75_p90_cpu,N001-N030,30,4,3.1369817443192005,True,200
2026-01-23T17:48:13,sketch,p25_p50_p75_p90_cpu,N001-N030,30,5,6.77822669968009,True,200
2026-01-23T17:48:13,es,p25_p50_p75_p90_cpu,N001-N030,30,5,2.9806061647832394,True,200
2026-01-23T17:48:13,sketch,cumulative_cpu,N001-N030,30,1,6.056460086256266,True,200
2026-01-23T17:48:13,es,cumulative_cpu,N001-N030,30,1,50.42185494676232,True,200
2026-01-23T17:48:13,sketch,cumulative_cpu,N001-N030,30,2,6.667203735560179,True,200
2026-01-23T17:48:13,es,cumulative_cpu,N001-N030,30,2,3.2157073728740215,True,200
2026-01-23T17:48:13,sketch,cumulative_cpu,N001-N030,30,3,6.150008179247379,True,200
2026-01-23T17:48:13,es,cumulative_cpu,N001-N030,30,3,3.2942239195108414,True,200
2026-01-23T17:48:13,sketch,cumulative_cpu,N001-N030,30,4,6.592453923076391,True,200
2026-01-23T17:48:13,es,cumulative_cpu,N001-N030,30,4,3.0182721093297005,True,200
2026-01-23T17:48:13,sketch,cumulative_cpu,N001-N030,30,5,5.409879609942436,True,200
2026-01-23T17:48:13,es,cumulative_cpu,N001-N030,30,5,3.0108303762972355,True,200
2026-01-23T17:48:13,sketch,p25_mem,N001-N030,30,1,9.3346550129354,True,200
2026-01-23T17:48:13,es,p25_mem,N001-N030,30,1,144.44035617634654,True,200
2026-01-23T17:48:13,sketch,p25_mem,N001-N030,30,2,8.332319092005491,True,200
2026-01-23T17:48:13,es,p25_mem,N001-N030,30,2,3.937925212085247,True,200
2026-01-23T17:48:13,sketch,p25_mem,N001-N030,30,3,7.044680882245302,True,200
2026-01-23T17:48:13,es,p25_mem,N001-N030,30,3,3.766209352761507,True,200
2026-01-23T17:48:13,sketch,p25_mem,N001-N030,30,4,6.84175081551075,True,200
2026-01-23T17:48:13,es,p25_mem,N001-N030,30,4,2.8250860050320625,True,200
2026-01-23T17:48:13,sketch,p25_mem,N001-N030,30,5,6.273994687944651,True,200
2026-01-23T17:48:13,es,p25_mem,N001-N030,30,5,2.397464122623205,True,200
2026-01-23T17:48:13,sketch,p50_mem,N001-N030,30,1,9.080281015485525,True,200
2026-01-23T17:48:14,es,p50_mem,N001-N030,30,1,168.44458412379026,True,200
2026-01-23T17:48:14,sketch,p50_mem,N001-N030,30,2,8.02985392510891,True,200
2026-01-23T17:48:14,es,p50_mem,N001-N030,30,2,4.27589938044548,True,200
2026-01-23T17:48:14,sketch,p50_mem,N001-N030,30,3,7.478214334696531,True,200
2026-01-23T17:48:14,es,p50_mem,N001-N030,30,3,4.138729069381952,True,200
2026-01-23T17:48:14,sketch,p50_mem,N001-N030,30,4,7.369454018771648,True,200
2026-01-23T17:48:14,es,p50_mem,N001-N030,30,4,3.8909870199859142,True,200
2026-01-23T17:48:14,sketch,p50_mem,N001-N030,30,5,7.535699754953384,True,200
2026-01-23T17:48:14,es,p50_mem,N001-N030,30,5,3.9860461838543415,True,200
2026-01-23T17:48:14,sketch,p75_mem,N001-N030,30,1,17.241683322936296,True,200
2026-01-23T17:48:14,es,p75_mem,N001-N030,30,1,164.88944413140416,True,200
2026-01-23T17:48:14,sketch,p75_mem,N001-N030,30,2,6.286445073783398,True,200
2026-01-23T17:48:14,es,p75_mem,N001-N030,30,2,3.964062314480543,True,200
2026-01-23T17:48:14,sketch,p75_mem,N001-N030,30,3,7.241364102810621,True,200
2026-01-23T17:48:14,es,p75_mem,N001-N030,30,3,3.9332560263574123,True,200
2026-01-23T17:48:14,sketch,p75_mem,N001-N030,30,4,7.1057407185435295,True,200
2026-01-23T17:48:14,es,p75_mem,N001-N030,30,4,3.804889041930437,True,200
2026-01-23T17:48:14,sketch,p75_mem,N001-N030,30,5,5.033798981457949,True,200
2026-01-23T17:48:14,es,p75_mem,N001-N030,30,5,4.102935083210468,True,200
2026-01-23T17:48:14,sketch,p90_mem,N001-N030,30,1,16.94647315889597,True,200
2026-01-23T17:48:14,es,p90_mem,N001-N030,30,1,149.01510812342167,True,200
2026-01-23T17:48:14,sketch,p90_mem,N001-N030,30,2,6.589172873646021,True,200
2026-01-23T17:48:14,es,p90_mem,N001-N030,30,2,2.9461951926350594,True,200
2026-01-23T17:48:14,sketch,p90_mem,N001-N030,30,3,6.053625140339136,True,200
2026-01-23T17:48:14,es,p90_mem,N001-N030,30,3,2.4595987051725388,True,200
2026-01-23T17:48:14,sketch,p90_mem,N001-N030,30,4,5.886495113372803,True,200
2026-01-23T17:48:14,es,p90_mem,N001-N030,30,4,2.849767915904522,True,200
2026-01-23T17:48:14,sketch,p90_mem,N001-N030,30,5,5.929848179221153,True,200
2026-01-23T17:48:14,es,p90_mem,N001-N030,30,5,2.939597237855196,True,200
2026-01-23T17:48:14,sketch,p25_p50_p75_p90_mem,N001-N030,30,1,43.057543225586414,True,200
2026-01-23T17:48:14,es,p25_p50_p75_p90_mem,N001-N030,30,1,174.6586482040584,True,200
2026-01-23T17:48:14,sketch,p25_p50_p75_p90_mem,N001-N030,30,2,7.330920081585646,True,200
2026-01-23T17:48:14,es,p25_p50_p75_p90_mem,N001-N030,30,2,4.132573027163744,True,200
2026-01-23T17:48:14,sketch,p25_p50_p75_p90_mem,N001-N030,30,3,7.7546280808746815,True,200
2026-01-23T17:48:14,es,p25_p50_p75_p90_mem,N001-N030,30,3,4.244870040565729,True,200
2026-01-23T17:48:14,sketch,p25_p50_p75_p90_mem,N001-N030,30,4,7.877291180193424,True,200
2026-01-23T17:48:14,es,p25_p50_p75_p90_mem,N001-N030,30,4,3.5132686607539654,True,200
2026-01-23T17:48:14,sketch,p25_p50_p75_p90_mem,N001-N030,30,5,6.758364848792553,True,200
2026-01-23T17:48:14,es,p25_p50_p75_p90_mem,N001-N030,30,5,3.2059550285339355,True,200
2026-01-23T17:48:14,sketch,cumulative_mem,N001-N030,30,1,6.240198854357004,True,200
2026-01-23T17:48:14,es,cumulative_mem,N001-N030,30,1,43.68555685505271,True,200
2026-01-23T17:48:14,sketch,cumulative_mem,N001-N030,30,2,4.879794083535671,True,200
2026-01-23T17:48:14,es,cumulative_mem,N001-N030,30,2,2.9833130538463593,True,200
2026-01-23T17:48:14,sketch,cumulative_mem,N001-N030,30,3,4.501380957663059,True,200
2026-01-23T17:48:14,es,cumulative_mem,N001-N030,30,3,2.4895379319787025,True,200
2026-01-23T17:48:14,sketch,cumulative_mem,N001-N030,30,4,5.92889403924346,True,200
2026-01-23T17:48:14,es,cumulative_mem,N001-N030,30,4,2.3773210123181343,True,200
2026-01-23T17:48:14,sketch,cumulative_mem,N001-N030,30,5,5.903148092329502,True,200
2026-01-23T17:48:14,es,cumulative_mem,N001-N030,30,5,2.346922177821398,True,200
2026-01-23T17:48:15,sketch,p25_net,N001-N030,30,1,15.691068023443222,True,200
2026-01-23T17:48:15,es,p25_net,N001-N030,30,1,155.1422136835754,True,200
2026-01-23T17:48:15,sketch,p25_net,N001-N030,30,2,5.697549786418676,True,200
2026-01-23T17:48:15,es,p25_net,N001-N030,30,2,3.396635875105858,True,200
2026-01-23T17:48:15,sketch,p25_net,N001-N030,30,3,4.050737246870995,True,200
2026-01-23T17:48:15,es,p25_net,N001-N030,30,3,2.9501239769160748,True,200
2026-01-23T17:48:15,sketch,p25_net,N001-N030,30,4,6.0771978460252285,True,200
2026-01-23T17:48:15,es,p25_net,N001-N030,30,4,2.948360051959753,True,200
2026-01-23T17:48:15,sketch,p25_net,N001-N030,30,5,4.003175999969244,True,200
2026-01-23T17:48:15,es,p25_net,N001-N030,30,5,2.9411599971354008,True,200
2026-01-23T17:48:15,sketch,p50_net,N001-N030,30,1,8.916445076465607,True,200
2026-01-23T17:48:15,es,p50_net,N001-N030,30,1,150.83666890859604,True,200
2026-01-23T17:48:15,sketch,p50_net,N001-N030,30,2,7.635042071342468,True,200
2026-01-23T17:48:15,es,p50_net,N001-N030,30,2,3.064095973968506,True,200
2026-01-23T17:48:15,sketch,p50_net,N001-N030,30,3,7.208768744021654,True,200
2026-01-23T17:48:15,es,p50_net,N001-N030,30,3,3.285757265985012,True,200
2026-01-23T17:48:15,sketch,p50_net,N001-N030,30,4,7.040019147098064,True,200
2026-01-23T17:48:15,es,p50_net,N001-N030,30,4,3.1055468134582043,True,200
2026-01-23T17:48:15,sketch,p50_net,N001-N030,30,5,5.604512989521027,True,200
2026-01-23T17:48:15,es,p50_net,N001-N030,30,5,6.213652901351452,True,200
2026-01-23T17:48:15,sketch,p75_net,N001-N030,30,1,16.713621094822884,True,200
2026-01-23T17:48:15,es,p75_net,N001-N030,30,1,147.59716810658574,True,200
2026-01-23T17:48:15,sketch,p75_net,N001-N030,30,2,8.316924329847097,True,200
2026-01-23T17:48:15,es,p75_net,N001-N030,30,2,3.8295090198516846,True,200
2026-01-23T17:48:15,sketch,p75_net,N001-N030,30,3,7.555961143225431,True,200
2026-01-23T17:48:15,es,p75_net,N001-N030,30,3,3.4363879822194576,True,200
2026-01-23T17:48:15,sketch,p75_net,N001-N030,30,4,7.104014046490192,True,200
2026-01-23T17:48:15,es,p75_net,N001-N030,30,4,2.5556832551956177,True,200
2026-01-23T17:48:15,sketch,p75_net,N001-N030,30,5,5.87771600112319,True,200
2026-01-23T17:48:15,es,p75_net,N001-N030,30,5,2.4407082237303257,True,200
2026-01-23T17:48:15,sketch,p90_net,N001-N030,30,1,16.004045959562063,True,200
2026-01-23T17:48:15,es,p90_net,N001-N030,30,1,158.10742089524865,True,200
2026-01-23T17:48:15,sketch,p90_net,N001-N030,30,2,8.35705129429698,True,200
2026-01-23T17:48:15,es,p90_net,N001-N030,30,2,4.155824892222881,True,200
2026-01-23T17:48:15,sketch,p90_net,N001-N030,30,3,7.508213631808758,True,200
2026-01-23T17:48:15,es,p90_net,N001-N030,30,3,4.113376140594482,True,200
2026-01-23T17:48:15,sketch,p90_net,N001-N030,30,4,7.532286923378706,True,200
2026-01-23T17:48:15,es,p90_net,N001-N030,30,4,3.946600016206503,True,200
2026-01-23T17:48:15,sketch,p90_net,N001-N030,30,5,5.328257102519274,True,200
2026-01-23T17:48:15,es,p90_net,N001-N030,30,5,3.9163962937891483,True,200
2026-01-23T17:48:15,sketch,p25_p50_p75_p90_net,N001-N030,30,1,44.07393792644143,True,200
2026-01-23T17:48:16,es,p25_p50_p75_p90_net,N001-N030,30,1,167.82541805878282,True,200
2026-01-23T17:48:16,sketch,p25_p50_p75_p90_net,N001-N030,30,2,7.792531047016382,True,200
2026-01-23T17:48:16,es,p25_p50_p75_p90_net,N001-N030,30,2,4.097762051969767,True,200
2026-01-23T17:48:16,sketch,p25_p50_p75_p90_net,N001-N030,30,3,8.439233060926199,True,200
2026-01-23T17:48:16,es,p25_p50_p75_p90_net,N001-N030,30,3,3.905497957020998,True,200
2026-01-23T17:48:16,sketch,p25_p50_p75_p90_net,N001-N030,30,4,6.477341987192631,True,200
2026-01-23T17:48:16,es,p25_p50_p75_p90_net,N001-N030,30,4,3.299275878816843,True,200
2026-01-23T17:48:16,sketch,p25_p50_p75_p90_net,N001-N030,30,5,8.207251317799091,True,200
2026-01-23T17:48:16,es,p25_p50_p75_p90_net,N001-N030,30,5,3.2093622721731663,True,200
2026-01-23T17:48:16,sketch,cumulative_net,N001-N030,30,1,6.83405390009284,True,200
2026-01-23T17:48:16,es,cumulative_net,N001-N030,30,1,46.45133903250098,True,200
2026-01-23T17:48:16,sketch,cumulative_net,N001-N030,30,2,5.813745316118002,True,200
2026-01-23T17:48:16,es,cumulative_net,N001-N030,30,2,2.5791646912693977,True,200
2026-01-23T17:48:16,sketch,cumulative_net,N001-N030,30,3,6.255806889384985,True,200
2026-01-23T17:48:16,es,cumulative_net,N001-N030,30,3,2.9387623071670532,True,200
2026-01-23T17:48:16,sketch,cumulative_net,N001-N030,30,4,5.138348788022995,True,200
2026-01-23T17:48:16,es,cumulative_net,N001-N030,30,4,2.5728517211973667,True,200
2026-01-23T17:48:16,sketch,cumulative_net,N001-N030,30,5,5.8681839145720005,True,200
2026-01-23T17:48:16,es,cumulative_net,N001-N030,30,5,2.466471865773201,True,200
2026-01-23T17:48:16,sketch,p25_cpu_mem_net,N001-N030,30,1,43.9746817573905,True,200
2026-01-23T17:48:16,es,p25_cpu_mem_net,N001-N030,30,1,428.1723420135677,True,200
2026-01-23T17:48:16,sketch,p25_cpu_mem_net,N001-N030,30,2,15.208569820970297,True,200
2026-01-23T17:48:16,es,p25_cpu_mem_net,N001-N030,30,2,5.300377029925585,True,200
2026-01-23T17:48:16,sketch,p25_cpu_mem_net,N001-N030,30,3,44.086458161473274,True,200
2026-01-23T17:48:16,es,p25_cpu_mem_net,N001-N030,30,3,4.430622793734074,True,200
2026-01-23T17:48:16,sketch,p25_cpu_mem_net,N001-N030,30,4,13.83547531440854,True,200
2026-01-23T17:48:16,es,p25_cpu_mem_net,N001-N030,30,4,4.054099787026644,True,200
2026-01-23T17:48:16,sketch,p25_cpu_mem_net,N001-N030,30,5,12.701628729701042,True,200
2026-01-23T17:48:16,es,p25_cpu_mem_net,N001-N030,30,5,3.908773884177208,True,200
2026-01-23T17:48:16,sketch,p50_cpu_mem_net,N001-N030,30,1,40.66931502893567,True,200
2026-01-23T17:48:17,es,p50_cpu_mem_net,N001-N030,30,1,413.87492418289185,True,200
2026-01-23T17:48:17,sketch,p50_cpu_mem_net,N001-N030,30,2,13.799721840769053,True,200
2026-01-23T17:48:17,es,p50_cpu_mem_net,N001-N030,30,2,5.131166893988848,True,200
2026-01-23T17:48:17,sketch,p50_cpu_mem_net,N001-N030,30,3,12.876234017312527,True,200
2026-01-23T17:48:17,es,p50_cpu_mem_net,N001-N030,30,3,4.82945004478097,True,200
2026-01-23T17:48:17,sketch,p50_cpu_mem_net,N001-N030,30,4,41.72518104314804,True,200
2026-01-23T17:48:17,es,p50_cpu_mem_net,N001-N030,30,4,4.80172922834754,True,200
2026-01-23T17:48:17,sketch,p50_cpu_mem_net,N001-N030,30,5,12.754363939166069,True,200
2026-01-23T17:48:17,es,p50_cpu_mem_net,N001-N030,30,5,4.929268732666969,True,200
2026-01-23T17:48:17,sketch,p75_cpu_mem_net,N001-N030,30,1,41.50435607880354,True,200
2026-01-23T17:48:18,es,p75_cpu_mem_net,N001-N030,30,1,414.38597487285733,True,200
2026-01-23T17:48:18,sketch,p75_cpu_mem_net,N001-N030,30,2,13.806193601340055,True,200
2026-01-23T17:48:18,es,p75_cpu_mem_net,N001-N030,30,2,5.102623254060745,True,200
2026-01-23T17:48:18,sketch,p75_cpu_mem_net,N001-N030,30,3,12.950486969202757,True,200
2026-01-23T17:48:18,es,p75_cpu_mem_net,N001-N030,30,3,4.858647007495165,True,200
2026-01-23T17:48:18,sketch,p75_cpu_mem_net,N001-N030,30,4,41.210894007235765,True,200
2026-01-23T17:48:18,es,p75_cpu_mem_net,N001-N030,30,4,4.118496086448431,True,200
2026-01-23T17:48:18,sketch,p75_cpu_mem_net,N001-N030,30,5,9.275904856622219,True,200
2026-01-23T17:48:18,es,p75_cpu_mem_net,N001-N030,30,5,4.710649140179157,True,200
2026-01-23T17:48:18,sketch,p90_cpu_mem_net,N001-N030,30,1,43.73177466914058,True,200
2026-01-23T17:48:18,es,p90_cpu_mem_net,N001-N030,30,1,412.11753711104393,True,200
2026-01-23T17:48:18,sketch,p90_cpu_mem_net,N001-N030,30,2,15.023611951619387,True,200
2026-01-23T17:48:18,es,p90_cpu_mem_net,N001-N030,30,2,4.988635890185833,True,200
2026-01-23T17:48:18,sketch,p90_cpu_mem_net,N001-N030,30,3,13.168808072805405,True,200
2026-01-23T17:48:18,es,p90_cpu_mem_net,N001-N030,30,3,4.873169120401144,True,200
2026-01-23T17:48:18,sketch,p90_cpu_mem_net,N001-N030,30,4,41.21366003528237,True,200
2026-01-23T17:48:18,es,p90_cpu_mem_net,N001-N030,30,4,4.430072847753763,True,200
2026-01-23T17:48:18,sketch,p90_cpu_mem_net,N001-N030,30,5,12.90820399299264,True,200
2026-01-23T17:48:18,es,p90_cpu_mem_net,N001-N030,30,5,4.594033118337393,True,200
2026-01-23T17:48:18,sketch,p25_p50_p75_p90_cpu_mem_net,N001-N030,30,1,92.68117183819413,True,200
2026-01-23T17:48:19,es,p25_p50_p75_p90_cpu_mem_net,N001-N030,30,1,427.3462500423193,True,200
2026-01-23T17:48:19,sketch,p25_p50_p75_p90_cpu_mem_net,N001-N030,30,2,97.59078500792384,True,200
2026-01-23T17:48:19,es,p25_p50_p75_p90_cpu_mem_net,N001-N030,30,2,5.414176266640425,True,200
2026-01-23T17:48:19,sketch,p25_p50_p75_p90_cpu_mem_net,N001-N030,30,3,14.45538317784667,True,200
2026-01-23T17:48:19,es,p25_p50_p75_p90_cpu_mem_net,N001-N030,30,3,4.859350621700287,True,200
2026-01-23T17:48:19,sketch,p25_p50_p75_p90_cpu_mem_net,N001-N030,30,4,14.078213833272457,True,200
2026-01-23T17:48:19,es,p25_p50_p75_p90_cpu_mem_net,N001-N030,30,4,3.951560240238905,True,200
2026-01-23T17:48:19,sketch,p25_p50_p75_p90_cpu_mem_net,N001-N030,30,5,15.023267827928066,True,200
2026-01-23T17:48:19,es,p25_p50_p75_p90_cpu_mem_net,N001-N030,30,5,4.2534503154456615,True,200
2026-01-23T17:48:19,sketch,cumulative_cpu_mem_net,N001-N030,30,1,10.03269013017416,True,200
2026-01-23T17:48:19,es,cumulative_cpu_mem_net,N001-N030,30,1,121.67264707386494,True,200
2026-01-23T17:48:19,sketch,cumulative_cpu_mem_net,N001-N030,30,2,8.899901062250137,True,200
2026-01-23T17:48:19,es,cumulative_cpu_mem_net,N001-N030,30,2,3.674938343465328,True,200
2026-01-23T17:48:19,sketch,cumulative_cpu_mem_net,N001-N030,30,3,9.97427897527814,True,200
2026-01-23T17:48:19,es,cumulative_cpu_mem_net,N001-N030,30,3,3.600754775106907,True,200
2026-01-23T17:48:19,sketch,cumulative_cpu_mem_net,N001-N030,30,4,9.773655328899622,True,200
2026-01-23T17:48:19,es,cumulative_cpu_mem_net,N001-N030,30,4,3.2743969932198524,True,200
2026-01-23T17:48:19,sketch,cumulative_cpu_mem_net,N001-N030,30,5,11.533881071954966,True,200
2026-01-23T17:48:19,es,cumulative_cpu_mem_net,N001-N030,30,5,3.9746118709445,True,200
2026-01-23T17:48:19,sketch,top_cpu,N001-N030,30,1,5.381915718317032,True,200
2026-01-23T17:48:19,es,top_cpu,N001-N030,30,1,61.58398790284991,True,200
2026-01-23T17:48:19,sketch,top_cpu,N001-N030,30,2,5.426653195172548,True,200
2026-01-23T17:48:19,es,top_cpu,N001-N030,30,2,3.6826888099312782,True,200
2026-01-23T17:48:19,sketch,top_cpu,N001-N030,30,3,5.167718976736069,True,200
2026-01-23T17:48:19,es,top_cpu,N001-N030,30,3,3.7045562639832497,True,200
2026-01-23T17:48:19,sketch,top_cpu,N001-N030,30,4,5.248942878097296,True,200
2026-01-23T17:48:19,es,top_cpu,N001-N030,30,4,3.494102042168379,True,200
2026-01-23T17:48:19,sketch,top_cpu,N001-N030,30,5,5.055033136159182,True,200
2026-01-23T17:48:19,es,top_cpu,N001-N030,30,5,3.8821022026240826,True,200
2026-01-23T17:48:19,sketch,top_mem,N001-N030,30,1,5.182805936783552,True,200
2026-01-23T17:48:19,es,top_mem,N001-N030,30,1,29.34088371694088,True,200
2026-01-23T17:48:19,sketch,top_mem,N001-N030,30,2,5.161822773516178,True,200
2026-01-23T17:48:19,es,top_mem,N001-N030,30,2,3.571934998035431,True,200
2026-01-23T17:48:19,sketch,top_mem,N001-N030,30,3,4.737735725939274,True,200
2026-01-23T17:48:19,es,top_mem,N001-N030,30,3,3.481652121990919,True,200
2026-01-23T17:48:19,sketch,top_mem,N001-N030,30,4,4.719213116914034,True,200
2026-01-23T17:48:19,es,top_mem,N001-N030,30,4,3.662874922156334,True,200
2026-01-23T17:48:20,sketch,top_mem,N001-N030,30,5,4.965752828866243,True,200
2026-01-23T17:48:20,es,top_mem,N001-N030,30,5,3.8266777992248535,True,200
2026-01-23T17:48:20,sketch,top_net,N001-N030,30,1,4.8557487316429615,True,200
2026-01-23T17:48:20,es,top_net,N001-N030,30,1,59.92450099438429,True,200
2026-01-23T17:48:20,sketch,top_net,N001-N030,30,2,5.0185550935566425,True,200
2026-01-23T17:48:20,es,top_net,N001-N030,30,2,3.588888794183731,True,200
2026-01-23T17:48:20,sketch,top_net,N001-N030,30,3,4.579742904752493,True,200
2026-01-23T17:48:20,es,top_net,N001-N030,30,3,3.4248880110681057,True,200
2026-01-23T17:48:20,sketch,top_net,N001-N030,30,4,4.882236011326313,True,200
2026-01-23T17:48:20,es,top_net,N001-N030,30,4,3.6128279753029346,True,200
2026-01-23T17:48:20,sketch,top_net,N001-N030,30,5,4.881463013589382,True,200
2026-01-23T17:48:20,es,top_net,N001-N030,30,5,3.6307848058640957,True,200
