timestamp_utc,run,epoch,scenario,estimator,rule,gamma,lam,arrivals,pending_before,assigned,running,completed_this_epoch,completed_total,evicted_total,moves_this_epoch,constrained_tasks,overcommitted_nodes,mean_grant_ratio,solver_ms,solver_status,objective,est_cpu_err_mean,est_cpu_err_p90
2026-09-05T00:26:29.852567+00:00,0,0,static,static,request,10,1.0,38,38,38,38,0,0,0,0,0,0,1.0000,73.080,OPTIMAL,38.000000,,
2026-09-05T00:26:29.919130+00:00,0,0,sketch,sketch,p50,10,1.0,38,38,38,38,0,0,0,0,0,0,1.0000,65.975,OPTIMAL,38.000000,,
2026-09-05T00:26:29.984676+00:00,0,0,es,es,p50,10,1.0,38,38,38,38,0,0,0,0,0,0,1.0000,64.998,OPTIMAL,38.000000,,
2026-09-05T00:27:03.919545+00:00,0,1,static,static,request,10,1.0,23,23,61,61,0,0,0,0,0,0,1.0000,123.849,OPTIMAL,3823.000000,49.4735,92.2246
2026-09-05T00:27:04.091066+00:00,0,1,sketch,sketch,p50,10,1.0,23,23,61,61,0,0,0,0,0,0,1.0000,134.525,OPTIMAL,3823.000000,0.6043,1.0299
2026-09-05T00:27:05.078022+00:00,0,1,es,es,p50,10,1.0,23,23,61,61,0,0,0,0,0,0,1.0000,152.167,OPTIMAL,3823.000000,0.5610,1.0188
2026-09-05T00:27:38.923526+00:00,0,2,static,static,request,10,1.0,36,36,76,89,8,8,0,0,7,0,0.9955,441.504,OPTIMAL,4036.000000,47.7135,102.4385
2026-09-05T00:27:39.273528+00:00,0,2,sketch,sketch,p50,10,1.0,36,36,76,89,8,8,0,0,27,0,0.9647,293.779,OPTIMAL,4036.000000,6.2888,19.8785
2026-09-05T00:27:40.768100+00:00,0,2,es,es,p50,10,1.0,36,36,76,89,8,8,0,0,27,0,0.9649,834.890,OPTIMAL,4036.000000,6.2402,19.8084
2026-09-05T00:28:15.870176+00:00,0,3,static,static,request,10,1.0,34,34,47,103,10,18,0,0,6,0,0.9951,289.739,OPTIMAL,2324.000000,45.9900,89.6613
2026-09-05T00:28:16.421787+00:00,0,3,sketch,sketch,p50,10,1.0,34,34,71,111,9,17,0,3,40,1,0.9454,475.321,OPTIMAL,4028.000000,6.6677,19.6133
2026-09-05T00:28:17.570378+00:00,0,3,es,es,p50,10,1.0,34,34,72,112,9,17,0,2,40,1,0.9455,571.991,OPTIMAL,4030.000000,6.6109,19.5833
2026-09-05T00:28:53.060587+00:00,0,4,static,static,request,10,1.0,36,46,50,107,18,36,0,0,12,1,0.9932,734.869,OPTIMAL,2822.000000,46.7487,94.0504
2026-09-05T00:28:55.548665+00:00,0,4,sketch,sketch,p50,10,1.0,36,39,70,122,19,36,0,1,57,1,0.9343,2387.574,OPTIMAL,4029.000000,7.3153,20.5544
2026-09-05T00:28:59.217778+00:00,0,4,es,es,p50,10,1.0,36,38,69,123,18,35,0,2,55,1,0.9356,2104.882,OPTIMAL,4027.000000,7.1569,20.4769
2026-09-05T00:29:35.787232+00:00,0,5,static,static,request,10,1.0,34,58,65,112,26,62,0,0,9,0,0.9932,1379.292,OPTIMAL,3431.000000,41.0664,90.7376
2026-09-05T00:29:47.820803+00:00,0,5,sketch,sketch,p50,10,1.0,34,43,66,134,14,50,0,0,57,0,0.9279,11916.981,OPTIMAL,4026.000000,8.5193,27.8088
2026-09-05T00:29:52.174815+00:00,0,5,es,es,p50,10,1.0,34,43,67,134,16,51,0,0,60,1,0.9280,3043.847,OPTIMAL,4027.000000,8.5634,27.7455
2026-09-05T00:30:31.748583+00:00,0,6,static,static,request,10,1.0,29,56,71,112,31,93,0,0,11,1,0.9928,4793.745,OPTIMAL,4031.000000,44.8013,95.3107
2026-09-05T00:30:38.919717+00:00,0,6,sketch,sketch,p50,10,1.0,29,46,73,127,40,90,0,1,78,2,0.9206,7079.040,OPTIMAL,4032.000000,7.6960,22.9374
2026-09-05T00:30:41.390006+00:00,0,6,es,es,p50,10,1.0,29,45,72,126,40,91,0,0,79,2,0.9214,1116.095,OPTIMAL,4032.000000,7.5330,22.8112
2026-09-05T00:31:17.756693+00:00,0,7,static,static,request,10,1.0,28,53,52,113,20,113,0,0,13,1,0.9929,779.901,OPTIMAL,3121.000000,47.0022,84.0840
2026-09-05T00:31:18.749445+00:00,0,7,sketch,sketch,p50,10,1.0,28,41,66,127,26,116,0,1,70,2,0.9172,892.361,OPTIMAL,4025.000000,8.4429,24.4332
2026-09-05T00:31:22.288638+00:00,0,7,es,es,p50,10,1.0,28,41,66,126,26,117,0,1,72,2,0.9179,1936.647,OPTIMAL,4025.000000,8.7036,24.4031
2026-09-05T00:32:00.697600+00:00,0,8,static,static,request,10,1.0,27,59,62,112,28,141,0,0,11,0,0.9931,3175.042,OPTIMAL,3527.000000,39.1238,82.7475
2026-09-05T00:32:01.376551+00:00,0,8,sketch,sketch,p50,10,1.0,27,42,69,124,32,148,0,1,78,1,0.9135,588.079,OPTIMAL,4028.000000,10.1824,27.4783
2026-09-05T00:32:03.322916+00:00,0,8,es,es,p50,10,1.0,27,42,70,125,31,148,0,0,80,1,0.9146,898.017,OPTIMAL,4030.000000,9.7972,27.1555
2026-09-05T00:32:38.418146+00:00,0,9,static,static,request,10,1.0,33,65,68,112,28,169,0,0,4,0,0.9938,855.960,OPTIMAL,4028.000000,48.5890,92.8540
2026-09-05T00:32:40.323337+00:00,0,9,sketch,sketch,p50,10,1.0,33,46,70,131,23,171,0,2,73,2,0.9120,1810.677,OPTIMAL,4028.000000,8.1242,23.3658
2026-09-05T00:32:42.673426+00:00,0,9,es,es,p50,10,1.0,33,45,69,130,24,172,0,1,73,1,0.9138,1245.423,OPTIMAL,4028.000000,8.0257,23.1180
2026-09-05T00:33:18.031286+00:00,0,10,static,static,request,10,1.0,29,66,58,105,29,198,0,0,10,0,0.9936,486.462,OPTIMAL,3622.000000,46.0258,81.0555
2026-09-05T00:33:18.597604+00:00,0,10,sketch,sketch,p50,10,1.0,29,45,62,123,30,201,0,0,77,1,0.9104,470.736,OPTIMAL,4022.000000,9.5654,25.9415
2026-09-05T00:33:20.141377+00:00,0,10,es,es,p50,10,1.0,29,45,65,124,31,203,0,0,73,1,0.9125,517.523,OPTIMAL,4025.000000,9.2407,25.9903
2026-09-05T00:34:00.643963+00:00,0,11,static,static,request,10,1.0,36,80,70,109,27,225,0,0,4,0,0.9941,6126.859,OPTIMAL,3931.000000,42.6608,79.8258
2026-09-05T00:34:01.769806+00:00,0,11,sketch,sketch,p50,10,1.0,36,59,71,125,29,230,0,0,67,0,0.9100,1036.594,OPTIMAL,4031.000000,8.2683,24.5942
2026-09-05T00:34:04.048584+00:00,0,11,es,es,p50,10,1.0,36,56,71,126,29,232,0,1,65,1,0.9114,1421.899,OPTIMAL,4030.000000,7.4097,24.1339
2026-09-05T00:34:43.772231+00:00,0,12,static,static,request,10,1.0,38,87,62,108,27,252,0,0,8,0,0.9938,3347.277,OPTIMAL,3626.000000,41.5104,77.2745
2026-09-05T00:34:56.508588+00:00,0,12,sketch,sketch,p50,10,1.0,38,66,75,126,34,264,0,0,74,1,0.9079,12647.017,OPTIMAL,4035.000000,9.0455,26.2101
2026-09-05T00:35:00.362369+00:00,0,12,es,es,p50,10,1.0,38,63,73,126,33,265,0,0,77,2,0.9097,2644.604,OPTIMAL,4033.000000,9.1113,26.1312
2026-09-05T00:35:38.568083+00:00,0,13,static,static,request,10,1.0,40,101,68,106,30,282,0,0,9,0,0.9937,2352.684,OPTIMAL,4028.000000,43.7151,87.9516
2026-09-05T00:35:46.600949+00:00,0,13,sketch,sketch,p50,10,1.0,40,71,80,130,36,300,0,0,69,1,0.9087,7946.460,OPTIMAL,4040.000000,6.4171,22.1462
2026-09-05T00:35:50.608396+00:00,0,13,es,es,p50,10,1.0,40,70,80,132,34,299,0,0,70,1,0.9101,2826.459,OPTIMAL,4040.000000,6.8885,22.1695
2026-09-05T00:36:25.118849+00:00,0,14,static,static,request,10,1.0,30,103,56,103,29,311,0,0,14,0,0.9934,649.108,OPTIMAL,3026.000000,41.2563,81.2580
2026-09-05T00:36:25.618186+00:00,0,14,sketch,sketch,p50,10,1.0,30,61,61,122,29,329,0,0,69,1,0.9093,399.905,OPTIMAL,4021.000000,6.8860,21.9831
2026-09-05T00:36:27.283902+00:00,0,14,es,es,p50,10,1.0,30,60,63,124,31,330,0,0,71,1,0.9105,494.749,OPTIMAL,4023.000000,6.9110,20.1363
2026-09-05T00:37:02.281855+00:00,0,15,static,static,request,10,1.0,39,116,54,101,26,337,0,1,10,0,0.9935,909.118,OPTIMAL,3023.000000,44.7261,85.2714
2026-09-05T00:37:05.090173+00:00,0,15,sketch,sketch,p50,10,1.0,39,79,76,125,33,362,0,0,63,1,0.9101,2704.617,OPTIMAL,4036.000000,7.4280,22.0374
2026-09-05T00:37:12.912533+00:00,0,15,es,es,p50,10,1.0,39,76,77,128,33,363,0,0,64,1,0.9112,6994.595,OPTIMAL,4037.000000,7.7307,24.3482
2026-09-05T00:37:50.432379+00:00,0,16,static,static,request,10,1.0,21,113,62,89,34,371,0,0,8,0,0.9937,1529.134,OPTIMAL,4022.000000,49.2519,94.3432
2026-09-05T00:37:51.859478+00:00,0,16,sketch,sketch,p50,10,1.0,21,64,65,116,34,396,0,2,63,1,0.9102,1320.011,OPTIMAL,4023.000000,7.1396,21.6916
2026-09-05T00:37:54.321997+00:00,0,16,es,es,p50,10,1.0,21,60,63,115,36,399,0,1,64,1,0.9114,1288.958,OPTIMAL,4022.000000,6.6239,19.7120
2026-09-05T00:38:29.774286+00:00,0,17,static,static,request,10,1.0,38,129,55,89,16,387,0,0,10,0,0.9935,753.095,OPTIMAL,3916.000000,37.6556,79.5922
2026-09-05T00:38:31.880914+00:00,0,17,sketch,sketch,p50,10,1.0,38,77,72,126,22,418,0,0,67,0,0.9095,2005.804,OPTIMAL,4032.000000,9.6620,30.8674
2026-09-05T00:38:34.474594+00:00,0,17,es,es,p50,10,1.0,38,75,72,126,21,420,0,1,70,2,0.9104,1388.685,OPTIMAL,4031.000000,9.9934,31.8491
2026-09-05T00:39:11.929149+00:00,0,18,static,static,request,10,1.0,30,143,64,88,25,412,0,1,11,1,0.9933,3117.760,OPTIMAL,4023.000000,37.1106,67.7791
2026-09-05T00:39:12.653877+00:00,0,18,sketch,sketch,p50,10,1.0,30,75,63,124,25,443,0,0,67,0,0.9091,628.739,OPTIMAL,4023.000000,9.1983,26.2258
2026-09-05T00:39:14.792142+00:00,0,18,es,es,p50,10,1.0,30,73,60,123,23,443,0,1,71,1,0.9097,684.684,OPTIMAL,4019.000000,9.7922,27.9021
2026-09-05T00:39:48.950125+00:00,0,19,static,static,request,10,1.0,45,164,53,91,17,429,0,0,10,0,0.9933,496.142,OPTIMAL,3320.000000,39.9454,81.8997
2026-09-05T00:39:51.146146+00:00,0,19,sketch,sketch,p50,10,1.0,45,97,64,117,31,474,0,1,69,1,0.9081,2039.115,OPTIMAL,4023.000000,8.6762,25.6892
2026-09-05T00:39:53.049295+00:00,0,19,es,es,p50,10,1.0,45,98,68,118,33,476,0,2,72,0,0.9087,818.908,OPTIMAL,4026.000000,9.5520,26.5293
2026-09-05T00:40:29.842594+00:00,0,20,static,static,request,10,1.0,40,184,52,89,20,449,0,0,4,0,0.9934,553.916,OPTIMAL,3418.000000,45.2708,86.8050
2026-09-05T00:40:33.084913+00:00,0,20,sketch,sketch,p50,10,1.0,40,113,67,116,28,502,0,2,69,1,0.9078,3144.720,OPTIMAL,4025.000000,7.1792,20.7823
2026-09-05T00:40:35.104974+00:00,0,20,es,es,p50,10,1.0,40,110,69,118,29,505,0,0,72,0,0.9083,799.899,OPTIMAL,4029.000000,8.1021,22.0302
2026-09-05T00:41:09.311822+00:00,1,0,static,static,request,10,1.0,38,38,38,38,0,0,0,0,0,0,1.0000,65.440,OPTIMAL,38.000000,,
2026-09-05T00:41:09.365301+00:00,1,0,sketch,sketch,p50,10,1.0,38,38,38,38,0,0,0,0,0,0,1.0000,52.979,OPTIMAL,38.000000,,
2026-09-05T00:41:09.416107+00:00,1,0,es,es,p50,10,1.0,38,38,38,38,0,0,0,0,0,0,1.0000,50.348,OPTIMAL,38.000000,,
2026-09-05T00:41:43.302322+00:00,1,1,static,static,request,10,1.0,23,23,61,61,0,0,0,0,4,0,0.9875,130.479,OPTIMAL,3823.000000,48.6403,99.3407
2026-09-05T00:41:43.511743+00:00,1,1,sketch,sketch,p50,10,1.0,23,23,61,61,0,0,0,0,4,0,0.9875,172.886,OPTIMAL,3823.000000,1.7969,1.2046
2026-09-05T00:41:44.520839+00:00,1,1,es,es,p50,10,1.0,23,23,61,61,0,0,0,0,4,0,0.9875,126.924,OPTIMAL,3823.000000,1.7625,1.1469
2026-09-05T00:42:19.320670+00:00,1,2,static,static,request,10,1.0,36,36,74,88,7,7,0,0,7,0,0.9909,1124.993,OPTIMAL,4034.000000,48.4670,91.3823
2026-09-05T00:42:19.713543+00:00,1,2,sketch,sketch,p50,10,1.0,36,36,76,90,7,7,0,0,25,0,0.9590,342.062,OPTIMAL,4036.000000,5.9659,18.7743
2026-09-05T00:42:21.062147+00:00,1,2,es,es,p50,10,1.0,36,36,76,90,7,7,0,0,25,0,0.9591,659.085,OPTIMAL,4036.000000,5.9312,18.8468
2026-09-05T00:42:56.973275+00:00,1,3,static,static,request,10,1.0,34,36,53,103,11,18,0,0,12,1,0.9910,2138.113,OPTIMAL,2726.000000,48.9557,106.1912
2026-09-05T00:42:57.458644+00:00,1,3,sketch,sketch,p50,10,1.0,34,34,71,110,11,18,0,1,38,1,0.9422,402.484,OPTIMAL,4030.000000,5.9843,19.7472
2026-09-05T00:42:58.882390+00:00,1,3,es,es,p50,10,1.0,34,34,73,112,11,18,0,1,38,1,0.9423,391.736,OPTIMAL,4032.000000,5.9480,19.6963
2026-09-05T00:43:31.963556+00:00,1,4,static,static,request,10,1.0,36,46,43,104,17,35,0,0,12,1,0.9923,402.276,OPTIMAL,2518.000000,45.7228,89.6761
2026-09-05T00:43:33.426645+00:00,1,4,sketch,sketch,p50,10,1.0,36,39,69,123,16,34,0,1,56,2,0.9328,1377.331,OPTIMAL,4028.000000,7.8273,26.3396
2026-09-05T00:43:35.497224+00:00,1,4,es,es,p50,10,1.0,36,37,69,124,17,35,0,1,57,2,0.9327,885.991,OPTIMAL,4028.000000,7.6935,26.2928
2026-09-05T00:44:22.897243+00:00,1,5,static,static,request,10,1.0,34,62,74,114,25,60,0,0,11,1,0.9918,14111.285,OPTIMAL,3935.000000,46.4579,86.2614
2026-09-05T00:44:24.825352+00:00,1,5,sketch,sketch,p50,10,1.0,34,44,68,132,19,53,0,0,70,2,0.9297,1822.660,OPTIMAL,4028.000000,7.5240,22.0112
2026-09-05T00:44:27.197679+00:00,1,5,es,es,p50,10,1.0,34,42,60,130,18,53,0,0,68,2,0.9293,1582.241,OPTIMAL,3624.000000,7.5479,21.8942
2026-09-05T00:45:20.738719+00:00,1,6,static,static,request,10,1.0,29,56,73,114,33,93,0,0,16,1,0.9910,19189.596,OPTIMAL,4033.000000,42.2689,92.6105
2026-09-05T00:45:21.510076+00:00,1,6,sketch,sketch,p50,10,1.0,29,45,69,125,36,89,0,0,81,2,0.9236,674.243,OPTIMAL,4029.000000,8.1292,23.3197
2026-09-05T00:45:25.347375+00:00,1,6,es,es,p50,10,1.0,29,47,73,126,37,90,0,0,84,4,0.9235,2610.768,OPTIMAL,4033.000000,8.3350,23.2810
2026-09-05T00:46:00.473312+00:00,1,7,static,static,request,10,1.0,28,51,48,114,20,113,0,0,16,2,0.9897,405.618,OPTIMAL,2820.000000,43.6752,88.7707
2026-09-05T00:46:10.272770+00:00,1,7,sketch,sketch,p50,10,1.0,28,44,67,125,27,116,0,1,74,1,0.9178,9706.494,OPTIMAL,4026.000000,9.3988,26.7116
2026-09-05T00:46:14.864008+00:00,1,7,es,es,p50,10,1.0,28,42,69,127,28,118,0,1,70,1,0.9186,3039.246,OPTIMAL,4028.000000,9.1630,26.6710
2026-09-05T00:46:51.209467+00:00,1,8,static,static,request,10,1.0,27,58,57,113,26,139,0,0,5,0,0.9909,2519.008,OPTIMAL,3225.000000,41.8692,77.6908
2026-09-05T00:46:52.957693+00:00,1,8,sketch,sketch,p50,10,1.0,27,44,72,127,30,146,0,1,75,0,0.9158,1656.869,OPTIMAL,4031.000000,8.0149,21.4777
2026-09-05T00:46:54.860368+00:00,1,8,es,es,p50,10,1.0,27,40,67,124,30,148,0,0,72,0,0.9168,949.495,OPTIMAL,4027.000000,7.6910,21.4328
2026-09-05T00:47:30.385609+00:00,1,9,static,static,request,10,1.0,33,66,67,114,28,167,0,0,11,0,0.9911,1472.590,OPTIMAL,3829.000000,48.3802,101.4453
2026-09-05T00:47:35.810323+00:00,1,9,sketch,sketch,p50,10,1.0,33,45,71,130,28,174,0,1,80,3,0.9130,5316.321,OPTIMAL,4030.000000,8.9402,22.5679
2026-09-05T00:47:37.834526+00:00,1,9,es,es,p50,10,1.0,33,46,71,127,28,176,0,0,75,1,0.9144,832.525,OPTIMAL,4031.000000,8.9608,22.6359
2026-09-05T00:48:13.221958+00:00,1,10,static,static,request,10,1.0,29,66,53,106,29,196,0,0,7,0,0.9915,352.514,OPTIMAL,3221.000000,49.2925,95.3948
2026-09-05T00:48:14.181213+00:00,1,10,sketch,sketch,p50,10,1.0,29,43,61,119,32,206,0,0,70,0,0.9124,828.115,OPTIMAL,4021.000000,8.6090,25.7397
2026-09-05T00:48:15.876951+00:00,1,10,es,es,p50,10,1.0,29,44,63,120,30,206,0,0,68,0,0.9137,783.918,OPTIMAL,4023.000000,8.3055,25.6676
2026-09-05T00:48:49.309166+00:00,1,11,static,static,request,10,1.0,36,81,70,109,27,223,0,0,6,1,0.9923,735.434,OPTIMAL,4030.000000,47.1296,89.5276
2026-09-05T00:48:51.223275+00:00,1,11,sketch,sketch,p50,10,1.0,36,58,73,126,26,232,0,1,67,1,0.9115,1827.844,OPTIMAL,4032.000000,8.2055,28.0042
2026-09-05T00:48:52.752812+00:00,1,11,es,es,p50,10,1.0,36,57,71,126,25,231,0,0,66,0,0.9134,625.832,OPTIMAL,4031.000000,7.6725,26.5207
2026-09-05T00:49:29.735432+00:00,1,12,static,static,request,10,1.0,38,89,69,107,31,254,0,0,12,1,0.9923,3097.940,OPTIMAL,4029.000000,46.2304,93.6466
2026-09-05T00:49:32.298000+00:00,1,12,sketch,sketch,p50,10,1.0,38,63,72,130,28,260,0,1,70,1,0.9107,2470.820,OPTIMAL,4031.000000,8.3265,25.1608
2026-09-05T00:49:35.565386+00:00,1,12,es,es,p50,10,1.0,38,64,74,128,32,263,0,0,71,1,0.9124,2358.818,OPTIMAL,4034.000000,8.4180,25.0475
2026-09-05T00:50:12.261312+00:00,1,13,static,static,request,10,1.0,40,100,63,107,27,281,0,0,9,0,0.9926,1589.118,OPTIMAL,3627.000000,40.4091,90.6701
2026-09-05T00:50:21.626718+00:00,1,13,sketch,sketch,p50,10,1.0,40,71,80,133,37,297,0,0,73,0,0.9089,9262.575,OPTIMAL,4040.000000,9.1762,25.6173
2026-09-05T00:50:33.334925+00:00,1,13,es,es,p50,10,1.0,40,70,80,134,34,297,0,0,70,0,0.9111,11067.897,OPTIMAL,4040.000000,8.4940,23.9096
2026-09-05T00:51:10.980519+00:00,1,14,static,static,request,10,1.0,30,103,57,104,30,311,0,0,12,1,0.9925,1476.838,OPTIMAL,3027.000000,41.4505,83.3600
2026-09-05T00:51:12.098122+00:00,1,14,sketch,sketch,p50,10,1.0,30,61,65,129,29,326,0,2,81,3,0.9089,1001.228,OPTIMAL,4023.000000,7.0943,18.4702
2026-09-05T00:51:14.705896+00:00,1,14,es,es,p50,10,1.0,30,60,64,129,29,326,0,0,75,1,0.9114,1393.786,OPTIMAL,4024.000000,7.2346,19.2455
2026-09-05T00:51:48.468230+00:00,1,15,static,static,request,10,1.0,39,115,59,101,27,338,0,0,15,1,0.9922,1021.657,OPTIMAL,3524.000000,41.3328,88.2190
2026-09-05T00:51:50.282826+00:00,1,15,sketch,sketch,p50,10,1.0,39,75,72,128,33,359,0,0,80,1,0.9092,1695.801,OPTIMAL,4032.000000,7.7604,21.1105
2026-09-05T00:51:54.003113+00:00,1,15,es,es,p50,10,1.0,39,75,73,126,36,362,0,1,83,3,0.9112,2565.564,OPTIMAL,4032.000000,7.7267,21.6467
2026-09-05T00:52:29.792840+00:00,1,16,static,static,request,10,1.0,21,112,62,92,31,369,0,0,5,0,0.9926,1489.800,OPTIMAL,4022.000000,46.0192,92.8839
2026-09-05T00:52:31.345038+00:00,1,16,sketch,sketch,p50,10,1.0,21,64,65,115,38,397,0,1,60,0,0.9106,1452.517,OPTIMAL,4024.000000,6.1826,19.1303
2026-09-05T00:52:33.524720+00:00,1,16,es,es,p50,10,1.0,21,63,62,114,34,396,0,1,56,0,0.9125,1000.749,OPTIMAL,4021.000000,6.5989,22.1302
2026-09-05T00:53:08.175158+00:00,1,17,static,static,request,10,1.0,38,128,61,91,22,391,0,0,9,0,0.9925,1220.616,OPTIMAL,4021.000000,43.5305,93.6518
2026-09-05T00:53:18.542888+00:00,1,17,sketch,sketch,p50,10,1.0,38,77,72,125,22,419,0,1,65,1,0.9103,10267.326,OPTIMAL,4031.000000,9.1782,28.5142
2026-09-05T00:53:32.207425+00:00,1,17,es,es,p50,10,1.0,38,79,75,125,24,420,0,0,64,0,0.9116,12635.607,OPTIMAL,4035.000000,9.8171,29.9987
2026-09-05T00:54:08.470217+00:00,1,18,static,static,request,10,1.0,30,137,56,92,19,410,0,0,8,0,0.9925,647.231,OPTIMAL,3620.000000,40.2330,83.4125
2026-09-05T00:54:09.106915+00:00,1,18,sketch,sketch,p50,10,1.0,30,75,65,127,23,442,0,0,78,1,0.9097,518.067,OPTIMAL,4025.000000,9.8613,29.1178
2026-09-05T00:54:11.295421+00:00,1,18,es,es,p50,10,1.0,30,74,62,126,21,441,0,0,75,1,0.9109,684.066,OPTIMAL,4022.000000,9.6132,29.0550
2026-09-05T00:54:46.733297+00:00,1,19,static,static,request,10,1.0,45,162,53,93,20,430,0,1,6,0,0.9925,872.757,OPTIMAL,3220.000000,41.1369,78.9053
2026-09-05T00:54:47.820715+00:00,1,19,sketch,sketch,p50,10,1.0,45,95,65,118,34,476,0,1,76,1,0.9089,983.720,OPTIMAL,4024.000000,8.4903,26.1125
2026-09-05T00:54:49.532092+00:00,1,19,es,es,p50,10,1.0,45,97,64,117,33,474,0,4,80,1,0.9097,806.175,OPTIMAL,4020.000000,9.3269,26.1641
2026-09-05T00:55:23.031535+00:00,1,20,static,static,request,10,1.0,40,181,42,88,20,450,0,0,13,1,0.9920,498.826,OPTIMAL,2715.000000,42.6297,82.5082
2026-09-05T00:55:25.102866+00:00,1,20,sketch,sketch,p50,10,1.0,40,110,67,117,28,504,0,3,75,2,0.9083,1974.227,OPTIMAL,4024.000000,9.8555,27.0159
2026-09-05T00:55:26.544716+00:00,1,20,es,es,p50,10,1.0,40,113,66,116,27,501,0,1,71,2,0.9088,740.042,OPTIMAL,4025.000000,9.7560,25.8419
2026-09-05T00:56:01.812938+00:00,2,0,static,static,request,10,1.0,38,38,38,38,0,0,0,0,0,0,1.0000,69.549,OPTIMAL,38.000000,,
2026-09-05T00:56:01.871950+00:00,2,0,sketch,sketch,p50,10,1.0,38,38,38,38,0,0,0,0,0,0,1.0000,58.474,OPTIMAL,38.000000,,
2026-09-05T00:56:01.922794+00:00,2,0,es,es,p50,10,1.0,38,38,38,38,0,0,0,0,0,0,1.0000,50.413,OPTIMAL,38.000000,,
2026-09-05T00:56:34.815913+00:00,2,1,static,static,request,10,1.0,23,23,61,61,0,0,0,0,2,0,0.9977,119.314,OPTIMAL,3823.000000,46.2618,94.1960
2026-09-05T00:56:34.969670+00:00,2,1,sketch,sketch,p50,10,1.0,23,23,61,61,0,0,0,0,2,0,0.9977,117.428,OPTIMAL,3823.000000,0.8417,1.5366
2026-09-05T00:56:35.980114+00:00,2,1,es,es,p50,10,1.0,23,23,61,61,0,0,0,0,2,0,0.9977,134.623,OPTIMAL,3823.000000,0.8031,1.4627
2026-09-05T00:57:10.271661+00:00,2,2,static,static,request,10,1.0,36,36,73,86,8,8,0,0,6,0,0.9958,852.013,OPTIMAL,4033.000000,44.5576,91.8227
2026-09-05T00:57:10.895112+00:00,2,2,sketch,sketch,p50,10,1.0,36,36,76,90,7,7,0,0,26,0,0.9679,556.499,OPTIMAL,4036.000000,4.9890,19.4026
2026-09-05T00:57:12.239260+00:00,2,2,es,es,p50,10,1.0,36,36,76,90,7,7,0,0,26,0,0.9680,398.449,OPTIMAL,4036.000000,4.9527,19.2790
2026-09-05T00:57:47.218929+00:00,2,3,static,static,request,10,1.0,34,37,59,103,10,18,0,0,12,1,0.9929,553.076,OPTIMAL,3227.000000,48.1749,100.7264
2026-09-05T00:57:47.905129+00:00,2,3,sketch,sketch,p50,10,1.0,34,34,72,112,10,17,0,1,43,1,0.9449,602.432,OPTIMAL,4031.000000,6.0605,20.7965
2026-09-05T00:57:49.844941+00:00,2,3,es,es,p50,10,1.0,34,34,72,112,10,17,0,1,43,1,0.9450,922.934,OPTIMAL,4031.000000,6.0223,20.7213
2026-09-05T00:58:23.900682+00:00,2,4,static,static,request,10,1.0,36,46,47,106,17,35,0,0,11,1,0.9927,640.923,OPTIMAL,2720.000000,47.2756,105.3333
2026-09-05T00:58:24.743989+00:00,2,4,sketch,sketch,p50,10,1.0,36,38,70,123,19,36,0,0,62,2,0.9320,744.126,OPTIMAL,4030.000000,6.3974,20.8910
2026-09-05T00:58:27.104205+00:00,2,4,es,es,p50,10,1.0,36,38,69,122,19,36,0,0,59,1,0.9324,1070.779,OPTIMAL,4029.000000,6.3499,20.7677
2026-09-05T00:59:05.083277+00:00,2,5,static,static,request,10,1.0,34,60,68,114,25,60,0,0,9,1,0.9921,4047.550,OPTIMAL,3533.000000,38.8738,87.8437
2026-09-05T00:59:06.618957+00:00,2,5,sketch,sketch,p50,10,1.0,34,42,68,129,22,58,0,0,70,1,0.9243,1439.958,OPTIMAL,4028.000000,8.8919,27.7176
2026-09-05T00:59:08.631570+00:00,2,5,es,es,p50,10,1.0,34,43,68,128,22,58,0,0,71,1,0.9246,528.532,OPTIMAL,4028.000000,8.9425,27.7429
2026-09-05T00:59:44.070677+00:00,2,6,static,static,request,10,1.0,29,56,70,114,30,90,0,0,12,2,0.9921,2353.653,OPTIMAL,4030.000000,41.6439,85.1670
2026-09-05T00:59:45.663837+00:00,2,6,sketch,sketch,p50,10,1.0,29,43,70,126,33,91,0,0,68,0,0.9208,1502.451,OPTIMAL,4030.000000,7.7244,23.3879
2026-09-05T00:59:47.866538+00:00,2,6,es,es,p50,10,1.0,29,44,70,125,33,91,0,1,71,2,0.9211,690.791,OPTIMAL,4029.000000,7.6429,23.3122
2026-09-05T01:00:26.499647+00:00,2,7,static,static,request,10,1.0,28,54,57,114,23,113,0,0,10,1,0.9923,3583.973,OPTIMAL,3423.000000,42.5583,86.2630
2026-09-05T01:00:28.285322+00:00,2,7,sketch,sketch,p50,10,1.0,28,41,68,127,27,118,0,1,74,1,0.9183,1690.267,OPTIMAL,4027.000000,7.9687,22.3642
2026-09-05T01:00:30.263369+00:00,2,7,es,es,p50,10,1.0,28,42,67,125,27,118,0,1,72,1,0.9196,1025.983,OPTIMAL,4026.000000,7.9174,22.4073
2026-09-05T01:01:05.087507+00:00,2,8,static,static,request,10,1.0,27,58,59,110,27,140,0,0,8,0,0.9927,596.897,OPTIMAL,3623.000000,39.5799,70.3540
2026-09-05T01:01:06.057529+00:00,2,8,sketch,sketch,p50,10,1.0,27,40,67,124,30,148,0,1,75,0,0.9149,835.622,OPTIMAL,4026.000000,10.0108,27.6814
2026-09-05T01:01:08.797272+00:00,2,8,es,es,p50,10,1.0,27,42,69,124,30,148,0,0,74,0,0.9159,1474.492,OPTIMAL,4029.000000,9.8627,27.7251
2026-09-05T01:01:43.187625+00:00,2,9,static,static,request,10,1.0,33,68,71,113,28,168,0,0,11,0,0.9930,975.809,OPTIMAL,4031.000000,45.5028,86.6862
2026-09-05T01:01:45.082325+00:00,2,9,sketch,sketch,p50,10,1.0,33,46,71,128,27,175,0,1,74,1,0.9129,1788.223,OPTIMAL,4030.000000,9.1615,24.9940
2026-09-05T01:01:47.492507+00:00,2,9,es,es,p50,10,1.0,33,46,70,127,27,175,0,1,73,2,0.9143,1106.043,OPTIMAL,4029.000000,8.7598,24.2806
2026-09-05T01:02:21.780582+00:00,2,10,static,static,request,10,1.0,29,66,51,109,26,194,0,0,9,1,0.9931,784.918,OPTIMAL,2922.000000,44.2859,83.5503
2026-09-05T01:02:22.512852+00:00,2,10,sketch,sketch,p50,10,1.0,29,44,63,123,28,203,0,0,67,0,0.9135,595.350,OPTIMAL,4023.000000,7.4764,24.2668
2026-09-05T01:02:24.303223+00:00,2,10,es,es,p50,10,1.0,29,45,63,124,26,201,0,0,67,0,0.9146,913.335,OPTIMAL,4023.000000,7.8488,25.7525
2026-09-05T01:02:59.336633+00:00,2,11,static,static,request,10,1.0,36,80,65,110,28,222,0,0,7,1,0.9936,1275.175,OPTIMAL,3629.000000,40.4623,77.8148
2026-09-05T01:03:02.409965+00:00,2,11,sketch,sketch,p50,10,1.0,36,57,74,124,33,236,0,1,74,1,0.9113,2986.833,OPTIMAL,4033.000000,9.7263,25.3620
2026-09-05T01:03:04.289686+00:00,2,11,es,es,p50,10,1.0,36,58,73,124,33,234,0,0,72,0,0.9133,770.677,OPTIMAL,4033.000000,9.5225,25.4119
2026-09-05T01:04:08.068421+00:00,2,12,static,static,request,10,1.0,38,89,68,106,32,254,0,0,4,0,0.9938,30120.335,FEASIBLE,4028.000000,44.7977,86.5807
2026-09-05T01:04:18.863516+00:00,2,12,sketch,sketch,p50,10,1.0,38,61,71,131,24,260,0,0,70,1,0.9110,10696.213,OPTIMAL,4031.000000,8.5967,24.9532
2026-09-05T01:04:21.184338+00:00,2,12,es,es,p50,10,1.0,38,63,71,129,26,260,0,1,69,3,0.9132,1596.831,OPTIMAL,4030.000000,8.6632,25.5032
2026-09-05T01:04:58.683066+00:00,2,13,static,static,request,10,1.0,40,101,66,106,30,284,0,0,12,1,0.9936,2079.107,OPTIMAL,3630.000000,42.6247,83.7903
2026-09-05T01:05:00.337395+00:00,2,13,sketch,sketch,p50,10,1.0,40,70,80,132,39,299,0,0,78,2,0.9109,1575.408,OPTIMAL,4040.000000,7.8291,27.5133
2026-09-05T01:05:04.971536+00:00,2,13,es,es,p50,10,1.0,40,72,80,131,38,298,0,0,72,0,0.9134,3303.169,OPTIMAL,4040.000000,7.7523,27.5992
2026-09-05T01:05:40.146998+00:00,2,14,static,static,request,10,1.0,30,101,55,104,28,312,0,0,10,0,0.9934,1239.793,OPTIMAL,2926.000000,43.4265,86.2688
2026-09-05T01:05:40.989872+00:00,2,14,sketch,sketch,p50,10,1.0,30,60,67,130,29,328,0,2,75,4,0.9108,726.034,OPTIMAL,4025.000000,7.4498,23.7336
2026-09-05T01:05:43.352509+00:00,2,14,es,es,p50,10,1.0,30,62,64,126,29,327,0,0,67,1,0.9133,670.696,OPTIMAL,4024.000000,7.2889,23.6967
2026-09-05T01:06:19.309292+00:00,2,15,static,static,request,10,1.0,39,114,59,104,26,338,0,0,14,1,0.9933,2623.756,OPTIMAL,3326.000000,42.9984,82.1856
2026-09-05T01:06:26.738955+00:00,2,15,sketch,sketch,p50,10,1.0,39,72,76,131,35,363,0,0,74,0,0.9099,7338.445,OPTIMAL,4036.000000,9.4989,26.5338
2026-09-05T01:06:29.098550+00:00,2,15,es,es,p50,10,1.0,39,77,74,129,31,358,0,1,74,2,0.9118,1266.862,OPTIMAL,4033.000000,9.6747,26.4883
2026-09-05T01:07:04.901530+00:00,2,16,static,static,request,10,1.0,21,109,58,93,31,369,0,1,4,0,0.9935,300.937,OPTIMAL,3819.000000,46.6110,87.9689
2026-09-05T01:07:05.559779+00:00,2,16,sketch,sketch,p50,10,1.0,21,57,62,120,33,396,0,0,65,1,0.9097,567.397,OPTIMAL,4022.000000,8.3757,26.0223
2026-09-05T01:07:09.323250+00:00,2,16,es,es,p50,10,1.0,21,64,64,116,37,395,0,0,65,0,0.9116,2457.699,OPTIMAL,4024.000000,8.4263,25.7567
2026-09-05T01:07:46.092076+00:00,2,17,static,static,request,10,1.0,38,127,58,91,20,389,0,0,12,0,0.9933,894.891,OPTIMAL,4018.000000,45.0988,93.7137
2026-09-05T01:07:52.764906+00:00,2,17,sketch,sketch,p50,10,1.0,38,73,72,126,26,422,0,0,75,2,0.9081,6570.918,OPTIMAL,4032.000000,10.5832,28.9622
2026-09-05T01:07:58.206255+00:00,2,17,es,es,p50,10,1.0,38,78,75,126,25,420,0,0,72,1,0.9099,4236.733,OPTIMAL,4035.000000,10.7622,30.8580
2026-09-05T01:08:34.174422+00:00,2,18,static,static,request,10,1.0,30,139,61,89,23,412,0,0,10,0,0.9931,897.443,OPTIMAL,4021.000000,37.1080,86.7519
2026-09-05T01:08:35.280309+00:00,2,18,sketch,sketch,p50,10,1.0,30,71,62,125,23,445,0,0,74,0,0.9073,992.702,OPTIMAL,4022.000000,10.0023,31.5392
2026-09-05T01:08:37.902652+00:00,2,18,es,es,p50,10,1.0,30,73,62,129,19,439,0,1,71,1,0.9092,918.694,OPTIMAL,4021.000000,10.0809,31.5745
2026-09-05T01:09:14.216903+00:00,2,19,static,static,request,10,1.0,45,163,50,94,17,429,0,0,4,0,0.9933,339.170,OPTIMAL,2822.000000,42.1430,77.3308
2026-09-05T01:09:15.198366+00:00,2,19,sketch,sketch,p50,10,1.0,45,94,66,119,32,477,0,0,70,0,0.9075,831.983,OPTIMAL,4026.000000,8.1156,24.4979
2026-09-05T01:09:18.208753+00:00,2,19,es,es,p50,10,1.0,45,96,68,121,36,475,0,3,76,1,0.9087,2114.678,OPTIMAL,4025.000000,7.6215,24.1839
2026-09-05T01:09:54.517050+00:00,2,20,static,static,request,10,1.0,40,181,51,90,24,453,0,0,15,1,0.9928,766.774,OPTIMAL,3120.000000,44.7267,96.9595
2026-09-05T01:09:56.382693+00:00,2,20,sketch,sketch,p50,10,1.0,40,108,67,117,29,506,0,1,72,2,0.9070,1768.243,OPTIMAL,4026.000000,7.9095,23.4413
2026-09-05T01:09:59.339852+00:00,2,20,es,es,p50,10,1.0,40,108,69,119,31,506,0,1,67,1,0.9080,2210.240,OPTIMAL,4028.000000,7.3290,21.7592
2026-09-05T01:10:33.562136+00:00,3,0,static,static,request,10,1.0,38,38,38,38,0,0,0,0,0,0,1.0000,65.373,OPTIMAL,38.000000,,
2026-09-05T01:10:33.612604+00:00,3,0,sketch,sketch,p50,10,1.0,38,38,38,38,0,0,0,0,0,0,1.0000,49.994,OPTIMAL,38.000000,,
2026-09-05T01:10:33.662460+00:00,3,0,es,es,p50,10,1.0,38,38,38,38,0,0,0,0,0,0,1.0000,49.444,OPTIMAL,38.000000,,
2026-09-05T01:11:06.472399+00:00,3,1,static,static,request,10,1.0,23,23,61,61,0,0,0,0,4,0,0.9943,113.669,OPTIMAL,3823.000000,52.0600,95.7048
2026-09-05T01:11:06.633446+00:00,3,1,sketch,sketch,p50,10,1.0,23,23,61,61,0,0,0,0,4,0,0.9943,123.606,OPTIMAL,3823.000000,1.1361,1.3643
2026-09-05T01:11:07.772411+00:00,3,1,es,es,p50,10,1.0,23,23,61,61,0,0,0,0,4,0,0.9943,139.085,OPTIMAL,3823.000000,1.0965,1.2970
2026-09-05T01:11:42.932080+00:00,3,2,static,static,request,10,1.0,36,36,74,87,8,8,0,0,7,0,0.9942,1512.041,OPTIMAL,4034.000000,42.6260,82.5263
2026-09-05T01:11:43.439653+00:00,3,2,sketch,sketch,p50,10,1.0,36,36,76,89,8,8,0,0,36,0,0.9498,446.678,OPTIMAL,4036.000000,8.3878,24.2813
2026-09-05T01:11:44.961374+00:00,3,2,es,es,p50,10,1.0,36,36,76,89,8,8,0,0,36,0,0.9500,321.796,OPTIMAL,4036.000000,8.3291,24.3048
2026-09-05T01:12:18.936503+00:00,3,3,static,static,request,10,1.0,34,36,50,102,10,18,0,0,5,0,0.9940,590.987,OPTIMAL,2525.000000,52.3880,95.9404
2026-09-05T01:12:19.556748+00:00,3,3,sketch,sketch,p50,10,1.0,34,34,72,111,10,18,0,1,32,0,0.9479,518.603,OPTIMAL,4031.000000,5.0225,20.3046
2026-09-05T01:12:21.237346+00:00,3,3,es,es,p50,10,1.0,34,34,73,112,10,18,0,0,32,0,0.9481,524.128,OPTIMAL,4033.000000,4.9813,20.2745
2026-09-05T01:12:57.094850+00:00,3,4,static,static,request,10,1.0,36,47,48,105,18,36,0,0,7,0,0.9939,763.404,OPTIMAL,2721.000000,51.7505,97.3319
2026-09-05T01:12:58.063104+00:00,3,4,sketch,sketch,p50,10,1.0,36,38,70,123,18,36,0,0,58,2,0.9379,869.597,OPTIMAL,4030.000000,6.4653,20.8216
2026-09-05T01:12:59.961790+00:00,3,4,es,es,p50,10,1.0,36,37,69,123,18,36,0,0,57,2,0.9368,1111.341,OPTIMAL,4029.000000,6.3763,20.6971
2026-09-05T01:13:38.057753+00:00,3,5,static,static,request,10,1.0,34,60,75,114,26,62,0,0,18,1,0.9929,3085.391,OPTIMAL,4035.000000,41.7598,90.7565
2026-09-05T01:13:40.778058+00:00,3,5,sketch,sketch,p50,10,1.0,34,42,67,131,19,55,0,0,75,2,0.9259,2621.684,OPTIMAL,4027.000000,9.5732,26.9060
2026-09-05T01:13:48.651380+00:00,3,5,es,es,p50,10,1.0,34,42,68,131,20,56,0,0,71,1,0.9243,6823.750,OPTIMAL,4028.000000,9.3762,26.3158
2026-09-05T01:14:27.074045+00:00,3,6,static,static,request,10,1.0,29,54,71,114,31,93,0,0,11,0,0.9933,3001.417,OPTIMAL,4031.000000,40.3831,78.1260
2026-09-05T01:14:33.249118+00:00,3,6,sketch,sketch,p50,10,1.0,29,44,71,125,37,92,0,0,77,1,0.9200,6084.376,OPTIMAL,4031.000000,7.1607,23.0937
2026-09-05T01:14:36.594708+00:00,3,6,es,es,p50,10,1.0,29,43,71,126,36,92,0,0,80,3,0.9197,2617.671,OPTIMAL,4031.000000,7.0848,23.1237
2026-09-05T01:15:14.563054+00:00,3,7,static,static,request,10,1.0,28,51,54,115,21,114,0,0,14,1,0.9935,4995.621,OPTIMAL,3222.000000,38.6545,83.4888
2026-09-05T01:15:17.456050+00:00,3,7,sketch,sketch,p50,10,1.0,28,41,69,125,29,121,0,1,71,2,0.9179,2801.650,OPTIMAL,4028.000000,6.7969,22.1293
2026-09-05T01:15:20.199026+00:00,3,7,es,es,p50,10,1.0,28,40,67,125,28,120,0,1,77,2,0.9176,1114.428,OPTIMAL,4026.000000,7.2038,22.4709
2026-09-05T01:15:55.117529+00:00,3,8,static,static,request,10,1.0,27,56,51,112,27,141,0,0,6,0,0.9935,696.552,OPTIMAL,2724.000000,42.3853,87.2164
2026-09-05T01:15:55.910891+00:00,3,8,sketch,sketch,p50,10,1.0,27,39,67,123,29,150,0,2,64,1,0.9164,677.309,OPTIMAL,4025.000000,7.5340,24.0706
2026-09-05T01:15:57.800444+00:00,3,8,es,es,p50,10,1.0,27,40,68,125,28,148,0,2,65,0,0.9166,673.971,OPTIMAL,4026.000000,8.0294,24.9216
2026-09-05T01:16:35.387898+00:00,3,9,static,static,request,10,1.0,33,65,71,114,29,170,0,0,15,1,0.9930,2121.012,OPTIMAL,4031.000000,44.5221,84.7805
2026-09-05T01:16:37.084440+00:00,3,9,sketch,sketch,p50,10,1.0,33,45,70,127,26,176,0,0,74,1,0.9145,1603.378,OPTIMAL,4030.000000,9.1013,26.7958
2026-09-05T01:16:39.046642+00:00,3,9,es,es,p50,10,1.0,33,45,71,128,28,176,0,0,75,1,0.9134,855.409,OPTIMAL,4031.000000,9.2710,26.8220
2026-09-05T01:17:13.241411+00:00,3,10,static,static,request,10,1.0,29,63,49,109,26,196,0,0,13,1,0.9924,1238.828,OPTIMAL,2821.000000,46.7028,90.9640
2026-09-05T01:17:13.995475+00:00,3,10,sketch,sketch,p50,10,1.0,29,44,64,125,26,202,0,0,67,0,0.9129,639.295,OPTIMAL,4024.000000,8.5058,25.6216
2026-09-05T01:17:16.032338+00:00,3,10,es,es,p50,10,1.0,29,43,64,126,26,202,0,0,68,0,0.9117,819.373,OPTIMAL,4024.000000,8.6028,25.1976
2026-09-05T01:17:52.715985+00:00,3,11,static,static,request,10,1.0,36,78,67,110,29,225,0,0,11,1,0.9924,1763.580,OPTIMAL,3730.000000,49.8212,96.0625
2026-09-05T01:17:59.944738+00:00,3,11,sketch,sketch,p50,10,1.0,36,56,73,126,32,234,0,2,61,1,0.9129,7125.244,OPTIMAL,4031.000000,6.7812,22.7128
2026-09-05T01:18:04.685409+00:00,3,11,es,es,p50,10,1.0,36,55,72,125,33,235,0,1,61,1,0.9115,3350.427,OPTIMAL,4031.000000,6.9580,22.7205
2026-09-05T01:18:44.692179+00:00,3,12,static,static,request,10,1.0,38,86,64,109,29,254,0,0,12,1,0.9926,5208.271,OPTIMAL,3628.000000,45.4035,89.4294
2026-09-05T01:18:51.047977+00:00,3,12,sketch,sketch,p50,10,1.0,38,61,73,130,29,263,0,0,77,1,0.9124,6264.087,OPTIMAL,4033.000000,7.8534,21.8255
2026-09-05T01:19:05.060424+00:00,3,12,es,es,p50,10,1.0,38,61,71,128,28,263,0,1,75,1,0.9116,12626.544,OPTIMAL,4030.000000,8.0224,22.0132
2026-09-05T01:19:44.059162+00:00,3,13,static,static,request,10,1.0,40,98,67,107,31,285,0,0,7,0,0.9927,1798.899,OPTIMAL,3829.000000,47.8274,85.4928
2026-09-05T01:19:51.680504+00:00,3,13,sketch,sketch,p50,10,1.0,40,68,82,133,39,302,0,0,67,1,0.9120,7532.505,OPTIMAL,4042.000000,7.7823,26.5595
2026-09-05T01:19:55.233916+00:00,3,13,es,es,p50,10,1.0,40,70,81,133,36,299,0,0,69,1,0.9112,2738.159,OPTIMAL,4041.000000,8.2685,26.5044
2026-09-05T01:20:31.376615+00:00,3,14,static,static,request,10,1.0,30,99,49,105,25,310,0,0,17,1,0.9924,601.422,OPTIMAL,2623.000000,41.8808,74.6759
2026-09-05T01:20:32.368348+00:00,3,14,sketch,sketch,p50,10,1.0,30,56,63,130,26,328,0,2,75,3,0.9108,876.456,OPTIMAL,4021.000000,9.0134,26.8637
2026-09-05T01:20:34.057944+00:00,3,14,es,es,p50,10,1.0,30,59,64,129,28,327,0,1,78,1,0.9103,535.644,OPTIMAL,4023.000000,8.9860,25.3474
2026-09-05T01:21:09.154638+00:00,3,15,static,static,request,10,1.0,39,115,59,101,29,339,0,1,15,1,0.9920,814.907,OPTIMAL,3424.000000,42.6134,78.3784
2026-09-05T01:21:11.333260+00:00,3,15,sketch,sketch,p50,10,1.0,39,72,72,129,33,361,0,0,75,0,0.9100,2075.349,OPTIMAL,4032.000000,9.5513,27.4861
2026-09-05T01:21:15.296367+00:00,3,15,es,es,p50,10,1.0,39,74,75,128,36,363,0,1,80,2,0.9096,2647.015,OPTIMAL,4034.000000,8.9080,25.7119
2026-09-05T01:21:50.953108+00:00,3,16,static,static,request,10,1.0,21,111,63,91,33,372,0,0,6,0,0.9921,1540.060,OPTIMAL,4023.000000,44.1345,88.7684
2026-09-05T01:21:52.477568+00:00,3,16,sketch,sketch,p50,10,1.0,21,61,65,115,39,400,0,0,69,3,0.9092,1420.249,OPTIMAL,4025.000000,8.6065,24.7689
2026-09-05T01:21:54.708063+00:00,3,16,es,es,p50,10,1.0,21,60,64,117,35,398,0,0,63,0,0.9097,967.975,OPTIMAL,4024.000000,7.6531,22.8700
2026-09-05T01:22:28.329567+00:00,3,17,static,static,request,10,1.0,38,126,55,90,19,391,0,0,6,0,0.9923,428.865,OPTIMAL,3718.000000,46.6214,91.5431
2026-09-05T01:22:31.114622+00:00,3,17,sketch,sketch,p50,10,1.0,38,74,73,124,24,424,0,0,68,1,0.9093,2670.899,OPTIMAL,4033.000000,7.7491,25.6697
2026-09-05T01:22:34.174949+00:00,3,17,es,es,p50,10,1.0,38,74,69,122,24,422,0,1,66,1,0.9098,2380.193,OPTIMAL,4028.000000,7.9676,25.6229
2026-09-05T01:23:09.491844+00:00,3,18,static,static,request,10,1.0,30,138,59,89,20,411,0,0,8,0,0.9923,395.894,OPTIMAL,4019.000000,43.3927,90.3651
2026-09-05T01:23:10.196228+00:00,3,18,sketch,sketch,p50,10,1.0,30,71,60,122,22,446,0,0,67,0,0.9090,598.041,OPTIMAL,4020.000000,9.0951,25.3996
2026-09-05T01:23:13.598471+00:00,3,18,es,es,p50,10,1.0,30,75,65,125,22,444,0,2,68,0,0.9094,1689.289,OPTIMAL,4023.000000,9.3503,25.5559
2026-09-05T01:23:48.330572+00:00,3,19,static,static,request,10,1.0,45,164,45,88,17,428,0,0,7,0,0.9923,267.301,OPTIMAL,2916.000000,40.7431,79.8108
2026-09-05T01:23:49.111971+00:00,3,19,sketch,sketch,p50,10,1.0,45,96,67,119,30,476,0,2,74,0,0.9081,693.442,OPTIMAL,4025.000000,9.0597,28.8849
2026-09-05T01:23:50.788437+00:00,3,19,es,es,p50,10,1.0,45,95,65,117,33,477,0,0,76,1,0.9086,851.053,OPTIMAL,4025.000000,8.8066,28.7026
2026-09-05T01:24:25.927165+00:00,3,20,static,static,request,10,1.0,40,188,59,83,24,452,0,0,9,0,0.9922,1468.044,OPTIMAL,4019.000000,40.8095,82.4870
2026-09-05T01:24:26.841353+00:00,3,20,sketch,sketch,p50,10,1.0,40,109,69,116,32,508,0,0,70,1,0.9075,826.491,OPTIMAL,4029.000000,8.2269,24.2703
2026-09-05T01:24:35.705568+00:00,3,20,es,es,p50,10,1.0,40,110,69,115,31,508,0,1,72,2,0.9076,7680.208,OPTIMAL,4028.000000,9.5243,28.6096
2026-09-05T01:25:09.868391+00:00,4,0,static,static,request,10,1.0,38,38,38,38,0,0,0,0,0,0,1.0000,62.899,OPTIMAL,38.000000,,
2026-09-05T01:25:09.919293+00:00,4,0,sketch,sketch,p50,10,1.0,38,38,38,38,0,0,0,0,0,0,1.0000,50.432,OPTIMAL,38.000000,,
2026-09-05T01:25:09.969325+00:00,4,0,es,es,p50,10,1.0,38,38,38,38,0,0,0,0,0,0,1.0000,49.627,OPTIMAL,38.000000,,
2026-09-05T01:25:41.883490+00:00,4,1,static,static,request,10,1.0,23,23,61,61,0,0,0,0,1,0,0.9976,196.139,OPTIMAL,3823.000000,43.9627,73.8754
2026-09-05T01:25:42.054268+00:00,4,1,sketch,sketch,p50,10,1.0,23,23,61,61,0,0,0,0,1,0,0.9976,131.890,OPTIMAL,3823.000000,0.8012,1.0448
2026-09-05T01:25:43.314727+00:00,4,1,es,es,p50,10,1.0,23,23,61,61,0,0,0,0,1,0,0.9976,324.784,OPTIMAL,3823.000000,0.7753,1.0158
2026-09-05T01:26:17.510047+00:00,4,2,static,static,request,10,1.0,36,36,75,88,8,8,0,0,4,0,0.9948,978.334,OPTIMAL,4035.000000,50.7264,94.3011
2026-09-05T01:26:17.936140+00:00,4,2,sketch,sketch,p50,10,1.0,36,36,76,89,8,8,0,0,18,0,0.9697,373.983,OPTIMAL,4036.000000,4.7275,15.3413
2026-09-05T01:26:19.264712+00:00,4,2,es,es,p50,10,1.0,36,36,76,89,8,8,0,0,18,0,0.9698,268.375,OPTIMAL,4036.000000,4.7041,15.2965
2026-09-05T01:26:52.851494+00:00,4,3,static,static,request,10,1.0,34,35,51,102,10,18,0,0,11,1,0.9922,407.008,OPTIMAL,2724.000000,45.7353,95.0886
2026-09-05T01:26:53.388145+00:00,4,3,sketch,sketch,p50,10,1.0,34,34,70,110,9,17,0,2,34,1,0.9435,463.226,OPTIMAL,4028.000000,7.0033,23.8721
2026-09-05T01:26:54.462624+00:00,4,3,es,es,p50,10,1.0,34,34,73,113,9,17,0,2,34,1,0.9436,388.781,OPTIMAL,4031.000000,6.9713,23.8721
2026-09-05T01:27:28.691711+00:00,4,4,static,static,request,10,1.0,36,47,47,106,18,36,0,0,6,1,0.9931,616.915,OPTIMAL,2522.000000,49.2925,91.1975
2026-09-05T01:27:29.692172+00:00,4,4,sketch,sketch,p50,10,1.0,36,40,71,123,18,35,0,1,55,1,0.9353,915.505,OPTIMAL,4030.000000,6.4268,20.8578
2026-09-05T01:27:33.291913+00:00,4,4,es,es,p50,10,1.0,36,37,68,122,19,36,0,1,60,3,0.9371,2097.887,OPTIMAL,4027.000000,6.3951,20.8281
2026-09-05T01:28:14.696887+00:00,4,5,static,static,request,10,1.0,34,59,70,113,25,61,0,0,12,1,0.9925,7559.227,OPTIMAL,3832.000000,43.2351,76.6794
2026-09-05T01:28:20.794027+00:00,4,5,sketch,sketch,p50,10,1.0,34,43,70,131,22,57,0,0,64,1,0.9274,6001.808,OPTIMAL,4030.000000,8.5620,24.4624
2026-09-05T01:28:30.763886+00:00,4,5,es,es,p50,10,1.0,34,43,70,131,21,57,0,1,64,1,0.9296,8573.927,OPTIMAL,4029.000000,8.5299,24.3961
2026-09-05T01:29:10.343422+00:00,4,6,static,static,request,10,1.0,29,56,73,114,32,93,0,0,14,1,0.9907,3874.820,OPTIMAL,4033.000000,36.8830,82.7727
2026-09-05T01:29:11.077476+00:00,4,6,sketch,sketch,p50,10,1.0,29,42,67,125,33,90,0,0,79,3,0.9167,641.113,OPTIMAL,4027.000000,9.3640,26.3526
2026-09-05T01:29:13.271729+00:00,4,6,es,es,p50,10,1.0,29,42,68,126,33,90,0,1,76,1,0.9196,926.697,OPTIMAL,4027.000000,9.5092,26.2838
2026-09-05T01:29:47.595443+00:00,4,7,static,static,request,10,1.0,28,51,48,114,20,113,0,0,15,1,0.9899,742.408,OPTIMAL,2820.000000,45.5265,98.8943
2026-09-05T01:29:51.606710+00:00,4,7,sketch,sketch,p50,10,1.0,28,43,65,125,25,115,0,1,64,2,0.9160,3887.561,OPTIMAL,4024.000000,6.5794,22.4722
2026-09-05T01:29:55.327053+00:00,4,7,es,es,p50,10,1.0,28,42,66,126,26,116,0,3,66,4,0.9174,2915.739,OPTIMAL,4023.000000,6.4981,22.5103
2026-09-05T01:30:31.026217+00:00,4,8,static,static,request,10,1.0,27,58,61,111,29,142,0,0,13,0,0.9902,568.410,OPTIMAL,3526.000000,42.1368,84.4258
2026-09-05T01:30:31.849240+00:00,4,8,sketch,sketch,p50,10,1.0,27,45,73,124,34,149,0,0,69,0,0.9139,736.085,OPTIMAL,4033.000000,8.0328,26.9048
2026-09-05T01:30:34.793816+00:00,4,8,es,es,p50,10,1.0,27,43,70,124,32,148,0,2,70,1,0.9158,1310.130,OPTIMAL,4028.000000,7.3177,24.6203
2026-09-05T01:31:19.314475+00:00,4,9,static,static,request,10,1.0,33,65,61,113,25,167,0,0,17,1,0.9897,11053.424,OPTIMAL,3427.000000,49.4093,88.4171
2026-09-05T01:31:21.254228+00:00,4,9,sketch,sketch,p50,10,1.0,33,45,71,129,26,175,0,1,74,1,0.9129,1841.402,OPTIMAL,4030.000000,7.5142,19.7898
2026-09-05T01:31:23.413827+00:00,4,9,es,es,p50,10,1.0,33,46,69,129,24,172,0,0,72,1,0.9143,840.799,OPTIMAL,4029.000000,7.6789,20.8228
2026-09-05T01:31:58.587510+00:00,4,10,static,static,request,10,1.0,29,67,59,106,31,198,0,0,4,0,0.9906,755.223,OPTIMAL,3524.000000,45.4655,82.1593
2026-09-05T01:31:59.361285+00:00,4,10,sketch,sketch,p50,10,1.0,29,43,64,122,31,206,0,0,65,0,0.9133,665.771,OPTIMAL,4024.000000,8.7159,24.3266
2026-09-05T01:32:01.849019+00:00,4,10,es,es,p50,10,1.0,29,46,64,120,33,205,0,1,68,0,0.9140,1179.875,OPTIMAL,4023.000000,8.8800,24.2668
2026-09-05T01:32:39.020558+00:00,4,11,static,static,request,10,1.0,36,79,68,110,27,225,0,0,8,1,0.9913,1783.535,OPTIMAL,3731.000000,46.8896,85.5794
2026-09-05T01:32:40.647838+00:00,4,11,sketch,sketch,p50,10,1.0,36,55,71,126,27,233,0,1,65,1,0.9122,1534.594,OPTIMAL,4030.000000,7.8601,21.5892
2026-09-05T01:32:44.192816+00:00,4,11,es,es,p50,10,1.0,36,58,75,124,31,236,0,0,63,0,0.9136,2494.977,OPTIMAL,4035.000000,8.1008,22.2094
2026-09-05T01:33:23.858307+00:00,4,12,static,static,request,10,1.0,38,86,62,108,29,254,0,0,20,1,0.9904,5507.042,OPTIMAL,3527.000000,40.4492,87.9633
2026-09-05T01:33:28.072749+00:00,4,12,sketch,sketch,p50,10,1.0,38,62,71,132,25,258,0,2,77,2,0.9084,4116.523,OPTIMAL,4029.000000,12.9401,35.1987
2026-09-05T01:33:38.294019+00:00,4,12,es,es,p50,10,1.0,38,61,70,129,25,261,0,1,70,0,0.9109,9482.768,OPTIMAL,4029.000000,12.5524,35.0326
2026-09-05T01:34:15.055994+00:00,4,13,static,static,request,10,1.0,40,99,61,106,28,282,0,0,15,1,0.9903,993.386,OPTIMAL,3526.000000,42.2759,80.8846
2026-09-05T01:34:26.961982+00:00,4,13,sketch,sketch,p50,10,1.0,40,71,81,131,42,300,0,1,79,0,0.9071,11804.455,OPTIMAL,4040.000000,8.1416,24.4738
2026-09-05T01:34:50.384967+00:00,4,13,es,es,p50,10,1.0,40,71,82,130,41,302,0,0,78,1,0.9093,22528.450,OPTIMAL,4042.000000,8.0358,23.7420
2026-09-05T01:35:29.254438+00:00,4,14,static,static,request,10,1.0,30,103,57,103,31,313,0,0,12,1,0.9906,3653.060,OPTIMAL,2928.000000,42.7363,83.8691
2026-09-05T01:35:30.090834+00:00,4,14,sketch,sketch,p50,10,1.0,30,60,67,125,33,333,0,0,62,1,0.9082,743.434,OPTIMAL,4027.000000,6.2013,21.6597
2026-09-05T01:35:31.718411+00:00,4,14,es,es,p50,10,1.0,30,59,62,122,30,332,0,0,60,1,0.9105,773.559,OPTIMAL,4022.000000,6.0194,21.6907
2026-09-05T01:36:06.289038+00:00,4,15,static,static,request,10,1.0,39,114,47,102,23,336,0,0,10,0,0.9909,1014.499,OPTIMAL,2522.000000,36.9279,72.6932
2026-09-05T01:36:07.379588+00:00,4,15,sketch,sketch,p50,10,1.0,39,72,70,125,30,363,0,0,77,1,0.9074,985.798,OPTIMAL,4030.000000,8.9690,26.8421
2026-09-05T01:36:10.924521+00:00,4,15,es,es,p50,10,1.0,39,76,74,126,30,362,0,1,78,2,0.9092,1863.091,OPTIMAL,4033.000000,8.9951,26.5393
2026-09-05T01:36:48.307351+00:00,4,16,static,static,request,10,1.0,21,113,60,89,33,369,0,0,7,0,0.9911,2931.223,OPTIMAL,4020.000000,45.4591,76.2819
2026-09-05T01:36:49.410403+00:00,4,16,sketch,sketch,p50,10,1.0,21,63,65,118,32,395,0,3,64,1,0.9077,998.480,OPTIMAL,4022.000000,7.8818,20.7894
2026-09-05T01:36:50.751031+00:00,4,16,es,es,p50,10,1.0,21,63,64,116,34,396,0,0,65,1,0.9098,673.718,OPTIMAL,4024.000000,7.3668,20.6539
2026-09-05T01:37:26.536260+00:00,4,17,static,static,request,10,1.0,38,131,62,89,22,391,0,0,10,1,0.9907,1474.452,OPTIMAL,4022.000000,45.3315,87.8672
2026-09-05T01:37:39.937680+00:00,4,17,sketch,sketch,p50,10,1.0,38,76,74,124,28,423,0,1,72,1,0.9080,13316.573,OPTIMAL,4033.000000,7.5949,23.8232
2026-09-05T01:37:47.414146+00:00,4,17,es,es,p50,10,1.0,38,77,75,126,25,421,0,0,68,0,0.9099,6233.783,OPTIMAL,4035.000000,7.4394,23.7475
2026-09-05T01:38:24.513470+00:00,4,18,static,static,request,10,1.0,30,139,56,90,19,410,0,0,7,0,0.9909,727.398,OPTIMAL,3620.000000,38.3937,78.7406
2026-09-05T01:38:25.692602+00:00,4,18,sketch,sketch,p50,10,1.0,30,72,62,127,19,442,0,1,63,1,0.9084,1064.382,OPTIMAL,4021.000000,7.5982,25.2900
2026-09-05T01:38:28.101046+00:00,4,18,es,es,p50,10,1.0,30,72,62,130,18,439,0,0,62,0,0.9103,903.913,OPTIMAL,4022.000000,7.7190,25.2362
2026-09-05T01:39:01.033844+00:00,4,19,static,static,request,10,1.0,45,164,52,91,18,428,0,0,9,0,0.9909,486.645,OPTIMAL,3319.000000,39.3541,85.1461
2026-09-05T01:39:01.914671+00:00,4,19,sketch,sketch,p50,10,1.0,45,95,64,117,34,476,0,1,74,1,0.9067,793.108,OPTIMAL,4023.000000,10.4538,27.1440
2026-09-05T01:39:07.570464+00:00,4,19,es,es,p50,10,1.0,45,95,69,121,38,477,0,3,76,1,0.9084,4236.869,OPTIMAL,4026.000000,10.5675,26.2175
2026-09-05T01:39:41.921320+00:00,4,20,static,static,request,10,1.0,40,185,53,89,20,448,0,0,13,1,0.9908,914.371,OPTIMAL,3518.000000,40.3642,86.3082
2026-09-05T01:39:42.961794+00:00,4,20,sketch,sketch,p50,10,1.0,40,111,66,112,31,507,0,0,77,2,0.9060,954.196,OPTIMAL,4026.000000,8.3059,23.6133
2026-09-05T01:39:46.537485+00:00,4,20,es,es,p50,10,1.0,40,106,67,120,28,505,0,1,75,1,0.9079,2147.410,OPTIMAL,4026.000000,7.5664,22.3634
2026-09-05T01:40:20.878386+00:00,5,0,static,static,request,10,1.0,38,38,38,38,0,0,0,0,0,0,1.0000,69.225,OPTIMAL,38.000000,,
2026-09-05T01:40:20.943880+00:00,5,0,sketch,sketch,p50,10,1.0,38,38,38,38,0,0,0,0,0,0,1.0000,64.934,OPTIMAL,38.000000,,
2026-09-05T01:40:21.016103+00:00,5,0,es,es,p50,10,1.0,38,38,38,38,0,0,0,0,0,0,1.0000,71.618,OPTIMAL,38.000000,,
2026-09-05T01:40:54.735300+00:00,5,1,static,static,request,10,1.0,23,23,61,61,0,0,0,0,2,0,0.9948,112.385,OPTIMAL,3823.000000,41.7329,86.4508
2026-09-05T01:40:54.890164+00:00,5,1,sketch,sketch,p50,10,1.0,23,23,61,61,0,0,0,0,2,0,0.9948,118.523,OPTIMAL,3823.000000,1.0950,1.3555
2026-09-05T01:40:56.006871+00:00,5,1,es,es,p50,10,1.0,23,23,61,61,0,0,0,0,2,0,0.9948,147.282,OPTIMAL,3823.000000,1.0489,1.3302
2026-09-05T01:41:30.486036+00:00,5,2,static,static,request,10,1.0,36,36,74,87,8,8,0,0,6,0,0.9921,1051.992,OPTIMAL,4034.000000,50.7876,99.9429
2026-09-05T01:41:30.885426+00:00,5,2,sketch,sketch,p50,10,1.0,36,36,76,90,7,7,0,0,19,0,0.9671,346.948,OPTIMAL,4036.000000,4.9570,17.4253
2026-09-05T01:41:32.503065+00:00,5,2,es,es,p50,10,1.0,36,36,76,90,7,7,0,0,19,0,0.9673,647.661,OPTIMAL,4036.000000,4.9009,17.3851
2026-09-05T01:42:06.738272+00:00,5,3,static,static,request,10,1.0,34,36,51,102,10,18,0,0,11,1,0.9932,484.813,OPTIMAL,2625.000000,43.9880,87.1645
2026-09-05T01:42:07.313581+00:00,5,3,sketch,sketch,p50,10,1.0,34,34,71,111,10,17,0,1,43,1,0.9449,489.905,OPTIMAL,4030.000000,7.1331,21.1698
2026-09-05T01:42:08.932960+00:00,5,3,es,es,p50,10,1.0,34,34,71,111,10,17,0,1,44,1,0.9448,991.934,OPTIMAL,4030.000000,7.0836,21.1850
2026-09-05T01:42:43.969351+00:00,5,4,static,static,request,10,1.0,36,47,49,106,18,36,0,0,11,1,0.9922,685.775,OPTIMAL,2722.000000,48.5368,87.9321
2026-09-05T01:42:44.844215+00:00,5,4,sketch,sketch,p50,10,1.0,36,39,70,123,18,35,0,0,51,1,0.9363,771.691,OPTIMAL,4030.000000,7.4128,24.9310
2026-09-05T01:42:46.971307+00:00,5,4,es,es,p50,10,1.0,36,39,71,123,19,36,0,1,47,0,0.9373,918.783,OPTIMAL,4030.000000,7.3483,24.9788
2026-09-05T01:43:28.689839+00:00,5,5,static,static,request,10,1.0,34,59,68,113,26,62,0,0,9,0,0.9916,8608.432,OPTIMAL,3533.000000,40.6607,99.7056
2026-09-05T01:43:32.159618+00:00,5,5,sketch,sketch,p50,10,1.0,34,43,70,130,23,58,0,0,65,0,0.9291,3376.660,OPTIMAL,4030.000000,8.3107,21.7544
2026-09-05T01:43:35.054962+00:00,5,5,es,es,p50,10,1.0,34,42,69,130,22,58,0,1,67,2,0.9291,2013.632,OPTIMAL,4028.000000,8.1837,21.7619
2026-09-05T01:44:12.447892+00:00,5,6,static,static,request,10,1.0,29,55,71,114,30,92,0,0,19,2,0.9898,2731.150,OPTIMAL,4031.000000,45.1859,89.7186
2026-09-05T01:44:16.062794+00:00,5,6,sketch,sketch,p50,10,1.0,29,42,70,127,33,91,0,1,73,1,0.9244,3522.067,OPTIMAL,4029.000000,7.4123,25.5282
2026-09-05T01:44:18.727151+00:00,5,6,es,es,p50,10,1.0,29,42,70,127,33,91,0,0,69,0,0.9245,1527.757,OPTIMAL,4030.000000,7.4742,25.4161
2026-09-05T01:44:51.760701+00:00,5,7,static,static,request,10,1.0,28,52,48,115,19,111,0,0,17,2,0.9895,637.050,OPTIMAL,2820.000000,38.8090,84.1239
2026-09-05T01:44:52.770292+00:00,5,7,sketch,sketch,p50,10,1.0,28,40,67,127,27,118,0,0,71,1,0.9201,900.985,OPTIMAL,4027.000000,9.6177,28.2439
2026-09-05T01:44:55.169111+00:00,5,7,es,es,p50,10,1.0,28,40,66,127,26,117,0,1,72,2,0.9204,981.526,OPTIMAL,4025.000000,9.1443,28.0898
2026-09-05T01:45:28.519994+00:00,5,8,static,static,request,10,1.0,27,59,59,111,30,141,0,0,10,0,0.9902,520.065,OPTIMAL,3326.000000,43.7588,88.7610
2026-09-05T01:45:29.143529+00:00,5,8,sketch,sketch,p50,10,1.0,27,40,69,127,29,147,0,1,71,1,0.9182,531.590,OPTIMAL,4028.000000,7.0860,24.1348
2026-09-05T01:45:31.473876+00:00,5,8,es,es,p50,10,1.0,27,41,67,124,30,147,0,1,72,1,0.9194,1115.061,OPTIMAL,4026.000000,6.9498,21.8197
2026-09-05T01:46:05.615225+00:00,5,9,static,static,request,10,1.0,33,66,61,113,27,168,0,0,6,0,0.9906,1190.780,OPTIMAL,3229.000000,51.5251,97.9300
2026-09-05T01:46:07.619985+00:00,5,9,sketch,sketch,p50,10,1.0,33,44,71,128,30,177,0,0,75,1,0.9155,1913.982,OPTIMAL,4031.000000,8.6920,27.7421
2026-09-05T01:46:10.902202+00:00,5,9,es,es,p50,10,1.0,33,47,73,127,30,177,0,0,72,0,0.9169,2497.645,OPTIMAL,4033.000000,8.3993,24.5965
2026-09-05T01:46:44.812447+00:00,5,10,static,static,request,10,1.0,29,66,53,109,26,194,0,0,14,1,0.9904,807.530,OPTIMAL,3122.000000,48.6845,86.4971
2026-09-05T01:46:45.270979+00:00,5,10,sketch,sketch,p50,10,1.0,29,42,62,123,27,204,0,0,76,0,0.9140,363.789,OPTIMAL,4022.000000,8.2766,22.5172
2026-09-05T01:46:47.136899+00:00,5,10,es,es,p50,10,1.0,29,43,63,122,28,205,0,0,73,0,0.9160,647.148,OPTIMAL,4023.000000,7.4437,21.3296
2026-09-05T01:47:22.042801+00:00,5,11,static,static,request,10,1.0,36,80,65,110,28,222,0,0,10,1,0.9909,770.506,OPTIMAL,3629.000000,40.0759,81.1422
2026-09-05T01:47:23.023540+00:00,5,11,sketch,sketch,p50,10,1.0,36,56,72,124,31,235,0,1,79,1,0.9103,879.408,OPTIMAL,4031.000000,10.0041,25.7613
2026-09-05T01:47:25.417577+00:00,5,11,es,es,p50,10,1.0,36,56,73,123,32,237,0,1,77,1,0.9122,875.023,OPTIMAL,4032.000000,9.6822,25.7147
2026-09-05T01:48:01.624154+00:00,5,12,static,static,request,10,1.0,38,89,64,107,30,252,0,0,18,1,0.9903,2629.195,OPTIMAL,3727.000000,40.6144,95.2634
2026-09-05T01:48:02.632303+00:00,5,12,sketch,sketch,p50,10,1.0,38,62,73,128,29,264,0,0,76,1,0.9078,916.055,OPTIMAL,4033.000000,9.8170,27.0832
2026-09-05T01:48:06.418257+00:00,5,12,es,es,p50,10,1.0,38,61,70,126,27,264,0,1,69,1,0.9100,2782.628,OPTIMAL,4029.000000,9.1875,27.1205
2026-09-05T01:48:47.434868+00:00,5,13,static,static,request,10,1.0,40,102,71,107,31,283,0,0,12,1,0.9898,5905.351,OPTIMAL,4031.000000,46.9599,88.5832
2026-09-05T01:48:49.521577+00:00,5,13,sketch,sketch,p50,10,1.0,40,69,79,134,33,297,0,0,59,0,0.9090,1996.460,OPTIMAL,4039.000000,7.4962,24.2471
2026-09-05T01:49:00.241096+00:00,5,13,es,es,p50,10,1.0,40,71,79,133,32,296,0,0,58,0,0.9116,9538.864,OPTIMAL,4039.000000,6.7149,22.4962
2026-09-05T01:49:40.314955+00:00,5,14,static,static,request,10,1.0,30,101,56,105,29,312,0,0,13,2,0.9898,2870.492,OPTIMAL,2927.000000,43.5380,82.3359
2026-09-05T01:49:41.022320+00:00,5,14,sketch,sketch,p50,10,1.0,30,60,65,126,33,330,0,0,64,0,0.9097,594.531,OPTIMAL,4025.000000,7.7013,24.9910
2026-09-05T01:49:42.913284+00:00,5,14,es,es,p50,10,1.0,30,62,67,127,33,329,0,0,70,3,0.9111,1107.082,OPTIMAL,4027.000000,7.3517,22.5143
2026-09-05T01:50:16.701043+00:00,5,15,static,static,request,10,1.0,39,113,50,102,25,337,0,0,11,1,0.9901,649.648,OPTIMAL,2822.000000,46.3427,87.7862
2026-09-05T01:50:17.492238+00:00,5,15,sketch,sketch,p50,10,1.0,39,74,73,130,29,359,0,0,70,1,0.9090,699.849,OPTIMAL,4033.000000,8.6012,27.2723
2026-09-05T01:50:21.591742+00:00,5,15,es,es,p50,10,1.0,39,74,74,129,32,361,0,1,71,2,0.9106,2731.383,OPTIMAL,4033.000000,8.1543,23.5943
2026-09-05T01:50:56.561231+00:00,5,16,static,static,request,10,1.0,21,112,62,92,32,369,0,1,8,0,0.9902,1159.885,OPTIMAL,4021.000000,43.8057,86.4179
2026-09-05T01:50:59.025598+00:00,5,16,sketch,sketch,p50,10,1.0,21,62,66,119,37,396,0,3,76,1,0.9086,2360.792,OPTIMAL,4023.000000,7.6400,23.7891
2026-09-05T01:51:01.196289+00:00,5,16,es,es,p50,10,1.0,21,61,62,118,33,394,0,1,78,2,0.9106,1245.293,OPTIMAL,4021.000000,7.7401,23.9518
2026-09-05T01:51:37.715204+00:00,5,17,static,static,request,10,1.0,38,128,56,91,18,387,0,0,3,0,0.9906,1093.699,OPTIMAL,3917.000000,46.2417,91.8544
2026-09-05T01:51:56.421976+00:00,5,17,sketch,sketch,p50,10,1.0,38,74,72,125,26,422,0,0,68,1,0.9089,18604.293,OPTIMAL,4032.000000,7.1564,22.3465
2026-09-05T01:51:59.918241+00:00,5,17,es,es,p50,10,1.0,38,77,73,126,25,419,0,0,69,1,0.9106,2904.368,OPTIMAL,4033.000000,7.7494,23.7690
2026-09-05T01:52:37.499696+00:00,5,18,static,static,request,10,1.0,30,141,58,89,21,408,0,0,6,0,0.9906,1715.999,OPTIMAL,3919.000000,45.6262,93.5629
2026-09-05T01:52:38.115857+00:00,5,18,sketch,sketch,p50,10,1.0,30,72,61,123,23,445,0,0,62,0,0.9086,503.168,OPTIMAL,4021.000000,8.1112,28.2371
2026-09-05T01:52:39.811552+00:00,5,18,es,es,p50,10,1.0,30,74,63,125,24,443,0,1,59,0,0.9105,765.945,OPTIMAL,4022.000000,7.6285,26.5662
2026-09-05T01:53:16.197979+00:00,5,19,static,static,request,10,1.0,45,167,64,89,24,432,0,0,9,1,0.9909,3835.931,OPTIMAL,4024.000000,35.4100,70.2096
2026-09-05T01:53:17.237810+00:00,5,19,sketch,sketch,p50,10,1.0,45,96,65,114,34,479,0,0,75,0,0.9077,952.140,OPTIMAL,4025.000000,9.4071,28.2268
2026-09-05T01:53:20.480564+00:00,5,19,es,es,p50,10,1.0,45,96,66,117,34,477,0,3,78,1,0.9088,2322.960,OPTIMAL,4023.000000,9.3821,28.2605
2026-09-05T01:53:58.137735+00:00,5,20,static,static,request,10,1.0,40,183,57,89,20,452,0,0,7,0,0.9911,999.694,OPTIMAL,3720.000000,43.2313,87.7997
2026-09-05T01:54:00.621307+00:00,5,20,sketch,sketch,p50,10,1.0,40,111,69,112,31,510,0,0,77,1,0.9068,2390.181,OPTIMAL,4029.000000,10.2715,25.8152
2026-09-05T01:54:03.098578+00:00,5,20,es,es,p50,10,1.0,40,110,68,114,31,508,0,2,81,2,0.9078,865.079,OPTIMAL,4026.000000,10.0217,25.8412
2026-09-05T01:54:37.413645+00:00,6,0,static,static,request,10,1.0,38,38,38,38,0,0,0,0,0,0,1.0000,70.725,OPTIMAL,38.000000,,
2026-09-05T01:54:37.484977+00:00,6,0,sketch,sketch,p50,10,1.0,38,38,38,38,0,0,0,0,0,0,1.0000,70.548,OPTIMAL,38.000000,,
2026-09-05T01:54:37.576839+00:00,6,0,es,es,p50,10,1.0,38,38,38,38,0,0,0,0,0,0,1.0000,90.933,OPTIMAL,38.000000,,
2026-09-05T01:55:11.275032+00:00,6,1,static,static,request,10,1.0,23,23,61,61,0,0,0,0,3,0,0.9927,112.292,OPTIMAL,3823.000000,48.3458,78.9943
2026-09-05T01:55:11.484202+00:00,6,1,sketch,sketch,p50,10,1.0,23,23,61,61,0,0,0,0,3,0,0.9927,173.206,OPTIMAL,3823.000000,1.5047,1.9590
2026-09-05T01:55:12.587940+00:00,6,1,es,es,p50,10,1.0,23,23,61,61,0,0,0,0,3,0,0.9927,159.562,OPTIMAL,3823.000000,1.4415,1.8649
2026-09-05T01:55:46.680905+00:00,6,2,static,static,request,10,1.0,36,36,74,87,8,8,0,0,4,0,0.9911,837.356,OPTIMAL,4034.000000,51.2221,91.1259
2026-09-05T01:55:47.081296+00:00,6,2,sketch,sketch,p50,10,1.0,36,36,76,89,8,8,0,0,24,0,0.9632,339.692,OPTIMAL,4036.000000,5.2843,18.9399
2026-09-05T01:55:48.828966+00:00,6,2,es,es,p50,10,1.0,36,36,76,89,8,8,0,0,24,0,0.9634,387.846,OPTIMAL,4036.000000,5.2278,18.8505
2026-09-05T01:56:23.089772+00:00,6,3,static,static,request,10,1.0,34,36,53,103,10,18,0,0,11,1,0.9896,507.936,OPTIMAL,2726.000000,45.8131,86.7752
2026-09-05T01:56:23.705214+00:00,6,3,sketch,sketch,p50,10,1.0,34,34,73,112,10,18,0,2,42,1,0.9435,543.317,OPTIMAL,4031.000000,6.9029,23.1094
2026-09-05T01:56:24.946125+00:00,6,3,es,es,p50,10,1.0,34,34,73,112,10,18,0,2,42,1,0.9437,417.045,OPTIMAL,4031.000000,6.8614,22.8809
2026-09-05T01:57:00.159339+00:00,6,4,static,static,request,10,1.0,36,46,48,107,18,36,0,0,10,1,0.9893,889.058,OPTIMAL,2622.000000,48.3579,98.9797
2026-09-05T01:57:01.449639+00:00,6,4,sketch,sketch,p50,10,1.0,36,37,68,122,18,36,0,0,58,1,0.9356,1188.262,OPTIMAL,4028.000000,6.4311,20.5229
2026-09-05T01:57:03.779760+00:00,6,4,es,es,p50,10,1.0,36,37,68,122,18,36,0,1,55,1,0.9363,1152.534,OPTIMAL,4027.000000,6.3812,20.5873
2026-09-05T01:57:42.824001+00:00,6,5,static,static,request,10,1.0,34,58,65,113,25,61,0,0,14,1,0.9891,4725.972,OPTIMAL,3431.000000,40.9952,83.0633
2026-09-05T01:57:43.735409+00:00,6,5,sketch,sketch,p50,10,1.0,34,43,70,132,20,56,0,1,69,1,0.9275,814.166,OPTIMAL,4029.000000,8.9224,23.6449
2026-09-05T01:57:47.773042+00:00,6,5,es,es,p50,10,1.0,34,43,69,131,20,56,0,0,70,1,0.9281,3156.524,OPTIMAL,4029.000000,8.8569,23.5728
2026-09-05T01:58:33.994537+00:00,6,6,static,static,request,10,1.0,29,56,72,114,31,92,0,0,14,2,0.9895,10937.256,OPTIMAL,4032.000000,40.1901,85.9334
2026-09-05T01:58:34.919603+00:00,6,6,sketch,sketch,p50,10,1.0,29,42,69,125,36,92,0,0,75,2,0.9208,827.025,OPTIMAL,4029.000000,8.4231,23.7461
2026-09-05T01:58:36.360026+00:00,6,6,es,es,p50,10,1.0,29,43,70,124,37,93,0,0,74,1,0.9224,580.066,OPTIMAL,4030.000000,8.1647,23.6214
2026-09-05T01:59:11.308880+00:00,6,7,static,static,request,10,1.0,28,52,52,114,22,114,0,0,12,2,0.9897,913.479,OPTIMAL,3022.000000,44.4962,89.2841
2026-09-05T01:59:16.375088+00:00,6,7,sketch,sketch,p50,10,1.0,28,41,67,127,25,117,0,2,71,2,0.9182,4933.398,OPTIMAL,4025.000000,7.7235,20.5829
2026-09-05T01:59:18.713152+00:00,6,7,es,es,p50,10,1.0,28,41,66,126,24,117,0,1,69,2,0.9197,861.147,OPTIMAL,4025.000000,7.6711,20.5795
2026-09-05T01:59:52.070511+00:00,6,8,static,static,request,10,1.0,27,57,52,111,25,139,0,0,10,0,0.9905,341.042,OPTIMAL,3022.000000,39.0631,83.3641
2026-09-05T01:59:52.767037+00:00,6,8,sketch,sketch,p50,10,1.0,27,41,68,125,30,147,0,1,68,1,0.9159,594.981,OPTIMAL,4027.000000,8.5006,25.7866
2026-09-05T01:59:55.136266+00:00,6,8,es,es,p50,10,1.0,27,42,70,125,31,148,0,0,67,0,0.9176,1215.900,OPTIMAL,4030.000000,8.9025,25.8644
2026-09-05T02:00:39.925851+00:00,6,9,static,static,request,10,1.0,33,68,74,114,31,170,0,0,7,0,0.9909,10326.509,OPTIMAL,4034.000000,49.1956,92.7733
2026-09-05T02:00:42.640983+00:00,6,9,sketch,sketch,p50,10,1.0,33,46,73,129,29,176,0,0,68,0,0.9149,2616.278,OPTIMAL,4033.000000,7.9237,22.5767
2026-09-05T02:00:49.309163+00:00,6,9,es,es,p50,10,1.0,33,45,72,130,27,175,0,2,71,1,0.9156,5313.870,OPTIMAL,4030.000000,7.6004,22.5008
2026-09-05T02:01:24.140532+00:00,6,10,static,static,request,10,1.0,29,63,45,107,26,196,0,0,12,0,0.9915,679.222,OPTIMAL,2619.000000,46.8289,98.6892
2026-09-05T02:01:25.101827+00:00,6,10,sketch,sketch,p50,10,1.0,29,42,62,121,30,206,0,0,70,0,0.9147,822.075,OPTIMAL,4022.000000,8.0048,24.9367
2026-09-05T02:01:26.740288+00:00,6,10,es,es,p50,10,1.0,29,42,61,122,29,204,0,0,70,0,0.9152,739.920,OPTIMAL,4021.000000,7.9786,24.9898
2026-09-05T02:02:04.118111+00:00,6,11,static,static,request,10,1.0,36,80,72,111,28,224,0,0,5,0,0.9918,2160.007,OPTIMAL,4032.000000,42.9217,80.4585
2026-09-05T02:02:12.527570+00:00,6,11,sketch,sketch,p50,10,1.0,36,56,73,125,29,235,0,0,72,0,0.9137,8308.834,OPTIMAL,4033.000000,9.2604,26.9887
2026-09-05T02:02:15.471814+00:00,6,11,es,es,p50,10,1.0,36,57,74,126,30,234,0,0,75,0,0.9137,2362.761,OPTIMAL,4034.000000,9.8567,27.4267
2026-09-05T02:03:00.087173+00:00,6,12,static,static,request,10,1.0,38,86,67,109,31,255,0,0,6,0,0.9923,9596.636,OPTIMAL,3829.000000,41.7715,84.0858
2026-09-05T02:03:02.668961+00:00,6,12,sketch,sketch,p50,10,1.0,38,61,74,130,29,264,0,0,71,1,0.9133,2483.633,OPTIMAL,4034.000000,7.2086,19.2629
2026-09-05T02:03:17.246984+00:00,6,12,es,es,p50,10,1.0,38,61,72,129,29,263,0,0,72,1,0.9132,13028.615,OPTIMAL,4032.000000,7.2278,19.2168
2026-09-05T02:03:55.602221+00:00,6,13,static,static,request,10,1.0,40,97,67,109,28,283,0,0,10,1,0.9924,1861.061,OPTIMAL,3928.000000,43.0106,78.4044
2026-09-05T02:04:09.909229+00:00,6,13,sketch,sketch,p50,10,1.0,40,67,78,135,33,297,0,0,74,1,0.9128,14211.638,OPTIMAL,4038.000000,8.0020,26.2461
2026-09-05T02:04:18.709838+00:00,6,13,es,es,p50,10,1.0,40,69,78,134,33,296,0,1,76,2,0.9121,7417.062,OPTIMAL,4037.000000,8.3350,26.6227
2026-09-05T02:04:58.338512+00:00,6,14,static,static,request,10,1.0,30,99,52,106,27,310,0,0,11,1,0.9920,1179.564,OPTIMAL,2824.000000,43.3287,78.7883
2026-09-05T02:04:59.231309+00:00,6,14,sketch,sketch,p50,10,1.0,30,59,65,127,33,330,0,0,77,1,0.9122,777.994,OPTIMAL,4025.000000,8.3403,23.8906
2026-09-05T02:05:02.057259+00:00,6,14,es,es,p50,10,1.0,30,61,66,127,33,329,0,0,74,1,0.9116,1748.459,OPTIMAL,4026.000000,8.4269,25.9213
2026-09-05T02:05:36.850125+00:00,6,15,static,static,request,10,1.0,39,114,64,101,30,340,0,0,13,1,0.9920,810.618,OPTIMAL,3925.000000,46.9647,88.9197
2026-09-05T02:05:38.956391+00:00,6,15,sketch,sketch,p50,10,1.0,39,73,74,128,33,363,0,0,71,1,0.9129,2016.258,OPTIMAL,4034.000000,6.8105,20.4913
2026-09-05T02:05:41.849528+00:00,6,15,es,es,p50,10,1.0,39,74,73,125,35,364,0,0,72,1,0.9123,1405.287,OPTIMAL,4033.000000,6.6997,20.2957
2026-09-05T02:06:17.017047+00:00,6,16,static,static,request,10,1.0,21,110,62,90,33,373,0,0,7,0,0.9923,1186.533,OPTIMAL,4022.000000,44.0681,76.1649
2026-09-05T02:06:18.290179+00:00,6,16,sketch,sketch,p50,10,1.0,21,60,60,115,33,396,0,0,68,1,0.9128,1167.314,OPTIMAL,4020.000000,6.9277,23.1775
2026-09-05T02:06:20.488224+00:00,6,16,es,es,p50,10,1.0,21,62,63,116,32,396,0,0,67,1,0.9123,959.253,OPTIMAL,4023.000000,7.1531,23.1840
2026-09-05T02:06:55.632833+00:00,6,17,static,static,request,10,1.0,38,126,60,93,17,390,0,0,4,0,0.9924,1268.155,OPTIMAL,4020.000000,42.2704,79.7866
2026-09-05T02:07:18.339713+00:00,6,17,sketch,sketch,p50,10,1.0,38,78,77,124,28,424,0,0,65,0,0.9125,22607.852,OPTIMAL,4037.000000,8.2471,26.0648
2026-09-05T02:07:22.238920+00:00,6,17,es,es,p50,10,1.0,38,77,75,124,27,423,0,0,66,1,0.9119,2652.878,OPTIMAL,4035.000000,7.6369,23.6821
2026-09-05T02:08:00.899492+00:00,6,18,static,static,request,10,1.0,30,136,59,92,22,412,0,0,5,0,0.9925,672.026,OPTIMAL,3821.000000,42.2140,83.9139
2026-09-05T02:08:01.626433+00:00,6,18,sketch,sketch,p50,10,1.0,30,71,63,127,20,444,0,2,63,1,0.9133,611.807,OPTIMAL,4021.000000,6.7024,22.0952
2026-09-05T02:08:03.428602+00:00,6,18,es,es,p50,10,1.0,30,72,63,128,19,442,0,2,62,0,0.9125,813.465,OPTIMAL,4021.000000,7.0535,23.8253
2026-09-05T02:08:37.290785+00:00,6,19,static,static,request,10,1.0,45,160,54,93,20,432,0,0,15,1,0.9923,668.153,OPTIMAL,3321.000000,39.6475,72.1619
2026-09-05T02:08:38.309998+00:00,6,19,sketch,sketch,p50,10,1.0,45,93,66,119,34,478,0,1,75,1,0.9117,915.799,OPTIMAL,4025.000000,9.9764,27.8185
2026-09-05T02:08:40.569967+00:00,6,19,es,es,p50,10,1.0,45,94,66,120,34,476,0,1,76,1,0.9107,839.102,OPTIMAL,4025.000000,10.4355,29.0084
2026-09-05T02:09:14.806141+00:00,6,20,static,static,request,10,1.0,40,179,48,89,21,453,0,0,11,1,0.9922,667.512,OPTIMAL,3117.000000,37.0187,75.7682
2026-09-05T02:09:15.762712+00:00,6,20,sketch,sketch,p50,10,1.0,40,107,68,117,30,508,0,0,69,1,0.9108,862.969,OPTIMAL,4028.000000,9.6289,28.4155
2026-09-05T02:09:17.967731+00:00,6,20,es,es,p50,10,1.0,40,108,68,118,30,506,0,1,71,1,0.9100,1163.949,OPTIMAL,4027.000000,9.5640,28.3356
2026-09-05T02:09:52.272096+00:00,7,0,static,static,request,10,1.0,38,38,38,38,0,0,0,0,0,0,1.0000,70.596,OPTIMAL,38.000000,,
2026-09-05T02:09:52.338768+00:00,7,0,sketch,sketch,p50,10,1.0,38,38,38,38,0,0,0,0,0,0,1.0000,65.950,OPTIMAL,38.000000,,
2026-09-05T02:09:52.391430+00:00,7,0,es,es,p50,10,1.0,38,38,38,38,0,0,0,0,0,0,1.0000,52.201,OPTIMAL,38.000000,,
2026-09-05T02:10:25.272021+00:00,7,1,static,static,request,10,1.0,23,23,61,61,0,0,0,0,2,0,0.9909,123.691,OPTIMAL,3823.000000,51.2717,93.8513
2026-09-05T02:10:25.424551+00:00,7,1,sketch,sketch,p50,10,1.0,23,23,61,61,0,0,0,0,2,0,0.9909,116.214,OPTIMAL,3823.000000,1.5231,1.4118
2026-09-05T02:10:26.410749+00:00,7,1,es,es,p50,10,1.0,23,23,61,61,0,0,0,0,2,0,0.9909,125.127,OPTIMAL,3823.000000,1.4774,1.4711
2026-09-05T02:11:01.415308+00:00,7,2,static,static,request,10,1.0,36,36,74,87,8,8,0,0,7,0,0.9924,1512.496,OPTIMAL,4034.000000,50.0125,93.1129
2026-09-05T02:11:01.787125+00:00,7,2,sketch,sketch,p50,10,1.0,36,36,76,89,8,8,0,0,23,0,0.9553,308.860,OPTIMAL,4036.000000,7.1251,27.0426
2026-09-05T02:11:02.453999+00:00,7,2,es,es,p50,10,1.0,36,36,76,89,8,8,0,0,23,0,0.9554,169.156,OPTIMAL,4036.000000,7.0928,27.0872
2026-09-05T02:11:37.774041+00:00,7,3,static,static,request,10,1.0,34,36,55,103,10,18,0,0,8,1,0.9921,694.551,OPTIMAL,2926.000000,50.8493,100.0974
2026-09-05T02:11:38.256350+00:00,7,3,sketch,sketch,p50,10,1.0,34,34,72,112,9,17,0,1,34,1,0.9403,409.347,OPTIMAL,4031.000000,6.9644,28.2692
2026-09-05T02:11:40.531384+00:00,7,3,es,es,p50,10,1.0,34,34,71,111,9,17,0,0,33,0,0.9458,1165.311,OPTIMAL,4031.000000,6.9221,28.2445
2026-09-05T02:12:14.708876+00:00,7,4,static,static,request,10,1.0,36,46,42,104,17,35,0,0,14,1,0.9905,214.051,OPTIMAL,2418.000000,45.7724,102.5286
2026-09-05T02:12:16.181217+00:00,7,4,sketch,sketch,p50,10,1.0,36,38,69,123,18,35,0,0,64,1,0.9228,1387.188,OPTIMAL,4029.000000,9.6164,25.8000
2026-09-05T02:12:18.745334+00:00,7,4,es,es,p50,10,1.0,36,39,71,123,19,36,0,1,68,2,0.9278,1275.542,OPTIMAL,4030.000000,9.6117,25.7221
2026-09-05T02:13:18.934764+00:00,7,5,static,static,request,10,1.0,34,62,74,113,25,60,0,0,7,1,0.9918,26487.800,OPTIMAL,4034.000000,41.8312,86.6388
2026-09-05T02:13:20.433012+00:00,7,5,sketch,sketch,p50,10,1.0,34,43,68,133,18,53,0,1,67,2,0.9190,1391.257,OPTIMAL,4027.000000,9.0492,26.5976
2026-09-05T02:13:27.349243+00:00,7,5,es,es,p50,10,1.0,34,42,67,133,17,53,0,0,62,1,0.9232,5858.535,OPTIMAL,4027.000000,8.7905,26.6351
2026-09-05T02:14:07.273665+00:00,7,6,static,static,request,10,1.0,29,57,71,113,31,91,0,0,22,2,0.9896,2952.113,OPTIMAL,4031.000000,37.2579,74.8566
2026-09-05T02:14:08.083829+00:00,7,6,sketch,sketch,p50,10,1.0,29,44,67,126,34,87,0,0,77,0,0.9126,710.889,OPTIMAL,4027.000000,8.7438,24.3250
2026-09-05T02:14:10.733571+00:00,7,6,es,es,p50,10,1.0,29,44,68,127,34,87,0,1,79,1,0.9145,1091.496,OPTIMAL,4027.000000,8.8460,25.6843
2026-09-05T02:14:46.305158+00:00,7,7,static,static,request,10,1.0,28,54,56,114,22,113,0,0,14,1,0.9891,2026.596,OPTIMAL,3323.000000,43.1899,90.1788
2026-09-05T02:14:47.877010+00:00,7,7,sketch,sketch,p50,10,1.0,28,45,70,124,32,119,0,1,66,2,0.9112,1478.144,OPTIMAL,4029.000000,7.2882,21.7424
2026-09-05T02:14:51.063125+00:00,7,7,es,es,p50,10,1.0,28,44,70,126,31,118,0,1,67,3,0.9130,2368.588,OPTIMAL,4029.000000,7.0652,21.6931
2026-09-05T02:15:26.361755+00:00,7,8,static,static,request,10,1.0,27,58,55,113,25,138,0,0,10,0,0.9901,1049.978,OPTIMAL,3124.000000,39.5839,84.6636
2026-09-05T02:15:28.147368+00:00,7,8,sketch,sketch,p50,10,1.0,27,42,72,125,31,150,0,0,74,0,0.9095,1675.278,OPTIMAL,4032.000000,8.8981,26.3115
2026-09-05T02:15:30.717589+00:00,7,8,es,es,p50,10,1.0,27,41,68,125,29,147,0,0,73,0,0.9108,936.278,OPTIMAL,4028.000000,9.2167,26.8557
2026-09-05T02:16:07.466110+00:00,7,9,static,static,request,10,1.0,33,67,71,114,30,168,0,0,15,1,0.9901,1157.815,OPTIMAL,4031.000000,47.6246,94.9347
2026-09-05T02:16:08.814920+00:00,7,9,sketch,sketch,p50,10,1.0,33,43,70,131,24,174,0,1,73,1,0.9083,1238.016,OPTIMAL,4029.000000,8.7333,25.2698
2026-09-05T02:16:11.176538+00:00,7,9,es,es,p50,10,1.0,33,46,70,130,25,172,0,0,74,0,0.9087,1309.629,OPTIMAL,4030.000000,9.5071,25.5893
2026-09-05T02:16:45.014277+00:00,7,10,static,static,request,10,1.0,29,65,50,108,27,195,0,0,7,0,0.9902,270.010,OPTIMAL,2921.000000,48.6416,89.2625
2026-09-05T02:16:45.638705+00:00,7,10,sketch,sketch,p50,10,1.0,29,42,62,124,29,203,0,0,74,0,0.9077,518.342,OPTIMAL,4022.000000,9.3901,29.2967
2026-09-05T02:16:47.668121+00:00,7,10,es,es,p50,10,1.0,29,45,64,123,31,203,0,0,77,1,0.9073,714.795,OPTIMAL,4024.000000,9.7021,30.7679
2026-09-05T02:17:25.195803+00:00,7,11,static,static,request,10,1.0,36,80,68,110,30,225,0,0,6,0,0.9910,3309.531,OPTIMAL,3632.000000,46.4773,81.6207
2026-09-05T02:17:27.244516+00:00,7,11,sketch,sketch,p50,10,1.0,36,56,72,128,28,231,0,1,79,2,0.9058,1955.268,OPTIMAL,4031.000000,8.8862,24.4520
2026-09-05T02:17:28.772965+00:00,7,11,es,es,p50,10,1.0,36,57,72,125,30,233,0,1,78,1,0.9054,745.675,OPTIMAL,4031.000000,9.2112,26.0317
2026-09-05T02:18:05.254216+00:00,7,12,static,static,request,10,1.0,38,86,59,108,29,254,0,0,20,3,0.9908,1971.716,OPTIMAL,3227.000000,41.3828,78.1491
2026-09-05T02:18:10.645275+00:00,7,12,sketch,sketch,p50,10,1.0,38,62,72,128,32,263,0,0,78,0,0.9041,5287.337,OPTIMAL,4032.000000,10.2929,30.4609
2026-09-05T02:18:23.992926+00:00,7,12,es,es,p50,10,1.0,38,63,74,127,32,265,0,1,81,2,0.9026,11902.269,OPTIMAL,4033.000000,10.6806,30.3824
2026-09-05T02:19:00.781354+00:00,7,13,static,static,request,10,1.0,40,99,58,108,27,281,0,0,13,1,0.9910,1377.205,OPTIMAL,3127.000000,45.0370,79.6056
2026-09-05T02:19:04.005188+00:00,7,13,sketch,sketch,p50,10,1.0,40,70,80,135,33,296,0,0,76,2,0.9034,3114.088,OPTIMAL,4040.000000,8.1411,27.1426
2026-09-05T02:19:12.524001+00:00,7,13,es,es,p50,10,1.0,40,69,79,136,30,295,0,1,71,1,0.9023,7351.924,OPTIMAL,4038.000000,8.1365,29.4314
2026-09-05T02:19:48.695277+00:00,7,14,static,static,request,10,1.0,30,102,57,103,32,313,0,0,12,1,0.9907,1306.789,OPTIMAL,3027.000000,44.4627,82.0181
2026-09-05T02:19:49.735341+00:00,7,14,sketch,sketch,p50,10,1.0,30,60,65,127,33,329,0,1,79,2,0.9031,926.288,OPTIMAL,4024.000000,8.5329,28.5175
2026-09-05T02:19:52.033793+00:00,7,14,es,es,p50,10,1.0,30,60,64,129,31,326,0,0,76,2,0.9025,829.536,OPTIMAL,4024.000000,8.4051,28.4240
2026-09-05T02:20:27.106765+00:00,7,15,static,static,request,10,1.0,39,114,57,102,25,338,0,0,10,2,0.9908,609.223,OPTIMAL,3324.000000,43.8826,83.8508
2026-09-05T02:20:28.418657+00:00,7,15,sketch,sketch,p50,10,1.0,39,74,74,129,32,361,0,1,79,2,0.9025,1222.180,OPTIMAL,4033.000000,8.5603,24.9042
2026-09-05T02:20:31.968441+00:00,7,15,es,es,p50,10,1.0,39,75,74,127,36,362,0,2,80,2,0.9024,2647.319,OPTIMAL,4032.000000,8.6815,24.8041
2026-09-05T02:21:06.399002+00:00,7,16,static,static,request,10,1.0,21,111,57,92,30,368,0,0,6,0,0.9909,471.262,OPTIMAL,3720.000000,45.1871,89.9450
2026-09-05T02:21:07.264307+00:00,7,16,sketch,sketch,p50,10,1.0,21,61,65,117,37,398,0,2,74,1,0.9020,775.580,OPTIMAL,4023.000000,9.3462,28.3724
2026-09-05T02:21:09.105990+00:00,7,16,es,es,p50,10,1.0,21,62,62,118,31,393,0,1,72,1,0.9021,701.325,OPTIMAL,4021.000000,9.1090,28.3809
2026-09-05T02:21:43.207664+00:00,7,17,static,static,request,10,1.0,38,129,60,91,21,389,0,0,10,1,0.9906,664.006,OPTIMAL,4020.000000,48.7762,93.6471
2026-09-05T02:21:45.701740+00:00,7,17,sketch,sketch,p50,10,1.0,38,74,71,126,22,420,0,0,66,1,0.9011,2406.879,OPTIMAL,4031.000000,8.9951,27.0232
2026-09-05T02:21:54.069182+00:00,7,17,es,es,p50,10,1.0,38,78,75,125,28,421,0,1,69,1,0.9013,7623.343,OPTIMAL,4034.000000,8.4811,26.8270
2026-09-05T02:22:32.467826+00:00,7,18,static,static,request,10,1.0,30,139,63,89,25,414,0,1,8,1,0.9908,1421.051,OPTIMAL,4022.000000,39.5730,72.6875
2026-09-05T02:22:33.171525+00:00,7,18,sketch,sketch,p50,10,1.0,30,73,60,126,20,440,0,0,74,0,0.9005,612.605,OPTIMAL,4020.000000,10.7934,27.8121
2026-09-05T02:22:35.531814+00:00,7,18,es,es,p50,10,1.0,30,73,62,127,20,441,0,0,71,0,0.9011,1047.493,OPTIMAL,4022.000000,10.1085,27.5751
2026-09-05T02:23:09.373539+00:00,7,19,static,static,request,10,1.0,45,161,52,94,16,430,0,0,7,0,0.9909,562.458,OPTIMAL,3121.000000,39.9912,74.8509
2026-09-05T02:23:11.020969+00:00,7,19,sketch,sketch,p50,10,1.0,45,98,65,115,36,476,0,0,78,0,0.8997,1524.076,OPTIMAL,4025.000000,8.7736,26.7673
2026-09-05T02:23:13.784096+00:00,7,19,es,es,p50,10,1.0,45,96,65,119,33,474,0,2,77,1,0.9002,1169.549,OPTIMAL,4023.000000,8.5997,26.0350
2026-09-05T02:23:47.782548+00:00,7,20,static,static,request,10,1.0,40,180,44,90,20,450,0,0,13,1,0.9907,303.407,OPTIMAL,2816.000000,39.8341,86.4165
2026-09-05T02:23:49.773954+00:00,7,20,sketch,sketch,p50,10,1.0,40,113,67,114,28,504,0,2,73,1,0.8996,1896.934,OPTIMAL,4025.000000,9.1566,27.4933
2026-09-05T02:23:52.793228+00:00,7,20,es,es,p50,10,1.0,40,111,68,115,32,506,0,1,74,1,0.8999,2110.572,OPTIMAL,4027.000000,8.8287,26.7238
2026-09-05T02:24:28.217302+00:00,8,0,static,static,request,10,1.0,38,38,38,38,0,0,0,0,0,0,1.0000,62.204,OPTIMAL,38.000000,,
2026-09-05T02:24:28.268804+00:00,8,0,sketch,sketch,p50,10,1.0,38,38,38,38,0,0,0,0,0,0,1.0000,51.020,OPTIMAL,38.000000,,
2026-09-05T02:24:28.318570+00:00,8,0,es,es,p50,10,1.0,38,38,38,38,0,0,0,0,0,0,1.0000,49.348,OPTIMAL,38.000000,,
2026-09-05T02:25:02.301487+00:00,8,1,static,static,request,10,1.0,23,23,61,61,0,0,0,0,4,0,0.9947,129.661,OPTIMAL,3823.000000,47.7539,90.4997
2026-09-05T02:25:02.458196+00:00,8,1,sketch,sketch,p50,10,1.0,23,23,61,61,0,0,0,0,4,0,0.9947,120.212,OPTIMAL,3823.000000,1.1814,1.6386
2026-09-05T02:25:03.226914+00:00,8,1,es,es,p50,10,1.0,23,23,61,61,0,0,0,0,4,0,0.9947,135.720,OPTIMAL,3823.000000,1.1407,1.5507
2026-09-05T02:25:36.438807+00:00,8,2,static,static,request,10,1.0,36,36,75,88,8,8,0,0,7,0,0.9927,450.963,OPTIMAL,4035.000000,50.0404,90.8747
2026-09-05T02:25:36.823492+00:00,8,2,sketch,sketch,p50,10,1.0,36,36,76,89,8,8,0,0,22,0,0.9696,331.975,OPTIMAL,4036.000000,5.0738,15.1213
2026-09-05T02:25:38.455197+00:00,8,2,es,es,p50,10,1.0,36,36,76,89,8,8,0,0,22,0,0.9698,361.033,OPTIMAL,4036.000000,5.0255,15.0943
2026-09-05T02:26:13.301041+00:00,8,3,static,static,request,10,1.0,34,35,49,102,10,18,0,0,4,0,0.9944,527.548,OPTIMAL,2524.000000,50.2180,89.9879
2026-09-05T02:26:13.884242+00:00,8,3,sketch,sketch,p50,10,1.0,34,34,70,110,9,17,0,0,28,0,0.9636,484.406,OPTIMAL,4030.000000,4.0784,15.2725
2026-09-05T02:26:16.311528+00:00,8,3,es,es,p50,10,1.0,34,34,70,110,9,17,0,0,27,0,0.9637,1127.836,OPTIMAL,4030.000000,4.0286,15.3335
2026-09-05T02:26:53.380326+00:00,8,4,static,static,request,10,1.0,36,47,47,105,18,36,0,0,6,1,0.9941,681.789,OPTIMAL,2621.000000,50.3797,103.6857
2026-09-05T02:26:54.904099+00:00,8,4,sketch,sketch,p50,10,1.0,36,40,71,122,19,36,0,0,51,1,0.9515,1423.967,OPTIMAL,4031.000000,5.6330,22.0771
2026-09-05T02:27:02.027366+00:00,8,4,es,es,p50,10,1.0,36,40,71,122,19,36,0,0,45,0,0.9526,5733.587,OPTIMAL,4031.000000,5.5911,21.8906
2026-09-05T02:27:44.507803+00:00,8,5,static,static,request,10,1.0,34,60,72,113,25,61,0,0,9,1,0.9920,8890.964,OPTIMAL,3933.000000,45.9553,91.0089
2026-09-05T02:27:46.979287+00:00,8,5,sketch,sketch,p50,10,1.0,34,43,69,132,19,55,0,1,71,1,0.9340,2374.224,OPTIMAL,4028.000000,10.2614,27.4823
2026-09-05T02:27:57.840816+00:00,8,5,es,es,p50,10,1.0,34,43,68,132,18,54,0,1,69,1,0.9356,9539.545,OPTIMAL,4027.000000,10.1137,27.4172
2026-09-05T02:29:02.358662+00:00,8,6,static,static,request,10,1.0,29,56,74,114,33,94,0,0,13,3,0.9919,29418.190,OPTIMAL,4034.000000,38.2288,77.8921
2026-09-05T02:29:04.392845+00:00,8,6,sketch,sketch,p50,10,1.0,29,43,71,125,38,93,0,0,85,1,0.9262,1938.469,OPTIMAL,4031.000000,8.9639,27.9583
2026-09-05T02:29:08.639226+00:00,8,6,es,es,p50,10,1.0,29,44,71,125,38,92,0,0,85,0,0.9273,3228.076,OPTIMAL,4031.000000,8.9999,27.9225
2026-09-05T02:29:45.907232+00:00,8,7,static,static,request,10,1.0,28,50,43,114,17,111,0,0,20,2,0.9912,364.151,OPTIMAL,2617.000000,46.1845,99.6442
2026-09-05T02:29:54.488340+00:00,8,7,sketch,sketch,p50,10,1.0,28,40,67,125,27,120,0,2,65,2,0.9236,8476.975,OPTIMAL,4025.000000,6.9006,21.0998
2026-09-05T02:29:55.982576+00:00,8,7,es,es,p50,10,1.0,28,41,67,125,27,119,0,1,67,2,0.9258,465.477,OPTIMAL,4026.000000,6.9614,21.3242
2026-09-05T02:30:32.310534+00:00,8,8,static,static,request,10,1.0,27,60,61,112,29,140,0,0,17,0,0.9911,1913.502,OPTIMAL,3427.000000,41.5479,89.0177
2026-09-05T02:30:33.214392+00:00,8,8,sketch,sketch,p50,10,1.0,27,40,67,125,27,147,0,1,77,1,0.9191,810.525,OPTIMAL,4026.000000,9.7217,25.8449
2026-09-05T02:30:35.089703+00:00,8,8,es,es,p50,10,1.0,27,41,67,125,27,146,0,0,77,0,0.9221,502.122,OPTIMAL,4027.000000,9.4031,25.0038
2026-09-05T02:31:10.713190+00:00,8,9,static,static,request,10,1.0,33,66,70,114,28,168,0,0,15,1,0.9906,1310.314,OPTIMAL,4030.000000,50.0715,103.0498
2026-09-05T02:31:12.760098+00:00,8,9,sketch,sketch,p50,10,1.0,33,46,71,130,26,173,0,0,77,2,0.9162,1931.906,OPTIMAL,4031.000000,9.2342,31.9951
2026-09-05T02:31:14.923838+00:00,8,9,es,es,p50,10,1.0,33,47,71,129,27,173,0,0,75,1,0.9185,1245.033,OPTIMAL,4031.000000,9.0167,31.9596
2026-09-05T02:31:51.128623+00:00,8,10,static,static,request,10,1.0,29,65,54,109,28,196,0,0,14,1,0.9905,807.194,OPTIMAL,3123.000000,44.5625,90.6923
2026-09-05T02:31:51.861450+00:00,8,10,sketch,sketch,p50,10,1.0,29,44,63,123,30,203,0,0,74,1,0.9141,614.418,OPTIMAL,4023.000000,9.0856,25.2474
2026-09-05T02:31:53.524222+00:00,8,10,es,es,p50,10,1.0,29,45,64,121,32,205,0,0,75,1,0.9163,801.715,OPTIMAL,4024.000000,8.9380,25.1946
2026-09-05T02:32:28.817573+00:00,8,11,static,static,request,10,1.0,36,78,60,111,26,222,0,0,9,1,0.9907,935.503,OPTIMAL,3228.000000,45.1860,86.2193
2026-09-05T02:32:31.487766+00:00,8,11,sketch,sketch,p50,10,1.0,36,57,73,125,31,234,0,0,68,0,0.9140,2549.299,OPTIMAL,4033.000000,7.2601,20.3204
2026-09-05T02:32:35.565742+00:00,8,11,es,es,p50,10,1.0,36,57,72,125,28,233,0,1,68,1,0.9150,2758.804,OPTIMAL,4031.000000,7.4672,20.6049
2026-09-05T02:33:12.381160+00:00,8,12,static,static,request,10,1.0,38,88,68,109,32,254,0,0,12,1,0.9910,1989.775,OPTIMAL,3830.000000,46.7510,83.5853
2026-09-05T02:33:14.517514+00:00,8,12,sketch,sketch,p50,10,1.0,38,62,74,128,31,265,0,0,64,0,0.9145,2047.391,OPTIMAL,4034.000000,7.9415,24.3042
2026-09-05T02:33:18.391994+00:00,8,12,es,es,p50,10,1.0,38,63,74,127,32,265,0,0,69,2,0.9150,2522.711,OPTIMAL,4034.000000,7.5333,24.1971
2026-09-05T02:33:54.812661+00:00,8,13,static,static,request,10,1.0,40,98,65,110,28,282,0,0,10,1,0.9910,903.141,OPTIMAL,3629.000000,42.8276,87.5311
2026-09-05T02:34:04.123736+00:00,8,13,sketch,sketch,p50,10,1.0,40,68,80,135,33,298,0,0,75,1,0.9136,9218.946,OPTIMAL,4040.000000,8.2641,22.7900
2026-09-05T02:34:15.783088+00:00,8,13,es,es,p50,10,1.0,40,69,81,135,33,298,0,1,74,1,0.9144,10808.044,OPTIMAL,4040.000000,8.2104,22.7247
2026-09-05T02:34:53.660463+00:00,8,14,static,static,request,10,1.0,30,99,46,104,28,310,0,0,16,1,0.9905,831.533,OPTIMAL,2422.000000,43.5527,88.6705
2026-09-05T02:34:54.392257+00:00,8,14,sketch,sketch,p50,10,1.0,30,58,63,129,29,327,0,0,79,1,0.9126,595.842,OPTIMAL,4023.000000,8.7860,23.6049
2026-09-05T02:34:56.638480+00:00,8,14,es,es,p50,10,1.0,30,58,61,128,28,326,0,0,86,4,0.9129,659.376,OPTIMAL,4021.000000,8.6153,23.5794
2026-09-05T02:35:31.535142+00:00,8,15,static,static,request,10,1.0,39,116,55,101,28,338,0,0,7,0,0.9909,1208.216,OPTIMAL,3025.000000,44.9758,86.2481
2026-09-05T02:35:33.957252+00:00,8,15,sketch,sketch,p50,10,1.0,39,74,74,129,34,361,0,0,77,1,0.9110,2313.982,OPTIMAL,4034.000000,7.6574,22.7021
2026-09-05T02:35:39.631132+00:00,8,15,es,es,p50,10,1.0,39,76,76,128,36,362,0,1,75,1,0.9117,4504.187,OPTIMAL,4035.000000,7.4718,22.6913
2026-09-05T02:36:14.888878+00:00,8,16,static,static,request,10,1.0,21,112,65,91,35,373,0,0,9,0,0.9911,1738.476,OPTIMAL,4025.000000,44.3909,89.3635
2026-09-05T02:36:15.705791+00:00,8,16,sketch,sketch,p50,10,1.0,21,61,65,119,35,396,0,3,78,2,0.9105,717.665,OPTIMAL,4022.000000,8.0397,24.2946
2026-09-05T02:36:19.417314+00:00,8,16,es,es,p50,10,1.0,21,61,63,117,34,396,0,1,74,1,0.9115,2229.198,OPTIMAL,4022.000000,7.4454,24.1810
2026-09-05T02:36:59.526593+00:00,8,17,static,static,request,10,1.0,38,125,64,94,21,394,0,3,10,0,0.9908,4396.379,OPTIMAL,4021.000000,48.1202,92.4458
2026-09-05T02:37:02.037550+00:00,8,17,sketch,sketch,p50,10,1.0,38,74,71,124,26,422,0,1,62,1,0.9103,2421.413,OPTIMAL,4030.000000,7.4987,25.4571
2026-09-05T02:37:04.703631+00:00,8,17,es,es,p50,10,1.0,38,76,72,125,24,420,0,1,64,1,0.9114,1419.836,OPTIMAL,4031.000000,7.8370,26.1770
2026-09-05T02:37:39.612657+00:00,8,18,static,static,request,10,1.0,30,131,51,97,19,413,0,0,4,0,0.9911,561.145,OPTIMAL,2922.000000,43.3229,83.1620
2026-09-05T02:37:40.398485+00:00,8,18,sketch,sketch,p50,10,1.0,30,73,60,123,21,443,0,0,60,0,0.9111,684.871,OPTIMAL,4020.000000,7.6143,21.2807
2026-09-05T02:37:43.352219+00:00,8,18,es,es,p50,10,1.0,30,74,66,127,24,444,0,0,61,0,0.9120,2082.645,OPTIMAL,4026.000000,7.5295,23.5349
2026-09-05T02:38:20.178989+00:00,8,19,static,static,request,10,1.0,45,154,50,96,19,432,0,0,4,0,0.9914,364.477,OPTIMAL,3218.000000,40.2459,81.7161
2026-09-05T02:38:21.328412+00:00,8,19,sketch,sketch,p50,10,1.0,45,98,64,113,34,477,0,1,68,1,0.9103,1017.487,OPTIMAL,4023.000000,8.2532,23.7113
2026-09-05T02:38:23.784292+00:00,8,19,es,es,p50,10,1.0,45,93,66,117,36,480,0,0,68,0,0.9117,1363.692,OPTIMAL,4026.000000,8.0017,23.6673
2026-09-05T02:39:00.120439+00:00,8,20,static,static,request,10,1.0,40,176,49,92,23,455,0,0,8,0,0.9915,1263.624,OPTIMAL,3019.000000,38.0409,75.3095
2026-09-05T02:39:02.327813+00:00,8,20,sketch,sketch,p50,10,1.0,40,114,69,114,28,505,0,1,73,2,0.9085,2107.271,OPTIMAL,4028.000000,10.2592,30.1640
2026-09-05T02:39:07.011141+00:00,8,20,es,es,p50,10,1.0,40,107,69,119,27,507,0,2,69,0,0.9108,3537.479,OPTIMAL,4027.000000,9.6361,27.5808
2026-09-05T02:39:40.350506+00:00,9,0,static,static,request,10,1.0,38,38,38,38,0,0,0,0,0,0,1.0000,68.771,OPTIMAL,38.000000,,
2026-09-05T02:39:40.419056+00:00,9,0,sketch,sketch,p50,10,1.0,38,38,38,38,0,0,0,0,0,0,1.0000,67.914,OPTIMAL,38.000000,,
2026-09-05T02:39:40.497625+00:00,9,0,es,es,p50,10,1.0,38,38,38,38,0,0,0,0,0,0,1.0000,77.903,OPTIMAL,38.000000,,
2026-09-05T02:40:14.309354+00:00,9,1,static,static,request,10,1.0,23,23,61,61,0,0,0,0,2,0,0.9942,134.246,OPTIMAL,3823.000000,47.1202,93.8890
2026-09-05T02:40:14.471692+00:00,9,1,sketch,sketch,p50,10,1.0,23,23,61,61,0,0,0,0,2,0,0.9942,125.669,OPTIMAL,3823.000000,1.1229,1.4815
2026-09-05T02:40:15.440561+00:00,9,1,es,es,p50,10,1.0,23,23,61,61,0,0,0,0,2,0,0.9942,133.535,OPTIMAL,3823.000000,1.0872,1.4493
2026-09-05T02:40:50.117148+00:00,9,2,static,static,request,10,1.0,36,36,74,87,8,8,0,0,5,0,0.9936,1165.546,OPTIMAL,4034.000000,54.0468,103.4795
2026-09-05T02:40:50.593422+00:00,9,2,sketch,sketch,p50,10,1.0,36,36,76,90,7,7,0,0,22,0,0.9689,410.728,OPTIMAL,4036.000000,4.5394,16.8219
2026-09-05T02:40:51.945669+00:00,9,2,es,es,p50,10,1.0,36,36,76,90,7,7,0,0,22,0,0.9690,624.749,OPTIMAL,4036.000000,4.4839,16.7811
2026-09-05T02:41:27.068805+00:00,9,3,static,static,request,10,1.0,34,36,52,103,10,18,0,0,4,0,0.9947,1111.936,OPTIMAL,2626.000000,49.4808,87.9433
2026-09-05T02:41:27.770661+00:00,9,3,sketch,sketch,p50,10,1.0,34,34,72,112,10,17,0,1,37,1,0.9431,610.000,OPTIMAL,4031.000000,7.7945,24.5946
2026-09-05T02:41:28.943122+00:00,9,3,es,es,p50,10,1.0,34,34,72,112,10,17,0,1,37,1,0.9433,542.806,OPTIMAL,4031.000000,7.7312,24.6145
2026-09-05T02:42:03.013202+00:00,9,4,static,static,request,10,1.0,36,46,46,106,17,35,0,0,8,1,0.9941,589.321,OPTIMAL,2620.000000,49.9180,90.4219
2026-09-05T02:42:04.167437+00:00,9,4,sketch,sketch,p50,10,1.0,36,38,70,123,19,36,0,1,60,2,0.9278,1058.965,OPTIMAL,4029.000000,8.3313,27.1087
2026-09-05T02:42:06.060064+00:00,9,4,es,es,p50,10,1.0,36,38,71,124,19,36,0,1,59,2,0.9297,549.342,OPTIMAL,4030.000000,8.2728,27.0644
2026-09-05T02:43:05.590237+00:00,9,5,static,static,request,10,1.0,34,60,75,114,27,62,0,0,12,1,0.9935,26405.056,OPTIMAL,4035.000000,40.6312,73.1545
2026-09-05T02:43:10.766419+00:00,9,5,sketch,sketch,p50,10,1.0,34,42,68,133,18,54,0,1,70,1,0.9175,5079.626,OPTIMAL,4027.000000,10.5779,27.7459
2026-09-05T02:43:13.507280+00:00,9,5,es,es,p50,10,1.0,34,41,67,133,18,54,0,0,67,0,0.9198,1979.046,OPTIMAL,4027.000000,10.2092,27.6897
2026-09-05T02:43:53.502900+00:00,9,6,static,static,request,10,1.0,29,54,71,113,32,94,0,0,14,2,0.9930,3007.936,OPTIMAL,4031.000000,44.9411,81.7727
2026-09-05T02:43:54.288666+00:00,9,6,sketch,sketch,p50,10,1.0,29,43,69,125,37,91,0,2,79,2,0.9134,692.370,OPTIMAL,4027.000000,9.1322,28.8198
2026-09-05T02:43:59.731907+00:00,9,6,es,es,p50,10,1.0,29,43,69,125,37,91,0,0,78,2,0.9156,4058.730,OPTIMAL,4029.000000,8.8468,28.7968
2026-09-05T02:44:34.462263+00:00,9,7,static,static,request,10,1.0,28,51,45,114,19,113,0,0,16,1,0.9921,675.795,OPTIMAL,2520.000000,40.8862,81.3140
2026-09-05T02:44:35.776470+00:00,9,7,sketch,sketch,p50,10,1.0,28,42,67,127,25,116,0,2,80,2,0.9082,1205.454,OPTIMAL,4025.000000,10.3899,26.3746
2026-09-05T02:44:38.190851+00:00,9,7,es,es,p50,10,1.0,28,42,69,127,27,118,0,1,83,3,0.9101,1444.923,OPTIMAL,4028.000000,10.1691,26.3133
2026-09-05T02:45:13.630379+00:00,9,8,static,static,request,10,1.0,27,58,60,112,27,140,0,0,10,0,0.9921,536.695,OPTIMAL,3525.000000,42.3837,92.2497
2026-09-05T02:45:14.422972+00:00,9,8,sketch,sketch,p50,10,1.0,27,42,70,125,32,148,0,1,74,2,0.9067,690.783,OPTIMAL,4029.000000,9.0795,25.8276
2026-09-05T02:45:16.849842+00:00,9,8,es,es,p50,10,1.0,27,40,67,125,29,147,0,0,70,1,0.9092,1011.587,OPTIMAL,4027.000000,8.1609,25.3891
2026-09-05T02:45:52.626762+00:00,9,9,static,static,request,10,1.0,33,66,73,115,30,170,0,0,16,1,0.9920,2188.868,OPTIMAL,4033.000000,48.3552,84.7736
2026-09-05T02:45:53.916317+00:00,9,9,sketch,sketch,p50,10,1.0,33,45,70,131,24,172,0,1,69,1,0.9052,1193.280,OPTIMAL,4029.000000,9.8648,30.5162
2026-09-05T02:45:57.323691+00:00,9,9,es,es,p50,10,1.0,33,46,70,129,26,173,0,0,68,1,0.9065,2429.380,OPTIMAL,4030.000000,9.6951,26.1668
2026-09-05T02:46:31.455834+00:00,9,10,static,static,request,10,1.0,29,62,47,108,27,197,0,0,4,0,0.9927,274.110,OPTIMAL,2720.000000,43.8735,90.6014
2026-09-05T02:46:32.266078+00:00,9,10,sketch,sketch,p50,10,1.0,29,44,65,121,35,207,0,1,72,0,0.9044,710.044,OPTIMAL,4024.000000,9.6763,28.1407
2026-09-05T02:46:33.604355+00:00,9,10,es,es,p50,10,1.0,29,45,65,119,35,208,0,0,73,1,0.9057,611.449,OPTIMAL,4025.000000,9.7721,28.0809
2026-09-05T02:47:08.121834+00:00,9,11,static,static,request,10,1.0,36,78,63,110,27,224,0,0,7,0,0.9926,1122.727,OPTIMAL,3429.000000,47.7456,90.1865
2026-09-05T02:47:08.966346+00:00,9,11,sketch,sketch,p50,10,1.0,36,55,72,126,27,234,0,0,69,0,0.9044,750.659,OPTIMAL,4032.000000,8.0000,22.2218
2026-09-05T02:47:10.813795+00:00,9,11,es,es,p50,10,1.0,36,56,72,124,27,235,0,1,69,1,0.9045,784.695,OPTIMAL,4031.000000,8.0129,22.1889
2026-09-05T02:47:48.192937+00:00,9,12,static,static,request,10,1.0,38,87,61,109,28,252,0,0,13,0,0.9922,3734.659,OPTIMAL,3427.000000,42.1005,76.8033
2026-09-05T02:48:17.351444+00:00,9,12,sketch,sketch,p50,10,1.0,38,61,72,128,30,264,0,1,77,2,0.9015,29068.256,OPTIMAL,4031.000000,11.3770,31.6629
2026-09-05T02:48:29.790261+00:00,9,12,es,es,p50,10,1.0,38,62,71,129,26,261,0,0,75,2,0.9022,11691.896,OPTIMAL,4031.000000,10.9273,30.0374
2026-09-05T02:49:08.821748+00:00,9,13,static,static,request,10,1.0,40,100,71,107,33,285,0,0,5,0,0.9926,2160.718,OPTIMAL,4031.000000,47.4077,89.2320
2026-09-05T02:49:39.002855+00:00,9,13,sketch,sketch,p50,10,1.0,40,69,78,131,35,299,0,0,69,1,0.9023,30088.166,FEASIBLE,4038.000000,6.9298,20.8600
2026-09-05T02:49:47.608814+00:00,9,13,es,es,p50,10,1.0,40,71,80,134,35,296,0,0,69,1,0.9029,7436.649,OPTIMAL,4040.000000,6.9607,22.6189
2026-09-05T02:50:24.587427+00:00,9,14,static,static,request,10,1.0,30,99,52,103,29,314,0,0,6,0,0.9928,468.212,OPTIMAL,2725.000000,43.2243,77.9435
2026-09-05T02:50:25.389661+00:00,9,14,sketch,sketch,p50,10,1.0,30,61,66,126,31,330,0,2,73,2,0.9022,690.515,OPTIMAL,4024.000000,8.3111,27.4436
2026-09-05T02:50:27.495433+00:00,9,14,es,es,p50,10,1.0,30,61,62,125,31,327,0,0,74,3,0.9030,1286.006,OPTIMAL,4022.000000,7.9421,24.9144
2026-09-05T02:51:01.000275+00:00,9,15,static,static,request,10,1.0,39,113,54,100,24,338,0,0,8,0,0.9929,305.344,OPTIMAL,3321.000000,40.6975,76.5541
2026-09-05T02:51:15.223806+00:00,9,15,sketch,sketch,p50,10,1.0,39,74,76,128,34,364,0,0,71,1,0.9027,14126.190,OPTIMAL,4036.000000,8.3844,24.4526
2026-09-05T02:51:17.965777+00:00,9,15,es,es,p50,10,1.0,39,78,75,126,34,361,0,1,75,3,0.9029,1640.569,OPTIMAL,4034.000000,9.3212,26.6705
2026-09-05T02:51:55.062850+00:00,9,16,static,static,request,10,1.0,21,113,66,92,34,372,0,0,8,0,0.9929,1662.022,OPTIMAL,4026.000000,45.9983,89.6136
2026-09-05T02:51:55.645677+00:00,9,16,sketch,sketch,p50,10,1.0,21,59,62,118,32,396,0,1,62,1,0.9035,491.651,OPTIMAL,4021.000000,6.9507,23.3642
2026-09-05T02:51:57.771494+00:00,9,16,es,es,p50,10,1.0,21,64,66,117,35,396,0,3,62,1,0.9034,1353.593,OPTIMAL,4023.000000,7.8294,25.7034
2026-09-05T02:52:32.870479+00:00,9,17,static,static,request,10,1.0,38,125,57,94,19,391,0,0,7,0,0.9928,576.302,OPTIMAL,3621.000000,45.8908,89.6002
2026-09-05T02:52:35.509379+00:00,9,17,sketch,sketch,p50,10,1.0,38,75,71,126,23,419,0,0,71,1,0.9033,2535.889,OPTIMAL,4031.000000,8.4441,25.7142
2026-09-05T02:52:46.482285+00:00,9,17,es,es,p50,10,1.0,38,76,70,123,24,420,0,2,70,2,0.9032,9965.751,OPTIMAL,4028.000000,8.5251,25.9978
2026-09-05T02:53:23.500529+00:00,9,18,static,static,request,10,1.0,30,134,62,93,23,414,0,1,7,0,0.9930,1551.336,OPTIMAL,4021.000000,37.8140,71.5233
2026-09-05T02:53:24.837681+00:00,9,18,sketch,sketch,p50,10,1.0,30,74,63,127,22,441,0,1,73,1,0.9036,1223.454,OPTIMAL,4022.000000,8.1148,23.8595
2026-09-05T02:53:27.285331+00:00,9,18,es,es,p50,10,1.0,30,76,63,129,17,437,0,3,69,1,0.9033,764.883,OPTIMAL,4020.000000,8.6722,25.9394
2026-09-05T02:54:01.911634+00:00,9,19,static,static,request,10,1.0,45,157,46,94,17,431,0,0,8,0,0.9930,1147.860,OPTIMAL,2818.000000,41.4016,80.8859
2026-09-05T02:54:03.043732+00:00,9,19,sketch,sketch,p50,10,1.0,45,96,65,115,37,478,0,0,83,0,0.9030,1030.246,OPTIMAL,4025.000000,8.1798,20.8729
2026-09-05T02:54:07.191604+00:00,9,19,es,es,p50,10,1.0,45,98,61,114,36,473,0,1,87,1,0.9021,2555.561,OPTIMAL,4020.000000,8.1536,19.7664
2026-09-05T02:54:42.198681+00:00,9,20,static,static,request,10,1.0,40,179,52,89,22,453,0,0,14,1,0.9929,765.324,OPTIMAL,3517.000000,39.9042,83.9646
2026-09-05T02:54:45.156304+00:00,9,20,sketch,sketch,p50,10,1.0,40,111,68,113,30,508,0,3,76,3,0.9027,2861.980,OPTIMAL,4025.000000,9.5678,25.4667
2026-09-05T02:54:47.719077+00:00,9,20,es,es,p50,10,1.0,40,117,66,109,31,504,0,0,72,0,0.9017,1004.326,OPTIMAL,4026.000000,10.3000,26.2082
