timestamp_utc,run,epoch,scenario,estimator,rule,gamma,lam,arrivals,pending_before,assigned,running,completed_this_epoch,completed_total,evicted_total,moves_this_epoch,constrained_tasks,overcommitted_nodes,solver_ms,solver_status,objective,est_cpu_err_mean,est_cpu_err_p90
2026-09-04T00:34:54.093515+00:00,0,0,dynamic-g0,sketch,p50,0,0.0,66,66,66,66,0,0,0,0,0,0,137.645,OPTIMAL,66.000000,,
2026-09-04T00:34:54.213642+00:00,0,0,reassign-nocand,sketch,p50,10,1.0,66,66,66,66,0,0,0,0,0,0,119.382,OPTIMAL,66.000000,,
2026-09-04T00:35:24.773668+00:00,0,1,dynamic-g0,sketch,p50,0,0.0,61,61,48,108,6,6,0,0,2,1,30070.537,FEASIBLE,48.000000,0.6453,1.2997
2026-09-04T00:35:30.896718+00:00,0,1,reassign-nocand,sketch,p50,10,1.0,61,61,49,109,6,6,0,0,2,1,6056.272,OPTIMAL,49.000000,0.6453,1.2997
2026-09-04T00:35:34.124043+00:00,0,2,dynamic-g0,sketch,p50,0,0.0,55,68,50,119,39,45,0,0,10,4,2772.401,OPTIMAL,50.000000,0.5888,1.0969
2026-09-04T00:35:36.124221+00:00,0,2,reassign-nocand,sketch,p50,10,1.0,55,67,48,117,40,46,0,0,14,5,1931.241,OPTIMAL,48.000000,0.5813,1.0969
2026-09-04T00:36:06.665170+00:00,0,3,dynamic-g0,sketch,p50,0,0.0,64,82,58,121,56,101,0,0,22,5,30090.283,FEASIBLE,58.000000,0.7227,1.3221
2026-09-04T00:36:09.219971+00:00,0,3,reassign-nocand,sketch,p50,10,1.0,64,83,58,121,54,100,0,0,29,6,2482.249,OPTIMAL,58.000000,0.7329,1.3221
2026-09-04T00:36:39.848856+00:00,0,4,dynamic-g0,sketch,p50,0,0.0,56,80,48,115,54,155,0,0,20,8,30177.032,FEASIBLE,48.000000,0.6854,1.2221
2026-09-04T00:36:43.137541+00:00,0,4,reassign-nocand,sketch,p50,10,1.0,56,81,48,113,56,156,0,0,29,9,3211.480,OPTIMAL,48.000000,0.6950,1.2123
2026-09-04T00:36:44.577062+00:00,0,5,dynamic-g0,sketch,p50,0,0.0,69,101,47,116,46,201,0,0,13,6,978.612,OPTIMAL,47.000000,0.6756,1.1002
2026-09-04T00:37:09.945493+00:00,0,5,reassign-nocand,sketch,p50,10,1.0,69,102,47,113,47,203,0,0,9,6,25297.316,OPTIMAL,47.000000,0.7105,1.1322
2026-09-04T00:37:20.876117+00:00,0,6,dynamic-g0,sketch,p50,0,0.0,67,121,48,111,53,254,0,0,35,9,10479.210,OPTIMAL,48.000000,0.5951,1.0450
2026-09-04T00:37:51.096587+00:00,0,6,reassign-nocand,sketch,p50,10,1.0,67,122,48,110,51,254,0,0,26,9,30149.865,FEASIBLE,48.000000,0.5821,1.0214
2026-09-04T00:37:54.782475+00:00,0,7,dynamic-g0,sketch,p50,0,0.0,69,142,51,115,47,301,0,0,20,8,3231.895,OPTIMAL,51.000000,0.6377,1.2024
2026-09-04T00:37:55.291724+00:00,0,7,reassign-nocand,sketch,p50,10,1.0,69,143,49,113,46,300,0,0,11,6,443.742,OPTIMAL,49.000000,0.6304,1.2024
2026-09-04T00:38:00.728774+00:00,0,8,dynamic-g0,sketch,p50,0,0.0,52,143,49,110,54,355,0,0,17,8,4991.269,OPTIMAL,49.000000,0.5978,1.1644
2026-09-04T00:38:02.824086+00:00,0,8,reassign-nocand,sketch,p50,10,1.0,52,146,48,107,54,354,0,0,25,10,2031.720,OPTIMAL,48.000000,0.5930,1.1644
2026-09-04T00:38:05.730917+00:00,0,9,dynamic-g0,sketch,p50,0,0.0,46,140,50,107,53,408,0,0,22,7,2462.401,OPTIMAL,50.000000,0.5657,1.0738
2026-09-04T00:38:35.871057+00:00,0,9,reassign-nocand,sketch,p50,10,1.0,46,144,48,106,49,403,0,0,19,8,30078.176,FEASIBLE,48.000000,0.6179,1.2081
2026-09-04T00:39:06.383731+00:00,0,10,dynamic-g0,sketch,p50,0,0.0,57,147,46,107,46,454,0,0,28,8,30073.441,FEASIBLE,46.000000,0.6127,1.0022
2026-09-04T00:39:07.278164+00:00,0,10,reassign-nocand,sketch,p50,10,1.0,57,153,48,109,45,448,0,0,27,8,826.817,OPTIMAL,48.000000,0.5882,1.0022
2026-09-04T00:39:14.903153+00:00,0,11,dynamic-g0,sketch,p50,0,0.0,61,162,47,107,47,501,0,0,12,4,7153.085,OPTIMAL,47.000000,0.6246,1.2469
2026-09-04T00:39:45.070046+00:00,0,11,reassign-nocand,sketch,p50,10,1.0,61,166,46,104,51,499,0,0,25,8,30105.303,FEASIBLE,46.000000,0.6241,1.1978
2026-09-04T00:39:48.214871+00:00,0,12,dynamic-g0,sketch,p50,0,0.0,59,174,47,108,46,547,0,0,24,7,2691.557,OPTIMAL,47.000000,0.6700,1.2718
2026-09-04T00:39:49.673636+00:00,0,12,reassign-nocand,sketch,p50,10,1.0,59,179,48,105,47,546,0,0,19,6,1398.142,OPTIMAL,48.000000,0.6663,1.1652
2026-09-04T00:40:00.358259+00:00,0,13,dynamic-g0,sketch,p50,0,0.0,61,188,41,105,44,591,0,0,32,9,10229.231,OPTIMAL,41.000000,0.5808,1.0937
2026-09-04T00:40:02.110957+00:00,0,13,reassign-nocand,sketch,p50,10,1.0,61,192,40,107,38,584,0,0,23,7,1674.926,OPTIMAL,40.000000,0.6001,1.1147
2026-09-04T00:40:06.216126+00:00,0,14,dynamic-g0,sketch,p50,0,0.0,68,215,35,100,40,631,0,0,30,11,3609.946,OPTIMAL,35.000000,0.5618,1.1692
2026-09-04T00:40:29.012378+00:00,0,14,reassign-nocand,sketch,p50,10,1.0,68,220,38,102,43,627,0,0,26,10,22721.867,OPTIMAL,38.000000,0.5310,1.0604
2026-09-04T00:40:37.554475+00:00,0,15,dynamic-g0,sketch,p50,0,0.0,56,236,39,92,47,678,0,0,12,5,8081.812,OPTIMAL,39.000000,0.6959,1.1828
2026-09-04T00:40:38.327765+00:00,0,15,reassign-nocand,sketch,p50,10,1.0,56,238,38,95,45,672,0,0,24,8,708.812,OPTIMAL,38.000000,0.6859,1.2232
2026-09-04T00:40:40.282578+00:00,0,16,dynamic-g0,sketch,p50,0,0.0,73,270,42,100,34,712,0,0,22,8,1501.514,OPTIMAL,42.000000,0.7356,1.2972
2026-09-04T00:40:41.248084+00:00,0,16,reassign-nocand,sketch,p50,10,1.0,73,273,44,99,40,712,0,0,14,7,896.136,OPTIMAL,44.000000,0.7487,1.3098
2026-09-04T00:40:51.676908+00:00,0,17,dynamic-g0,sketch,p50,0,0.0,57,285,49,97,52,764,0,0,12,3,9984.908,OPTIMAL,49.000000,0.6442,1.0963
2026-09-04T00:41:21.846489+00:00,0,17,reassign-nocand,sketch,p50,10,1.0,57,286,46,101,44,756,0,0,14,5,30103.531,FEASIBLE,46.000000,0.6102,1.0925
2026-09-04T00:41:52.365962+00:00,0,18,dynamic-g0,sketch,p50,0,0.0,57,293,46,101,42,806,0,0,12,4,30066.298,FEASIBLE,46.000000,0.6995,1.2378
2026-09-04T00:42:03.678891+00:00,0,18,reassign-nocand,sketch,p50,10,1.0,57,297,45,98,48,804,0,0,18,7,11250.302,OPTIMAL,45.000000,0.7163,1.2378
2026-09-04T00:42:34.240299+00:00,0,19,dynamic-g0,sketch,p50,0,0.0,56,303,44,101,44,850,0,0,25,9,30113.704,FEASIBLE,44.000000,0.6386,1.1956
2026-09-04T00:42:35.574039+00:00,0,19,reassign-nocand,sketch,p50,10,1.0,56,308,44,98,44,848,0,0,24,8,1274.241,OPTIMAL,44.000000,0.6367,1.1971
2026-09-04T00:42:38.239111+00:00,0,20,dynamic-g0,sketch,p50,0,0.0,77,336,45,98,48,898,0,0,11,7,2235.252,OPTIMAL,45.000000,0.6020,1.1372
2026-09-04T00:42:42.860968+00:00,0,20,reassign-nocand,sketch,p50,10,1.0,77,341,45,97,46,894,0,0,8,6,4565.139,OPTIMAL,45.000000,0.5871,1.1372
2026-09-04T00:42:43.755487+00:00,0,21,dynamic-g0,sketch,p50,0,0.0,42,333,44,108,34,932,0,0,27,8,459.436,OPTIMAL,44.000000,0.6216,1.0798
2026-09-04T00:43:13.916375+00:00,0,21,reassign-nocand,sketch,p50,10,1.0,42,338,43,106,34,928,0,0,23,8,30089.332,FEASIBLE,43.000000,0.6434,1.0798
2026-09-04T00:43:15.977479+00:00,0,22,dynamic-g0,sketch,p50,0,0.0,55,344,46,107,47,979,0,0,18,6,1585.341,OPTIMAL,46.000000,0.6793,1.3515
2026-09-04T00:43:17.381907+00:00,0,22,reassign-nocand,sketch,p50,10,1.0,55,350,48,105,49,977,0,0,23,9,1336.255,OPTIMAL,48.000000,0.6084,1.1726
2026-09-04T00:43:26.338376+00:00,0,23,dynamic-g0,sketch,p50,0,0.0,74,372,44,105,46,1025,0,0,22,9,8508.215,OPTIMAL,44.000000,0.5920,1.0715
2026-09-04T00:43:29.488892+00:00,0,23,reassign-nocand,sketch,p50,10,1.0,74,376,46,108,43,1020,0,0,26,10,3083.380,OPTIMAL,46.000000,0.6436,1.1290
2026-09-04T00:43:31.442277+00:00,0,24,dynamic-g0,sketch,p50,0,0.0,68,396,42,105,42,1067,0,0,17,6,1505.242,OPTIMAL,42.000000,0.5658,1.2993
2026-09-04T00:43:37.001135+00:00,0,24,reassign-nocand,sketch,p50,10,1.0,68,398,42,108,42,1062,0,0,22,6,5493.234,OPTIMAL,42.000000,0.5876,1.4397
2026-09-04T00:43:38.406474+00:00,0,25,dynamic-g0,sketch,p50,0,0.0,60,414,41,96,50,1117,0,0,22,6,963.711,OPTIMAL,41.000000,0.5839,1.1588
2026-09-04T00:43:38.980964+00:00,0,25,reassign-nocand,sketch,p50,10,1.0,60,416,41,98,51,1113,0,0,30,8,512.498,OPTIMAL,41.000000,0.6013,1.2254
2026-09-04T00:43:40.571978+00:00,0,26,dynamic-g0,sketch,p50,0,0.0,71,444,44,94,46,1163,0,0,7,3,1161.117,OPTIMAL,44.000000,0.7076,1.3565
2026-09-04T00:43:41.878356+00:00,0,26,reassign-nocand,sketch,p50,10,1.0,71,446,45,95,48,1161,0,0,15,4,1254.853,OPTIMAL,45.000000,0.6712,1.2014
2026-09-04T00:43:44.224018+00:00,0,27,dynamic-g0,sketch,p50,0,0.0,44,444,46,92,48,1211,0,0,7,4,1920.332,OPTIMAL,46.000000,0.6144,1.2371
2026-09-04T00:44:14.417144+00:00,0,27,reassign-nocand,sketch,p50,10,1.0,44,445,45,92,48,1209,0,0,10,5,30144.441,FEASIBLE,45.000000,0.6166,1.2371
2026-09-04T00:44:44.899740+00:00,0,28,dynamic-g0,sketch,p50,0,0.0,54,452,42,93,41,1252,0,0,28,10,30055.741,FEASIBLE,42.000000,0.5793,0.9472
2026-09-04T00:45:15.075796+00:00,0,28,reassign-nocand,sketch,p50,10,1.0,54,454,44,94,42,1251,0,0,25,10,30122.080,FEASIBLE,44.000000,0.5944,1.0860
2026-09-04T00:45:31.810668+00:00,0,29,dynamic-g0,sketch,p50,0,0.0,55,465,40,95,38,1290,0,0,16,7,16298.694,OPTIMAL,40.000000,0.5863,1.1213
2026-09-04T00:45:34.892914+00:00,0,29,reassign-nocand,sketch,p50,10,1.0,55,465,39,99,34,1285,0,0,21,9,3019.875,OPTIMAL,39.000000,0.5942,1.1462
