run,epoch,node,cpu_sketch,cpu_es,mem_avail_sketch,mem_avail_es
0,0,APC-0,1.345876,1.322047,13.625898,13.627144
0,0,APC-1,0.136305,0.137628,13.969981,13.964610
0,0,APC-2,0.202252,0.207518,13.821007,13.821216
0,0,APC-3,0.203375,0.208397,13.960030,13.960549
0,0,CHQ-1,1.860659,1.862405,17.720865,17.719457
0,0,PLT-0,0.698030,0.761576,13.660726,13.660636
0,0,PLT-1,0.299893,0.458970,13.703182,13.703026
0,0,PLT-10,1.580439,1.510621,14.107491,14.109793
0,0,PLT-11,0.239811,0.349044,14.168721,14.171878
0,0,PLT-2,0.460545,0.581224,13.772103,13.774379
0,0,PLT-3,1.539891,1.456375,14.126721,14.129786
0,0,PLT-4,1.687372,1.652183,14.114882,14.111600
0,0,PLT-5,0.169059,0.169343,14.105268,14.102922
0,0,PLT-6,0.068512,0.068672,14.135763,14.132257
0,0,PLT-7,0.169927,0.171943,14.114523,14.114973
0,0,PLT-8,0.064581,0.064724,14.158463,14.154010
0,0,PLT-9,0.298159,0.427932,14.112648,14.112919
0,0,UGS-0,0.070693,0.070578,1.734986,1.735410
0,0,UGS-1,0.154341,0.153714,1.623768,1.623966
0,0,UGS-10,0.056983,0.057044,1.547613,1.547638
0,0,UGS-11,0.144544,0.143432,1.569605,1.568930
0,0,UGS-12,0.061361,0.061292,1.550851,1.550555
0,0,UGS-13,0.131999,0.132881,1.617289,1.617410
0,0,UGS-14,0.051452,0.051827,1.571234,1.571164
0,0,UGS-15,0.057799,0.057511,1.636207,1.635997
0,0,UGS-16,0.138361,0.138351,1.560694,1.560893
0,0,UGS-2,0.133096,0.135730,1.566231,1.566682
0,0,UGS-20,0.058016,0.058140,1.617379,1.617334
0,0,UGS-21,0.139321,0.140619,1.519482,1.519188
0,0,UGS-22,0.146767,0.146261,1.501335,1.501110
0,0,UGS-23,0.146199,0.145362,1.562665,1.562584
0,0,UGS-24,0.137968,0.138694,1.627041,1.627433
0,0,UGS-25,0.055348,0.055203,1.628613,1.628440
0,0,UGS-26,0.136499,0.136595,1.532411,1.532062
0,0,UGS-27,0.057459,0.057842,1.612137,1.612418
0,0,UGS-28,0.148822,0.148856,1.577143,1.576923
0,0,UGS-29,0.058536,0.059245,1.629968,1.630182
0,0,UGS-3,0.065327,0.065155,1.610774,1.610409
0,0,UGS-4,0.056262,0.056336,1.687971,1.688444
0,0,UGS-5,0.128957,0.128608,1.574117,1.574044
0,0,UGS-6,0.055540,0.055284,1.602884,1.604284
0,0,UGS-7,0.060602,0.061870,1.547690,1.547671
0,0,UGS-8,0.142162,0.142204,1.572561,1.572745
0,0,UGS-9,0.159456,0.159256,1.612694,1.612881
0,1,APC-0,1.348088,1.348739,13.627185,13.628390
0,1,APC-1,0.137096,0.137787,13.956793,13.962377
0,1,APC-2,0.203294,0.206428,13.823327,13.826404
0,1,APC-3,0.204345,0.206689,13.962867,13.960046
0,1,CHQ-1,1.867137,1.888553,17.719728,17.716428
0,1,PLT-0,0.701900,0.756871,13.660202,13.661990
0,1,PLT-1,0.310997,0.508137,13.699431,13.696697
0,1,PLT-10,1.595066,1.517856,14.108614,14.110408
0,1,PLT-11,0.240495,0.408521,14.166009,14.168590
0,1,PLT-2,0.482632,0.560587,13.772798,13.772649
0,1,PLT-3,1.532263,1.486284,14.128757,14.131830
0,1,PLT-4,1.681490,1.624678,14.118547,14.115988
0,1,PLT-5,0.168581,0.169999,14.100236,14.103966
0,1,PLT-6,0.068396,0.068459,14.133063,14.129356
0,1,PLT-7,0.169424,0.171674,14.113101,14.119255
0,1,PLT-8,0.064636,0.065260,14.151400,14.149344
0,1,PLT-9,0.279809,0.382155,14.105743,14.109181
0,1,UGS-0,0.070394,0.070680,1.736120,1.735803
0,1,UGS-1,0.152826,0.153511,1.623797,1.624040
0,1,UGS-10,0.057123,0.057197,1.547746,1.547700
0,1,UGS-11,0.143463,0.143575,1.569011,1.569098
0,1,UGS-12,0.061410,0.061253,1.550391,1.550401
0,1,UGS-13,0.131712,0.132753,1.617404,1.617287
0,1,UGS-14,0.051795,0.051699,1.570952,1.570529
0,1,UGS-15,0.057638,0.057302,1.636846,1.636470
0,1,UGS-16,0.137821,0.138310,1.561187,1.561335
0,1,UGS-2,0.134945,0.136154,1.566091,1.566245
0,1,UGS-20,0.058091,0.058052,1.616984,1.617191
0,1,UGS-21,0.140174,0.140456,1.518851,1.518807
0,1,UGS-22,0.145653,0.146367,1.500502,1.501021
0,1,UGS-23,0.145244,0.144928,1.562718,1.562510
0,1,UGS-24,0.139020,0.139066,1.627139,1.627258
0,1,UGS-25,0.054952,0.055166,1.627818,1.628288
0,1,UGS-26,0.135796,0.137113,1.532249,1.532380
0,1,UGS-27,0.058235,0.058477,1.611841,1.611763
0,1,UGS-28,0.148608,0.148309,1.576411,1.576674
0,1,UGS-29,0.058733,0.058863,1.630331,1.630684
0,1,UGS-3,0.065388,0.064914,1.611080,1.610763
0,1,UGS-4,0.056381,0.056104,1.688867,1.688954
0,1,UGS-5,0.128601,0.128691,1.574810,1.574794
0,1,UGS-6,0.055382,0.055444,1.604573,1.604904
0,1,UGS-7,0.060823,0.061339,1.547070,1.547102
0,1,UGS-8,0.141833,0.141821,1.572220,1.572340
0,1,UGS-9,0.159434,0.159264,1.612267,1.611810
0,2,APC-0,1.351908,1.329619,13.628016,13.629072
0,2,APC-1,0.135891,0.138412,13.961872,13.963719
0,2,APC-2,0.203352,0.204939,13.822704,13.821453
0,2,APC-3,0.204044,0.207752,13.965893,13.964908
0,2,CHQ-1,1.852141,1.874446,17.717577,17.716955
0,2,PLT-0,0.729085,0.721393,13.658998,13.662632
0,2,PLT-1,0.303882,0.501841,13.702181,13.702365
0,2,PLT-10,1.584573,1.559212,14.109486,14.112348
0,2,PLT-11,0.237815,0.410863,14.170429,14.171269
0,2,PLT-2,0.485904,0.561733,13.769608,13.772961
0,2,PLT-3,1.527238,1.478097,14.124977,14.127437
0,2,PLT-4,1.682885,1.653023,14.114162,14.118168
0,2,PLT-5,0.167929,0.168060,14.104701,14.104367
0,2,PLT-6,0.068453,0.068745,14.125585,14.128415
0,2,PLT-7,0.171557,0.171240,14.117964,14.116295
0,2,PLT-8,0.064385,0.064902,14.153666,14.153903
0,2,PLT-9,0.286451,0.440056,14.113128,14.113323
0,2,UGS-0,0.070703,0.071538,1.735748,1.734906
0,2,UGS-1,0.154725,0.153877,1.623940,1.623885
0,2,UGS-10,0.057188,0.057072,1.547154,1.547320
0,2,UGS-11,0.144557,0.143973,1.569475,1.569329
0,2,UGS-12,0.061327,0.061267,1.550276,1.550282
0,2,UGS-13,0.132394,0.132852,1.617854,1.617813
0,2,UGS-14,0.051666,0.051901,1.571093,1.570974
0,2,UGS-15,0.057426,0.057491,1.635852,1.635956
0,2,UGS-16,0.137917,0.138105,1.561043,1.561216
0,2,UGS-2,0.134615,0.136506,1.566192,1.566453
0,2,UGS-20,0.057998,0.058166,1.616997,1.617250
0,2,UGS-21,0.139028,0.140761,1.519286,1.519246
0,2,UGS-22,0.146804,0.146512,1.500925,1.501193
0,2,UGS-23,0.146059,0.145271,1.562332,1.562134
0,2,UGS-24,0.139057,0.139229,1.627096,1.627170
0,2,UGS-25,0.055278,0.055608,1.628469,1.628517
0,2,UGS-26,0.136742,0.136296,1.531650,1.532228
0,2,UGS-27,0.057979,0.058363,1.611533,1.612171
0,2,UGS-28,0.148907,0.148295,1.577484,1.577607
0,2,UGS-29,0.058232,0.058704,1.630071,1.630259
0,2,UGS-3,0.065112,0.065233,1.611111,1.610697
0,2,UGS-4,0.056270,0.056431,1.688044,1.688202
0,2,UGS-5,0.127591,0.128307,1.574259,1.574241
0,2,UGS-6,0.055500,0.055446,1.604426,1.604043
0,2,UGS-7,0.060986,0.061761,1.547486,1.547069
0,2,UGS-8,0.141971,0.142178,1.572539,1.572489
0,2,UGS-9,0.159721,0.159788,1.612467,1.612091
0,3,APC-0,1.351877,1.344765,13.625655,13.627189
0,3,APC-1,0.135113,0.136783,13.961756,13.967901
0,3,APC-2,0.203329,0.204397,13.819921,13.822899
0,3,APC-3,0.203201,0.207366,13.959852,13.960132
0,3,CHQ-1,1.849324,1.876250,17.720963,17.715488
0,3,PLT-0,0.729552,0.717812,13.662752,13.658316
0,3,PLT-1,0.305768,0.502089,13.695928,13.698221
0,3,PLT-10,1.584370,1.581205,14.106964,14.104713
0,3,PLT-11,0.242786,0.404498,14.168069,14.166946
0,3,PLT-2,0.463440,0.557694,13.774961,13.775054
0,3,PLT-3,1.535784,1.507109,14.129979,14.128569
0,3,PLT-4,1.676821,1.667520,14.114798,14.116958
0,3,PLT-5,0.168613,0.169074,14.107755,14.106600
0,3,PLT-6,0.068538,0.068600,14.130645,14.132241
0,3,PLT-7,0.171000,0.171437,14.116977,14.116237
0,3,PLT-8,0.064445,0.064680,14.150674,14.147817
0,3,PLT-9,0.278477,0.450254,14.112974,14.111635
0,3,UGS-0,0.070104,0.070566,1.735268,1.735552
0,3,UGS-1,0.154012,0.153453,1.624634,1.623979
0,3,UGS-10,0.057194,0.056924,1.547192,1.547192
0,3,UGS-11,0.143262,0.143954,1.569476,1.569087
0,3,UGS-12,0.061599,0.061409,1.550065,1.550172
0,3,UGS-13,0.131952,0.132571,1.617378,1.617417
0,3,UGS-14,0.051463,0.051767,1.570724,1.570713
0,3,UGS-15,0.057571,0.057353,1.635459,1.635801
0,3,UGS-16,0.138037,0.138368,1.560890,1.560797
0,3,UGS-2,0.134702,0.136008,1.565615,1.566408
0,3,UGS-20,0.057932,0.058012,1.617492,1.617346
0,3,UGS-21,0.139633,0.140599,1.519229,1.519339
0,3,UGS-22,0.146306,0.146081,1.500811,1.500868
0,3,UGS-23,0.145536,0.145178,1.562462,1.562640
0,3,UGS-24,0.137997,0.138942,1.627552,1.627452
0,3,UGS-25,0.055235,0.055066,1.629088,1.628200
0,3,UGS-26,0.136962,0.136562,1.532024,1.532134
0,3,UGS-27,0.058216,0.058306,1.612632,1.612309
0,3,UGS-28,0.149259,0.148808,1.576402,1.576775
0,3,UGS-29,0.058475,0.058711,1.629112,1.629795
0,3,UGS-3,0.065010,0.065015,1.610977,1.611073
0,3,UGS-4,0.056256,0.056378,1.689493,1.688810
0,3,UGS-5,0.128900,0.128349,1.574533,1.574627
0,3,UGS-6,0.055486,0.055430,1.604230,1.604294
0,3,UGS-7,0.061189,0.061673,1.547011,1.546918
0,3,UGS-8,0.142475,0.141892,1.572768,1.572773
0,3,UGS-9,0.160468,0.159694,1.611924,1.612350
0,4,APC-0,1.355540,1.340619,13.635124,13.627685
0,4,APC-1,0.136521,0.137198,13.968029,13.968896
0,4,APC-2,0.203256,0.206475,13.818380,13.822004
0,4,APC-3,0.204112,0.211089,13.955782,13.958435
0,4,CHQ-1,1.856028,1.879419,17.716381,17.716723
0,4,PLT-0,0.752332,0.749831,13.661656,13.659981
0,4,PLT-1,0.320442,0.432374,13.701731,13.703552
0,4,PLT-10,1.583544,1.562869,14.110277,14.110760
0,4,PLT-11,0.242955,0.376483,14.169064,14.171888
0,4,PLT-2,0.473796,0.581884,13.776299,13.774985
0,4,PLT-3,1.528024,1.497614,14.130582,14.131364
0,4,PLT-4,1.683388,1.624233,14.119226,14.114666
0,4,PLT-5,0.168921,0.169086,14.102629,14.101639
0,4,PLT-6,0.068227,0.068637,14.132551,14.133340
0,4,PLT-7,0.170771,0.171221,14.121059,14.119142
0,4,PLT-8,0.063858,0.065006,14.154408,14.149471
0,4,PLT-9,0.290320,0.422299,14.109273,14.111578
0,4,UGS-0,0.070684,0.070880,1.735480,1.735261
0,4,UGS-1,0.154666,0.154659,1.624105,1.623999
0,4,UGS-10,0.057185,0.056954,1.547313,1.547627
0,4,UGS-11,0.144125,0.143721,1.568539,1.569204
0,4,UGS-12,0.061607,0.061337,1.549975,1.550382
0,4,UGS-13,0.132181,0.132476,1.617364,1.617464
0,4,UGS-14,0.051722,0.051661,1.570618,1.570878
0,4,UGS-15,0.057553,0.057462,1.636475,1.636009
0,4,UGS-16,0.137204,0.138180,1.561172,1.561256
0,4,UGS-2,0.134632,0.136659,1.566103,1.566303
0,4,UGS-20,0.057931,0.057958,1.618422,1.617534
0,4,UGS-21,0.139291,0.140226,1.518883,1.519182
0,4,UGS-22,0.146088,0.146481,1.500671,1.500577
0,4,UGS-23,0.145584,0.145085,1.563023,1.562746
0,4,UGS-24,0.138140,0.139123,1.627064,1.626864
0,4,UGS-25,0.054807,0.055046,1.628317,1.628776
0,4,UGS-26,0.136859,0.136746,1.532035,1.532106
0,4,UGS-27,0.057883,0.058504,1.611486,1.612237
0,4,UGS-28,0.148790,0.149111,1.576769,1.576999
0,4,UGS-29,0.058488,0.058901,1.630076,1.630018
0,4,UGS-3,0.065960,0.064921,1.610952,1.611113
0,4,UGS-4,0.056202,0.056255,1.688518,1.689132
0,4,UGS-5,0.128138,0.127984,1.574644,1.574438
0,4,UGS-6,0.055467,0.055460,1.604628,1.604028
0,4,UGS-7,0.060800,0.061802,1.546688,1.546911
0,4,UGS-8,0.142254,0.141826,1.572556,1.572523
0,4,UGS-9,0.160064,0.159500,1.612184,1.612481
0,5,APC-0,1.341330,1.315342,13.632613,13.630002
0,5,APC-1,0.135958,0.137575,13.962912,13.965449
0,5,APC-2,0.204761,0.206461,13.822729,13.825331
0,5,APC-3,0.203798,0.208873,13.966582,13.962833
0,5,CHQ-1,1.867996,1.891146,17.713911,17.716090
0,5,PLT-0,0.728221,0.748007,13.662663,13.660587
0,5,PLT-1,0.309022,0.494406,13.695186,13.696164
0,5,PLT-10,1.584981,1.512076,14.112352,14.112585
0,5,PLT-11,0.244595,0.395334,14.177031,14.175567
0,5,PLT-2,0.497356,0.565072,13.773194,13.772809
0,5,PLT-3,1.536009,1.463332,14.131838,14.131434
0,5,PLT-4,1.682053,1.622714,14.118504,14.115332
0,5,PLT-5,0.168324,0.168988,14.103662,14.105523
0,5,PLT-6,0.068436,0.068527,14.135869,14.135301
0,5,PLT-7,0.170507,0.171942,14.121026,14.117557
0,5,PLT-8,0.064151,0.064705,14.156898,14.156348
0,5,PLT-9,0.275082,0.458731,14.110996,14.111803
0,5,UGS-0,0.070150,0.070441,1.735125,1.735047
0,5,UGS-1,0.153354,0.152810,1.624050,1.624169
0,5,UGS-10,0.057053,0.057237,1.547390,1.547198
0,5,UGS-11,0.143322,0.143957,1.569796,1.569762
0,5,UGS-12,0.061669,0.061172,1.550848,1.550747
0,5,UGS-13,0.132098,0.132676,1.618409,1.617556
0,5,UGS-14,0.051738,0.051802,1.571205,1.571209
0,5,UGS-15,0.057547,0.057319,1.637156,1.636933
0,5,UGS-16,0.138405,0.138908,1.562133,1.561781
0,5,UGS-2,0.135296,0.136635,1.566392,1.566220
0,5,UGS-20,0.058103,0.058057,1.617109,1.617433
0,5,UGS-21,0.139091,0.140398,1.518977,1.518957
0,5,UGS-22,0.146618,0.145821,1.500429,1.500403
0,5,UGS-23,0.144893,0.145184,1.562509,1.562371
0,5,UGS-24,0.137734,0.138563,1.626873,1.626832
0,5,UGS-25,0.055131,0.055025,1.628973,1.628479
0,5,UGS-26,0.135727,0.136554,1.532617,1.532504
0,5,UGS-27,0.057541,0.058574,1.612069,1.612226
0,5,UGS-28,0.149274,0.148978,1.577099,1.577054
0,5,UGS-29,0.058624,0.059078,1.630144,1.630065
0,5,UGS-3,0.065216,0.065026,1.611459,1.610868
0,5,UGS-4,0.056099,0.056328,1.688541,1.688474
0,5,UGS-5,0.128556,0.127825,1.574685,1.574784
0,5,UGS-6,0.055540,0.055452,1.604433,1.604529
0,5,UGS-7,0.060448,0.061817,1.546858,1.546723
0,5,UGS-8,0.141635,0.142081,1.572670,1.572838
0,5,UGS-9,0.161112,0.159017,1.612413,1.612248
0,6,APC-0,1.354585,1.325856,13.626344,13.628325
0,6,APC-1,0.135787,0.137445,13.966811,13.964971
0,6,APC-2,0.204029,0.204732,13.823415,13.822012
0,6,APC-3,0.203738,0.206938,13.957932,13.957606
0,6,CHQ-1,1.859826,1.869699,17.720291,17.715661
0,6,PLT-0,0.712100,0.762395,13.662678,13.663460
0,6,PLT-1,0.303704,0.423209,13.699325,13.700028
0,6,PLT-10,1.587077,1.547948,14.109800,14.105573
0,6,PLT-11,0.243852,0.401430,14.166125,14.168883
0,6,PLT-2,0.469509,0.528312,13.769026,13.775105
0,6,PLT-3,1.532067,1.474196,14.133677,14.130422
0,6,PLT-4,1.674200,1.673640,14.114704,14.114263
0,6,PLT-5,0.169475,0.168917,14.108569,14.108378
0,6,PLT-6,0.068734,0.068553,14.129516,14.129523
0,6,PLT-7,0.170286,0.170722,14.116853,14.115448
0,6,PLT-8,0.064835,0.064572,14.145378,14.150781
0,6,PLT-9,0.305851,0.394924,14.108044,14.110622
0,6,UGS-0,0.070530,0.070723,1.735789,1.735545
0,6,UGS-1,0.152592,0.153559,1.623630,1.623712
0,6,UGS-10,0.056993,0.056884,1.548043,1.547585
0,6,UGS-11,0.143718,0.144023,1.569412,1.569225
0,6,UGS-12,0.061334,0.061416,1.551135,1.550710
0,6,UGS-13,0.132006,0.132756,1.616763,1.616984
0,6,UGS-14,0.051597,0.051716,1.570701,1.570799
0,6,UGS-15,0.057155,0.057289,1.635882,1.635997
0,6,UGS-16,0.137865,0.138111,1.560388,1.560793
0,6,UGS-2,0.134192,0.135619,1.565701,1.565933
0,6,UGS-20,0.057789,0.057996,1.617194,1.616862
0,6,UGS-21,0.139427,0.140264,1.519376,1.519168
0,6,UGS-22,0.145735,0.145937,1.500889,1.501086
0,6,UGS-23,0.145263,0.145330,1.561469,1.561954
0,6,UGS-24,0.138417,0.138968,1.627484,1.627288
0,6,UGS-25,0.055175,0.055068,1.628690,1.628770
0,6,UGS-26,0.135768,0.136030,1.532404,1.532198
0,6,UGS-27,0.058144,0.058291,1.611546,1.612122
0,6,UGS-28,0.149513,0.148822,1.576706,1.576950
0,6,UGS-29,0.058467,0.058901,1.630105,1.629928
0,6,UGS-3,0.065239,0.065254,1.610773,1.610499
0,6,UGS-4,0.056378,0.056357,1.689078,1.688554
0,6,UGS-5,0.128265,0.128380,1.574858,1.574606
0,6,UGS-6,0.055519,0.055417,1.604009,1.604169
0,6,UGS-7,0.060745,0.061651,1.546834,1.546929
0,6,UGS-8,0.142486,0.141983,1.572233,1.572017
0,6,UGS-9,0.160225,0.159601,1.612334,1.612314
0,7,APC-0,1.347609,1.342854,13.627191,13.626564
0,7,APC-1,0.136402,0.137874,13.961822,13.962546
0,7,APC-2,0.203196,0.204480,13.821558,13.825031
0,7,APC-3,0.204285,0.207614,13.957959,13.960150
0,7,CHQ-1,1.864180,1.866360,17.722872,17.719351
0,7,PLT-0,0.727747,0.764719,13.661752,13.657506
0,7,PLT-1,0.305308,0.441277,13.702310,13.699099
0,7,PLT-10,1.583896,1.560168,14.115581,14.112373
0,7,PLT-11,0.243067,0.407783,14.167194,14.171397
0,7,PLT-2,0.478433,0.563465,13.774619,13.775986
0,7,PLT-3,1.526952,1.495577,14.125672,14.129146
0,7,PLT-4,1.685762,1.672560,14.113108,14.114125
0,7,PLT-5,0.168716,0.169176,14.101455,14.104333
0,7,PLT-6,0.068500,0.068597,14.132317,14.135614
0,7,PLT-7,0.171679,0.171871,14.120704,14.119276
0,7,PLT-8,0.064653,0.064533,14.150754,14.149301
0,7,PLT-9,0.275231,0.481666,14.107433,14.109420
0,7,UGS-0,0.071098,0.070683,1.735408,1.735051
0,7,UGS-1,0.153759,0.153951,1.623569,1.623897
0,7,UGS-10,0.056820,0.056887,1.547998,1.547615
0,7,UGS-11,0.143392,0.143607,1.568663,1.568948
0,7,UGS-12,0.061570,0.061356,1.550350,1.550243
0,7,UGS-13,0.132132,0.132075,1.617076,1.617297
0,7,UGS-14,0.051870,0.051741,1.571472,1.571058
0,7,UGS-15,0.057659,0.057479,1.635373,1.636187
0,7,UGS-16,0.137806,0.138440,1.561171,1.561025
0,7,UGS-2,0.133976,0.136024,1.566811,1.566815
0,7,UGS-20,0.057925,0.058036,1.617601,1.616792
0,7,UGS-21,0.139555,0.140375,1.519205,1.519276
0,7,UGS-22,0.146455,0.145969,1.500819,1.501040
0,7,UGS-23,0.144986,0.145380,1.562322,1.562113
0,7,UGS-24,0.138719,0.138818,1.626964,1.626577
0,7,UGS-25,0.054904,0.055060,1.628454,1.628208
0,7,UGS-26,0.136525,0.136339,1.532428,1.532444
0,7,UGS-27,0.057904,0.058249,1.612343,1.612131
0,7,UGS-28,0.149396,0.149035,1.576255,1.576636
0,7,UGS-29,0.058323,0.058796,1.629850,1.629962
0,7,UGS-3,0.065426,0.065186,1.610292,1.610129
0,7,UGS-4,0.056142,0.056353,1.688542,1.688903
0,7,UGS-5,0.128934,0.128252,1.574397,1.574468
0,7,UGS-6,0.055379,0.055511,1.605512,1.605029
0,7,UGS-7,0.060509,0.061488,1.547185,1.547450
0,7,UGS-8,0.142921,0.142112,1.572619,1.572875
0,7,UGS-9,0.159810,0.159737,1.612434,1.612390
0,8,APC-0,1.348572,1.343991,13.628023,13.627369
0,8,APC-1,0.135916,0.137154,13.971148,13.967459
0,8,APC-2,0.202450,0.204405,13.818245,13.822490
0,8,APC-3,0.202920,0.208674,13.957884,13.958938
0,8,CHQ-1,1.869139,1.875849,17.716356,17.717777
0,8,PLT-0,0.683447,0.759744,13.663157,13.661527
0,8,PLT-1,0.318005,0.464287,13.702750,13.701816
0,8,PLT-10,1.579677,1.571662,14.107471,14.107845
0,8,PLT-11,0.246755,0.336503,14.168389,14.169217
0,8,PLT-2,0.469783,0.509567,13.783978,13.777901
0,8,PLT-3,1.535528,1.485033,14.130041,14.127854
0,8,PLT-4,1.679392,1.667328,14.115544,14.115118
0,8,PLT-5,0.168786,0.169790,14.103696,14.103471
0,8,PLT-6,0.068591,0.068544,14.131176,14.132966
0,8,PLT-7,0.170769,0.171622,14.116899,14.117308
0,8,PLT-8,0.064588,0.064681,14.148077,14.151866
0,8,PLT-9,0.277274,0.439737,14.115582,14.112007
0,8,UGS-0,0.070693,0.070638,1.735369,1.735556
0,8,UGS-1,0.154578,0.153861,1.623806,1.623852
0,8,UGS-10,0.057459,0.056958,1.547611,1.547844
0,8,UGS-11,0.144225,0.143928,1.569949,1.569811
0,8,UGS-12,0.061477,0.061502,1.550535,1.550260
0,8,UGS-13,0.131958,0.132738,1.617378,1.617225
0,8,UGS-14,0.051525,0.051705,1.571106,1.570882
0,8,UGS-15,0.057560,0.057359,1.636898,1.636739
0,8,UGS-16,0.138031,0.138014,1.561305,1.561316
0,8,UGS-2,0.133407,0.136494,1.566091,1.566100
0,8,UGS-20,0.057960,0.058066,1.617376,1.617432
0,8,UGS-21,0.139900,0.140650,1.518362,1.518598
0,8,UGS-22,0.146613,0.145828,1.501112,1.500768
0,8,UGS-23,0.145524,0.145412,1.562774,1.562720
0,8,UGS-24,0.137785,0.138899,1.626814,1.627268
0,8,UGS-25,0.055164,0.055207,1.628048,1.627650
0,8,UGS-26,0.136609,0.136386,1.531618,1.531951
0,8,UGS-27,0.058180,0.058270,1.612260,1.612315
0,8,UGS-28,0.149138,0.148824,1.576751,1.576904
0,8,UGS-29,0.058666,0.059012,1.629575,1.630038
0,8,UGS-3,0.064809,0.064988,1.610879,1.610841
0,8,UGS-4,0.056326,0.056391,1.688742,1.688577
0,8,UGS-5,0.129214,0.128225,1.574234,1.574048
0,8,UGS-6,0.055553,0.055384,1.604376,1.604297
0,8,UGS-7,0.060788,0.061794,1.547407,1.547273
0,8,UGS-8,0.141935,0.142012,1.572311,1.572380
0,8,UGS-9,0.159660,0.159517,1.612204,1.612375
0,9,APC-0,1.348833,1.346604,13.625773,13.626193
0,9,APC-1,0.134964,0.137546,13.966163,13.965718
0,9,APC-2,0.203962,0.204538,13.825007,13.822709
0,9,APC-3,0.203013,0.205563,13.964560,13.961242
0,9,CHQ-1,1.867974,1.876357,17.714100,17.715831
0,9,PLT-0,0.719555,0.756934,13.658884,13.658445
0,9,PLT-1,0.304147,0.449838,13.698811,13.700835
0,9,PLT-10,1.589227,1.551937,14.104394,14.103636
0,9,PLT-11,0.239338,0.338616,14.171214,14.170218
0,9,PLT-2,0.472914,0.549530,13.776687,13.773845
0,9,PLT-3,1.543837,1.510941,14.132994,14.132667
0,9,PLT-4,1.682252,1.637836,14.111108,14.113405
0,9,PLT-5,0.168547,0.168994,14.112206,14.105326
0,9,PLT-6,0.068140,0.068505,14.134137,14.128811
0,9,PLT-7,0.170098,0.172011,14.117537,14.117221
0,9,PLT-8,0.064620,0.064757,14.146272,14.148770
0,9,PLT-9,0.294064,0.463878,14.108846,14.110765
0,9,UGS-0,0.071022,0.070715,1.734939,1.735177
0,9,UGS-1,0.153859,0.153348,1.623963,1.624074
0,9,UGS-10,0.057165,0.057018,1.547439,1.547231
0,9,UGS-11,0.144548,0.143840,1.569651,1.569514
0,9,UGS-12,0.061415,0.061392,1.550501,1.550358
0,9,UGS-13,0.131818,0.132202,1.617622,1.617704
0,9,UGS-14,0.051736,0.051801,1.570885,1.570596
0,9,UGS-15,0.057800,0.057424,1.636728,1.636035
0,9,UGS-16,0.138079,0.138154,1.560849,1.560605
0,9,UGS-2,0.134233,0.135505,1.566484,1.566635
0,9,UGS-20,0.057930,0.058002,1.617094,1.616997
0,9,UGS-21,0.139655,0.140456,1.518592,1.518767
0,9,UGS-22,0.146654,0.146097,1.501031,1.501119
0,9,UGS-23,0.145628,0.145381,1.562706,1.562610
0,9,UGS-24,0.138164,0.138890,1.626810,1.626864
0,9,UGS-25,0.055116,0.055104,1.628685,1.628182
0,9,UGS-26,0.137234,0.136539,1.532407,1.532183
0,9,UGS-27,0.058459,0.058133,1.611943,1.611733
0,9,UGS-28,0.148199,0.148705,1.577433,1.577113
0,9,UGS-29,0.058520,0.058962,1.629406,1.629618
0,9,UGS-3,0.065608,0.065119,1.610620,1.610675
0,9,UGS-4,0.056278,0.056304,1.688540,1.688750
0,9,UGS-5,0.128344,0.128407,1.574738,1.574599
0,9,UGS-6,0.055495,0.055414,1.605245,1.604763
0,9,UGS-7,0.060299,0.061372,1.546700,1.546843
0,9,UGS-8,0.142287,0.142431,1.572431,1.572658
0,9,UGS-9,0.160374,0.159176,1.612477,1.612658
0,10,APC-0,1.346569,1.339969,13.629315,13.629476
0,10,APC-1,0.135057,0.138071,13.964155,13.965947
0,10,APC-2,0.203486,0.204302,13.819939,13.821221
0,10,APC-3,0.203693,0.207733,13.960909,13.962159
0,10,CHQ-1,1.856337,1.881011,17.716164,17.711731
0,10,PLT-0,0.692057,0.718296,13.665322,13.660812
0,10,PLT-1,0.307088,0.473434,13.698400,13.698468
0,10,PLT-10,1.585252,1.562166,14.108880,14.112040
0,10,PLT-11,0.245557,0.356821,14.170528,14.169948
0,10,PLT-2,0.481275,0.546854,13.768011,13.770405
0,10,PLT-3,1.547496,1.476366,14.128472,14.133030
0,10,PLT-4,1.679323,1.636882,14.112093,14.115058
0,10,PLT-5,0.168455,0.169083,14.103731,14.102648
0,10,PLT-6,0.068150,0.068638,14.127563,14.126274
0,10,PLT-7,0.169542,0.171683,14.117405,14.117484
0,10,PLT-8,0.064080,0.064671,14.150110,14.151170
0,10,PLT-9,0.282496,0.326112,14.107863,14.108725
0,10,UGS-0,0.070552,0.070564,1.735403,1.735305
0,10,UGS-1,0.153175,0.153487,1.624470,1.624395
0,10,UGS-10,0.057522,0.056849,1.547300,1.547489
0,10,UGS-11,0.144797,0.143132,1.570290,1.569854
0,10,UGS-12,0.061461,0.061326,1.550486,1.550263
0,10,UGS-13,0.132142,0.133017,1.617667,1.617947
0,10,UGS-14,0.051557,0.051654,1.570515,1.570748
0,10,UGS-15,0.057920,0.057286,1.635623,1.636315
0,10,UGS-16,0.138123,0.138154,1.561138,1.561064
0,10,UGS-2,0.134602,0.135937,1.566604,1.566702
0,10,UGS-20,0.058080,0.058068,1.617092,1.617141
0,10,UGS-21,0.140217,0.140584,1.518800,1.519160
0,10,UGS-22,0.145490,0.146051,1.500507,1.500855
0,10,UGS-23,0.145063,0.145213,1.563038,1.562979
0,10,UGS-24,0.139003,0.138655,1.626973,1.626633
0,10,UGS-25,0.055001,0.054882,1.628286,1.628735
0,10,UGS-26,0.136250,0.136421,1.532427,1.532247
0,10,UGS-27,0.057897,0.058457,1.612718,1.612244
0,10,UGS-28,0.149168,0.148947,1.576984,1.577428
0,10,UGS-29,0.059168,0.058761,1.630636,1.630197
0,10,UGS-3,0.065100,0.064937,1.610257,1.610923
0,10,UGS-4,0.056276,0.056333,1.689036,1.689136
0,10,UGS-5,0.128819,0.128256,1.575251,1.575057
0,10,UGS-6,0.055492,0.055408,1.603843,1.604371
0,10,UGS-7,0.060568,0.061592,1.547240,1.546895
0,10,UGS-8,0.142521,0.142034,1.573067,1.572553
0,10,UGS-9,0.159463,0.159097,1.612757,1.612535
0,11,APC-0,1.346838,1.341869,13.624889,13.627581
0,11,APC-1,0.136174,0.137362,13.962225,13.960729
0,11,APC-2,0.205059,0.203710,13.824082,13.823621
0,11,APC-3,0.203168,0.205740,13.964111,13.960046
0,11,CHQ-1,1.860648,1.872798,17.716995,17.715570
0,11,PLT-0,0.709937,0.741660,13.657367,13.658600
0,11,PLT-1,0.306303,0.521217,13.703452,13.701800
0,11,PLT-10,1.578766,1.579959,14.113373,14.110117
0,11,PLT-11,0.246880,0.385690,14.169689,14.171406
0,11,PLT-2,0.472382,0.565977,13.777352,13.774118
0,11,PLT-3,1.527058,1.483799,14.130800,14.132750
0,11,PLT-4,1.683119,1.638632,14.113787,14.115006
0,11,PLT-5,0.169785,0.168939,14.103903,14.105959
0,11,PLT-6,0.068274,0.068707,14.128016,14.129522
0,11,PLT-7,0.170992,0.171168,14.112826,14.118807
0,11,PLT-8,0.064441,0.064770,14.151079,14.153867
0,11,PLT-9,0.272201,0.442518,14.113685,14.110393
0,11,UGS-0,0.070337,0.070527,1.735796,1.735313
0,11,UGS-1,0.154196,0.153497,1.624001,1.624389
0,11,UGS-10,0.056998,0.056945,1.547241,1.547275
0,11,UGS-11,0.143021,0.143884,1.569095,1.569408
0,11,UGS-12,0.061629,0.061304,1.550421,1.550283
0,11,UGS-13,0.132572,0.132364,1.617066,1.616904
0,11,UGS-14,0.051419,0.051778,1.570599,1.570759
0,11,UGS-15,0.058073,0.057410,1.635911,1.636108
0,11,UGS-16,0.137287,0.138001,1.560987,1.561158
0,11,UGS-2,0.134663,0.136652,1.567462,1.567011
0,11,UGS-20,0.058125,0.057894,1.617254,1.617142
0,11,UGS-21,0.139697,0.140535,1.519285,1.518983
0,11,UGS-22,0.145173,0.145910,1.500384,1.500452
0,11,UGS-23,0.145393,0.145322,1.562964,1.562660
0,11,UGS-24,0.138784,0.138802,1.627267,1.627056
0,11,UGS-25,0.055029,0.055150,1.628602,1.628790
0,11,UGS-26,0.136353,0.136460,1.532043,1.532094
0,11,UGS-27,0.058459,0.058311,1.611742,1.612128
0,11,UGS-28,0.149089,0.148858,1.577558,1.577018
0,11,UGS-29,0.058734,0.058989,1.630539,1.630123
0,11,UGS-3,0.065226,0.065013,1.610647,1.610650
0,11,UGS-4,0.056212,0.056361,1.689067,1.688935
0,11,UGS-5,0.129116,0.128585,1.574823,1.574722
0,11,UGS-6,0.055531,0.055454,1.605045,1.603919
0,11,UGS-7,0.060831,0.061337,1.546650,1.546886
0,11,UGS-8,0.142549,0.141881,1.572705,1.572576
0,11,UGS-9,0.160393,0.159295,1.612221,1.612539
0,12,APC-0,1.353565,1.337871,13.625911,13.625524
0,12,APC-1,0.135517,0.138135,13.964768,13.963951
0,12,APC-2,0.203295,0.206567,13.820172,13.821283
0,12,APC-3,0.203862,0.208342,13.957172,13.956665
0,12,CHQ-1,1.861571,1.876770,17.711681,17.716368
0,12,PLT-0,0.724003,0.734762,13.661568,13.665011
0,12,PLT-1,0.311634,0.509756,13.700093,13.698526
0,12,PLT-10,1.590159,1.565946,14.107262,14.108122
0,12,PLT-11,0.244073,0.360664,14.173862,14.172731
0,12,PLT-2,0.473281,0.547161,13.774566,13.774157
0,12,PLT-3,1.531650,1.457851,14.131024,14.129806
0,12,PLT-4,1.678388,1.664223,14.114686,14.112821
0,12,PLT-5,0.168282,0.169482,14.104327,14.103991
0,12,PLT-6,0.068351,0.068597,14.129097,14.130667
0,12,PLT-7,0.169102,0.172098,14.118778,14.112163
0,12,PLT-8,0.064018,0.064813,14.155391,14.153595
0,12,PLT-9,0.277283,0.352472,14.109056,14.109716
0,12,UGS-0,0.070722,0.070872,1.735182,1.735106
0,12,UGS-1,0.155026,0.153916,1.623509,1.623701
0,12,UGS-10,0.056992,0.057026,1.547669,1.547782
0,12,UGS-11,0.143868,0.143787,1.569920,1.569528
0,12,UGS-12,0.061225,0.061391,1.549771,1.550002
0,12,UGS-13,0.131825,0.132574,1.617255,1.617637
0,12,UGS-14,0.051663,0.051687,1.570842,1.570970
0,12,UGS-15,0.057472,0.057329,1.636547,1.636457
0,12,UGS-16,0.137902,0.138443,1.560947,1.561051
0,12,UGS-2,0.133984,0.135437,1.566689,1.566716
0,12,UGS-20,0.058181,0.058005,1.617818,1.617837
0,12,UGS-21,0.140399,0.140540,1.519429,1.519225
0,12,UGS-22,0.145848,0.145891,1.500174,1.500628
0,12,UGS-23,0.144493,0.145303,1.562513,1.562389
0,12,UGS-24,0.138745,0.139358,1.627182,1.627267
0,12,UGS-25,0.055172,0.055233,1.628608,1.628316
0,12,UGS-26,0.135533,0.136531,1.532590,1.532497
0,12,UGS-27,0.057442,0.058337,1.611881,1.611709
0,12,UGS-28,0.149451,0.148557,1.576482,1.576627
0,12,UGS-29,0.058583,0.058713,1.629978,1.629998
0,12,UGS-3,0.065120,0.065517,1.610235,1.610442
0,12,UGS-4,0.056243,0.056282,1.688162,1.688278
0,12,UGS-5,0.128936,0.128033,1.573956,1.574178
0,12,UGS-6,0.055511,0.055530,1.605139,1.604925
0,12,UGS-7,0.061016,0.061356,1.547002,1.547031
0,12,UGS-8,0.141605,0.141918,1.572064,1.572146
0,12,UGS-9,0.160835,0.159310,1.611917,1.612184
0,13,APC-0,1.346965,1.344017,13.629010,13.627510
0,13,APC-1,0.137829,0.137970,13.960390,13.960582
0,13,APC-2,0.203474,0.205808,13.821339,13.821112
0,13,APC-3,0.203383,0.207213,13.959723,13.959042
0,13,CHQ-1,1.844465,1.870883,17.725563,17.723047
0,13,PLT-0,0.710200,0.745199,13.662967,13.658515
0,13,PLT-1,0.308511,0.423805,13.700301,13.699829
0,13,PLT-10,1.583427,1.573340,14.107255,14.105274
0,13,PLT-11,0.243960,0.367249,14.174041,14.170930
0,13,PLT-2,0.467478,0.517151,13.774909,13.772297
0,13,PLT-3,1.525084,1.490222,14.128008,14.125608
0,13,PLT-4,1.679952,1.624552,14.119658,14.115501
0,13,PLT-5,0.168820,0.168932,14.107225,14.107652
0,13,PLT-6,0.068112,0.068544,14.128840,14.130886
0,13,PLT-7,0.171472,0.171394,14.118019,14.119270
0,13,PLT-8,0.064348,0.064671,14.151958,14.152235
0,13,PLT-9,0.282046,0.346071,14.109098,14.109364
0,13,UGS-0,0.070719,0.070729,1.735291,1.735275
0,13,UGS-1,0.153443,0.153499,1.624349,1.624460
0,13,UGS-10,0.057269,0.056915,1.547413,1.547433
0,13,UGS-11,0.144811,0.143864,1.569350,1.569496
0,13,UGS-12,0.061595,0.061379,1.550081,1.550189
0,13,UGS-13,0.132118,0.132078,1.617362,1.617002
0,13,UGS-14,0.051698,0.051791,1.571127,1.570830
0,13,UGS-15,0.057693,0.057301,1.635721,1.635720
0,13,UGS-16,0.137880,0.138052,1.560626,1.560578
0,13,UGS-2,0.134466,0.136127,1.566309,1.566495
0,13,UGS-20,0.057786,0.058074,1.617171,1.617141
0,13,UGS-21,0.139454,0.140120,1.518613,1.519207
0,13,UGS-22,0.146090,0.145951,1.501184,1.501217
0,13,UGS-23,0.145284,0.145309,1.562434,1.562414
0,13,UGS-24,0.138157,0.139056,1.625336,1.626326
0,13,UGS-25,0.055617,0.055173,1.627858,1.628349
0,13,UGS-26,0.135329,0.136506,1.532701,1.532223
0,13,UGS-27,0.057608,0.058168,1.612377,1.612356
0,13,UGS-28,0.149026,0.148764,1.577401,1.577209
0,13,UGS-29,0.058383,0.058944,1.629466,1.629912
0,13,UGS-3,0.065128,0.065033,1.610426,1.610456
0,13,UGS-4,0.056299,0.056348,1.688668,1.688951
0,13,UGS-5,0.129461,0.128205,1.574619,1.574654
0,13,UGS-6,0.055368,0.055477,1.603492,1.604392
0,13,UGS-7,0.061188,0.061648,1.546654,1.546968
0,13,UGS-8,0.141399,0.142199,1.572065,1.572152
0,13,UGS-9,0.159849,0.159116,1.612773,1.612201
0,14,APC-0,1.341355,1.329938,13.628853,13.624702
0,14,APC-1,0.135863,0.137582,13.964228,13.964662
0,14,APC-2,0.204295,0.206039,13.820473,13.820730
0,14,APC-3,0.203807,0.206799,13.960514,13.961536
0,14,CHQ-1,1.853831,1.870507,17.724745,17.718404
0,14,PLT-0,0.701450,0.746015,13.660772,13.661498
0,14,PLT-1,0.314742,0.458834,13.701260,13.701874
0,14,PLT-10,1.582097,1.577747,14.113784,14.110018
0,14,PLT-11,0.238903,0.358359,14.166446,14.169097
0,14,PLT-2,0.492489,0.546659,13.776516,13.775460
0,14,PLT-3,1.537905,1.492689,14.127454,14.129691
0,14,PLT-4,1.674732,1.671145,14.117388,14.114026
0,14,PLT-5,0.168672,0.169040,14.102783,14.104446
0,14,PLT-6,0.068162,0.068701,14.134108,14.131989
0,14,PLT-7,0.171676,0.171763,14.117616,14.113752
0,14,PLT-8,0.065045,0.064648,14.154924,14.154012
0,14,PLT-9,0.271670,0.459727,14.109095,14.108114
0,14,UGS-0,0.070451,0.070747,1.735107,1.734980
0,14,UGS-1,0.153232,0.153382,1.624082,1.624091
0,14,UGS-10,0.056805,0.056888,1.548137,1.547875
0,14,UGS-11,0.144171,0.143881,1.569775,1.569507
0,14,UGS-12,0.061391,0.061416,1.550866,1.550526
0,14,UGS-13,0.132041,0.132152,1.617522,1.617488
0,14,UGS-14,0.051822,0.051700,1.571116,1.570984
0,14,UGS-15,0.057825,0.057390,1.636925,1.636092
0,14,UGS-16,0.137430,0.138162,1.561374,1.561217
0,14,UGS-2,0.135217,0.136205,1.566360,1.566177
0,14,UGS-20,0.057995,0.058068,1.617332,1.617047
0,14,UGS-21,0.139637,0.140435,1.518679,1.518959
0,14,UGS-22,0.145532,0.146107,1.501054,1.500862
0,14,UGS-23,0.145032,0.145314,1.561331,1.561903
0,14,UGS-24,0.137764,0.138937,1.626651,1.626948
0,14,UGS-25,0.055010,0.055062,1.628326,1.628176
0,14,UGS-26,0.135719,0.136454,1.532566,1.532544
0,14,UGS-27,0.057738,0.058220,1.612353,1.611985
0,14,UGS-28,0.149250,0.148973,1.577223,1.577466
0,14,UGS-29,0.058766,0.058765,1.630123,1.630415
0,14,UGS-3,0.065032,0.065075,1.610436,1.610598
0,14,UGS-4,0.056311,0.056363,1.688378,1.689134
0,14,UGS-5,0.128347,0.128192,1.574022,1.574217
0,14,UGS-6,0.055721,0.055422,1.604009,1.603864
0,14,UGS-7,0.060793,0.061441,1.547068,1.547132
0,14,UGS-8,0.142167,0.142337,1.572530,1.572284
0,14,UGS-9,0.160321,0.159796,1.612448,1.612423
0,15,APC-0,1.356726,1.344571,13.629197,13.629819
0,15,APC-1,0.135196,0.138063,13.965935,13.964398
0,15,APC-2,0.203367,0.204355,13.825649,13.826593
0,15,APC-3,0.204380,0.207941,13.965577,13.966167
0,15,CHQ-1,1.872551,1.864941,17.718410,17.716021
0,15,PLT-0,0.705029,0.748111,13.662704,13.658159
0,15,PLT-1,0.311165,0.524397,13.697484,13.698378
0,15,PLT-10,1.590626,1.580077,14.113688,14.112726
0,15,PLT-11,0.240742,0.266745,14.164277,14.168861
0,15,PLT-2,0.463879,0.511526,13.770879,13.773101
0,15,PLT-3,1.539962,1.464379,14.126759,14.125099
0,15,PLT-4,1.682431,1.632494,14.114476,14.117888
0,15,PLT-5,0.168589,0.168918,14.109367,14.108244
0,15,PLT-6,0.068548,0.068591,14.128254,14.129803
0,15,PLT-7,0.170841,0.171733,14.109681,14.111165
0,15,PLT-8,0.064311,0.064707,14.150871,14.150993
0,15,PLT-9,0.306747,0.414322,14.111429,14.114453
0,15,UGS-0,0.070134,0.070722,1.734581,1.735023
0,15,UGS-1,0.152973,0.153648,1.624598,1.624320
0,15,UGS-10,0.057330,0.056977,1.547656,1.547562
0,15,UGS-11,0.143726,0.143819,1.569161,1.569052
0,15,UGS-12,0.061594,0.061402,1.550056,1.550270
0,15,UGS-13,0.132210,0.132351,1.618093,1.617429
0,15,UGS-14,0.051359,0.051663,1.571137,1.571025
0,15,UGS-15,0.057785,0.057234,1.635283,1.635991
0,15,UGS-16,0.138172,0.138105,1.561745,1.561549
0,15,UGS-2,0.134314,0.134937,1.566867,1.566749
0,15,UGS-20,0.057958,0.058085,1.617270,1.617770
0,15,UGS-21,0.139954,0.140323,1.518743,1.518801
0,15,UGS-22,0.145791,0.145858,1.501436,1.501313
0,15,UGS-23,0.144854,0.145333,1.562761,1.562516
0,15,UGS-24,0.138445,0.139001,1.627327,1.626990
0,15,UGS-25,0.055436,0.055058,1.628820,1.628398
0,15,UGS-26,0.136178,0.136210,1.532701,1.532383
0,15,UGS-27,0.058122,0.058321,1.611934,1.611712
0,15,UGS-28,0.148722,0.148760,1.576724,1.576773
0,15,UGS-29,0.058536,0.058793,1.630626,1.630245
0,15,UGS-3,0.065055,0.065040,1.610231,1.610191
0,15,UGS-4,0.056369,0.056321,1.689180,1.688796
0,15,UGS-5,0.128110,0.128264,1.574044,1.574113
0,15,UGS-6,0.055545,0.055468,1.604411,1.605015
0,15,UGS-7,0.060565,0.061550,1.547035,1.547186
0,15,UGS-8,0.141911,0.142504,1.572019,1.572495
0,15,UGS-9,0.159794,0.160024,1.613101,1.612921
0,16,APC-0,1.347257,1.344460,13.622784,13.627569
0,16,APC-1,0.136211,0.137266,13.963081,13.963496
0,16,APC-2,0.203357,0.204333,13.821030,13.819560
0,16,APC-3,0.204083,0.207686,13.965650,13.962017
0,16,CHQ-1,1.865665,1.864398,17.714376,17.716843
0,16,PLT-0,0.721264,0.757935,13.659333,13.661509
0,16,PLT-1,0.307827,0.459525,13.705690,13.703290
0,16,PLT-10,1.592814,1.578249,14.105122,14.109261
0,16,PLT-11,0.239675,0.412350,14.169984,14.167709
0,16,PLT-2,0.475216,0.514442,13.775664,13.775663
0,16,PLT-3,1.534239,1.495311,14.130492,14.128481
0,16,PLT-4,1.675996,1.659701,14.112929,14.112914
0,16,PLT-5,0.168946,0.168912,14.108889,14.108617
0,16,PLT-6,0.068676,0.068568,14.135975,14.132602
0,16,PLT-7,0.170256,0.170962,14.118114,14.120228
0,16,PLT-8,0.064441,0.064656,14.153048,14.151506
0,16,PLT-9,0.274742,0.395345,14.108901,14.110621
0,16,UGS-0,0.070586,0.070605,1.735606,1.735413
0,16,UGS-1,0.153537,0.153630,1.624716,1.624526
0,16,UGS-10,0.057214,0.056952,1.547528,1.547628
0,16,UGS-11,0.144547,0.143851,1.569803,1.569699
0,16,UGS-12,0.061252,0.061323,1.550213,1.550216
0,16,UGS-13,0.132912,0.132199,1.617804,1.617772
0,16,UGS-14,0.051499,0.051716,1.571031,1.570823
0,16,UGS-15,0.057438,0.057281,1.635202,1.635767
0,16,UGS-16,0.137879,0.138204,1.560960,1.561022
0,16,UGS-2,0.134448,0.136206,1.565864,1.566047
0,16,UGS-20,0.057752,0.058095,1.617635,1.617295
0,16,UGS-21,0.139611,0.140341,1.519080,1.519010
0,16,UGS-22,0.145988,0.145933,1.501140,1.501167
0,16,UGS-23,0.144383,0.145309,1.562306,1.562264
0,16,UGS-24,0.138019,0.138727,1.628345,1.627478
0,16,UGS-25,0.055247,0.055186,1.628181,1.628108
0,16,UGS-26,0.135496,0.136444,1.531754,1.531920
0,16,UGS-27,0.057419,0.058245,1.612086,1.612132
0,16,UGS-28,0.148315,0.148895,1.576419,1.577130
0,16,UGS-29,0.058414,0.058775,1.630149,1.630143
0,16,UGS-3,0.065311,0.065144,1.610946,1.611040
0,16,UGS-4,0.056183,0.056383,1.688842,1.688932
0,16,UGS-5,0.127002,0.128252,1.574213,1.574306
0,16,UGS-6,0.055537,0.055501,1.604031,1.604208
0,16,UGS-7,0.060981,0.061766,1.547446,1.547053
0,16,UGS-8,0.141706,0.141952,1.572332,1.572465
0,16,UGS-9,0.160179,0.159922,1.612524,1.612241
0,17,APC-0,1.353305,1.337686,13.622752,13.625703
0,17,APC-1,0.135697,0.136937,13.959014,13.961174
0,17,APC-2,0.204275,0.204668,13.822506,13.820496
0,17,APC-3,0.203468,0.205434,13.969011,13.966881
0,17,CHQ-1,1.858242,1.877116,17.721603,17.720659
0,17,PLT-0,0.716882,0.751551,13.661507,13.662457
0,17,PLT-1,0.315603,0.503687,13.702662,13.701915
0,17,PLT-10,1.582228,1.577864,14.111443,14.110963
0,17,PLT-11,0.243477,0.280287,14.175432,14.173430
0,17,PLT-2,0.473886,0.563669,13.766521,13.770559
0,17,PLT-3,1.520879,1.474815,14.130535,14.127766
0,17,PLT-4,1.683744,1.670283,14.124578,14.122890
0,17,PLT-5,0.168343,0.169368,14.109225,14.107841
0,17,PLT-6,0.068377,0.068614,14.131177,14.133772
0,17,PLT-7,0.171282,0.171795,14.117346,14.119598
0,17,PLT-8,0.064890,0.064621,14.151997,14.151427
0,17,PLT-9,0.272335,0.424446,14.113243,14.111188
0,17,UGS-0,0.071077,0.070695,1.735253,1.735437
0,17,UGS-1,0.154475,0.154222,1.624428,1.624257
0,17,UGS-10,0.056956,0.056935,1.547258,1.547410
0,17,UGS-11,0.145050,0.143808,1.569539,1.568859
0,17,UGS-12,0.061676,0.061421,1.550241,1.550434
0,17,UGS-13,0.131958,0.132174,1.617015,1.616982
0,17,UGS-14,0.051554,0.051661,1.571246,1.571039
0,17,UGS-15,0.057582,0.057263,1.636005,1.636183
0,17,UGS-16,0.138275,0.138224,1.561224,1.561110
0,17,UGS-2,0.134502,0.135963,1.565937,1.566070
0,17,UGS-20,0.057890,0.058030,1.617645,1.617697
0,17,UGS-21,0.139520,0.140237,1.518876,1.519150
0,17,UGS-22,0.145962,0.145927,1.501340,1.501111
0,17,UGS-23,0.145828,0.145396,1.562503,1.562586
0,17,UGS-24,0.139282,0.139036,1.627117,1.626952
0,17,UGS-25,0.054962,0.055182,1.628004,1.628307
0,17,UGS-26,0.136171,0.136082,1.531924,1.532147
0,17,UGS-27,0.057809,0.058289,1.611912,1.612141
0,17,UGS-28,0.148801,0.148831,1.576503,1.576457
0,17,UGS-29,0.058665,0.058947,1.630030,1.629949
0,17,UGS-3,0.065500,0.065216,1.611104,1.610971
0,17,UGS-4,0.056448,0.056376,1.689490,1.689171
0,17,UGS-5,0.129253,0.128144,1.574903,1.574686
0,17,UGS-6,0.055415,0.055390,1.604658,1.604077
0,17,UGS-7,0.061205,0.061593,1.547529,1.547349
0,17,UGS-8,0.142261,0.142021,1.572661,1.572224
0,17,UGS-9,0.161187,0.159463,1.611923,1.612460
0,18,APC-0,1.352025,1.343692,13.626884,13.627418
0,18,APC-1,0.136228,0.137742,13.968243,13.967251
0,18,APC-2,0.204325,0.204292,13.822436,13.818805
0,18,APC-3,0.203908,0.205575,13.959776,13.958368
0,18,CHQ-1,1.868471,1.872184,17.714188,17.717181
0,18,PLT-0,0.704334,0.746244,13.653562,13.658508
0,18,PLT-1,0.304871,0.515360,13.703822,13.700104
0,18,PLT-10,1.579876,1.579413,14.108770,14.105949
0,18,PLT-11,0.242789,0.396972,14.167824,14.171681
0,18,PLT-2,0.505154,0.563844,13.775978,13.774177
0,18,PLT-3,1.535805,1.491274,14.136832,14.133916
0,18,PLT-4,1.678228,1.670365,14.115734,14.117909
0,18,PLT-5,0.168419,0.169539,14.104971,14.103058
0,18,PLT-6,0.068120,0.068505,14.133279,14.130562
0,18,PLT-7,0.169588,0.171533,14.120271,14.117941
0,18,PLT-8,0.064508,0.064667,14.144422,14.145920
0,18,PLT-9,0.278183,0.305872,14.114447,14.110454
0,18,UGS-0,0.070667,0.070673,1.735391,1.734992
0,18,UGS-1,0.153669,0.153427,1.623399,1.623866
0,18,UGS-10,0.057316,0.056991,1.547488,1.547339
0,18,UGS-11,0.144181,0.143785,1.569489,1.568869
0,18,UGS-12,0.061363,0.061436,1.551113,1.550776
0,18,UGS-13,0.131577,0.132071,1.617086,1.617363
0,18,UGS-14,0.051505,0.051710,1.571093,1.570743
0,18,UGS-15,0.057506,0.057256,1.635506,1.636262
0,18,UGS-16,0.138185,0.137979,1.561557,1.561805
0,18,UGS-2,0.134443,0.134897,1.566289,1.566552
0,18,UGS-20,0.057981,0.058043,1.617432,1.617323
0,18,UGS-21,0.139744,0.140321,1.519176,1.519205
0,18,UGS-22,0.146328,0.146083,1.501011,1.500790
0,18,UGS-23,0.145215,0.145292,1.562405,1.562454
0,18,UGS-24,0.138315,0.139082,1.626487,1.626676
0,18,UGS-25,0.055153,0.055173,1.627981,1.627910
0,18,UGS-26,0.135940,0.136196,1.531984,1.531907
0,18,UGS-27,0.057766,0.058241,1.611766,1.611907
0,18,UGS-28,0.148927,0.148967,1.576787,1.577111
0,18,UGS-29,0.058675,0.058958,1.629722,1.630006
0,18,UGS-3,0.065264,0.065180,1.610528,1.610514
0,18,UGS-4,0.056523,0.056279,1.688348,1.688330
0,18,UGS-5,0.128189,0.128214,1.574732,1.574800
0,18,UGS-6,0.055406,0.055521,1.604336,1.604195
0,18,UGS-7,0.061034,0.061415,1.547226,1.546959
0,18,UGS-8,0.141841,0.142321,1.572242,1.572094
0,18,UGS-9,0.160359,0.159234,1.613165,1.612539
0,19,APC-0,1.357673,1.336502,13.630383,13.627505
0,19,APC-1,0.135974,0.137429,13.966415,13.966981
0,19,APC-2,0.203802,0.205340,13.818783,13.823394
0,19,APC-3,0.202040,0.205545,13.959463,13.960785
0,19,CHQ-1,1.876684,1.883305,17.718277,17.712405
0,19,PLT-0,0.697419,0.751821,13.663963,13.662609
0,19,PLT-1,0.324959,0.494974,13.694261,13.700443
0,19,PLT-10,1.593599,1.514016,14.109491,14.110154
0,19,PLT-11,0.247015,0.359285,14.168202,14.171446
0,19,PLT-2,0.480268,0.530153,13.771046,13.771814
0,19,PLT-3,1.526083,1.463294,14.133574,14.130073
0,19,PLT-4,1.682660,1.674274,14.122930,14.118836
0,19,PLT-5,0.169136,0.169554,14.103603,14.101586
0,19,PLT-6,0.068455,0.068650,14.128854,14.129949
0,19,PLT-7,0.172595,0.171463,14.117626,14.118338
0,19,PLT-8,0.064350,0.064741,14.158718,14.154393
0,19,PLT-9,0.278067,0.413522,14.111770,14.113184
0,19,UGS-0,0.070371,0.070870,1.735339,1.734942
0,19,UGS-1,0.153279,0.155017,1.623446,1.623833
0,19,UGS-10,0.057178,0.057106,1.547465,1.547383
0,19,UGS-11,0.143599,0.143530,1.569160,1.568921
0,19,UGS-12,0.061382,0.061221,1.550811,1.550634
0,19,UGS-13,0.131945,0.132426,1.617843,1.617146
0,19,UGS-14,0.051657,0.051735,1.570522,1.570534
0,19,UGS-15,0.057571,0.057282,1.635211,1.635255
0,19,UGS-16,0.138256,0.138278,1.560890,1.561483
0,19,UGS-2,0.134064,0.135945,1.566949,1.566763
0,19,UGS-20,0.057849,0.058126,1.616909,1.617017
0,19,UGS-21,0.140467,0.140895,1.519029,1.519033
0,19,UGS-22,0.146649,0.145693,1.500522,1.501187
0,19,UGS-23,0.145099,0.145717,1.562494,1.562559
0,19,UGS-24,0.137918,0.138817,1.626326,1.626373
0,19,UGS-25,0.055004,0.055105,1.628999,1.628845
0,19,UGS-26,0.137390,0.137222,1.532504,1.532487
0,19,UGS-27,0.057967,0.058757,1.611861,1.612106
0,19,UGS-28,0.148309,0.148887,1.577072,1.577081
0,19,UGS-29,0.058594,0.059033,1.630069,1.630220
0,19,UGS-3,0.065029,0.065219,1.610602,1.610339
0,19,UGS-4,0.056257,0.056527,1.689428,1.688816
0,19,UGS-5,0.129172,0.128460,1.574998,1.574156
0,19,UGS-6,0.055378,0.055394,1.603980,1.604385
0,19,UGS-7,0.060480,0.061770,1.547495,1.547700
0,19,UGS-8,0.142218,0.142541,1.572850,1.572424
0,19,UGS-9,0.160754,0.158926,1.612080,1.612214
0,20,APC-0,1.354963,1.337619,13.629694,13.629896
0,20,APC-1,0.136520,0.137902,13.963203,13.967889
0,20,APC-2,0.203225,0.205995,13.821651,13.821573
0,20,APC-3,0.204205,0.209115,13.964932,13.964743
0,20,CHQ-1,1.858480,1.879832,17.715109,17.715689
0,20,PLT-0,0.716332,0.768545,13.659027,13.660607
0,20,PLT-1,0.307461,0.455659,13.701488,13.699756
0,20,PLT-10,1.593874,1.569398,14.110583,14.112070
0,20,PLT-11,0.241083,0.282781,14.169356,14.170432
0,20,PLT-2,0.469302,0.521010,13.772349,13.770927
0,20,PLT-3,1.524335,1.520358,14.129360,14.133401
0,20,PLT-4,1.678833,1.657231,14.113444,14.113239
0,20,PLT-5,0.168380,0.169467,14.106522,14.106521
0,20,PLT-6,0.068424,0.068596,14.131326,14.131758
0,20,PLT-7,0.172402,0.171778,14.111363,14.115192
0,20,PLT-8,0.064767,0.064756,14.144841,14.151943
0,20,PLT-9,0.271907,0.347016,14.108259,14.109501
0,20,UGS-0,0.070614,0.070704,1.735165,1.735326
0,20,UGS-1,0.152974,0.153462,1.624186,1.624501
0,20,UGS-10,0.056811,0.056977,1.547074,1.547680
0,20,UGS-11,0.143255,0.143800,1.569401,1.569353
0,20,UGS-12,0.061240,0.061311,1.550251,1.550423
0,20,UGS-13,0.131702,0.132592,1.618234,1.617890
0,20,UGS-14,0.051576,0.051691,1.570683,1.570832
0,20,UGS-15,0.057322,0.057417,1.636004,1.636311
0,20,UGS-16,0.138198,0.138328,1.561310,1.560964
0,20,UGS-2,0.135374,0.135657,1.566327,1.566344
0,20,UGS-20,0.057981,0.058016,1.617322,1.617662
0,20,UGS-21,0.139725,0.140409,1.519510,1.519149
0,20,UGS-22,0.145917,0.145892,1.501129,1.500879
0,20,UGS-23,0.145346,0.145527,1.561878,1.562350
0,20,UGS-24,0.138029,0.138968,1.626969,1.626962
0,20,UGS-25,0.054743,0.055163,1.628618,1.628362
0,20,UGS-26,0.136888,0.136337,1.532151,1.532461
0,20,UGS-27,0.058127,0.058166,1.612016,1.611684
0,20,UGS-28,0.149268,0.148757,1.576948,1.576908
0,20,UGS-29,0.058805,0.058984,1.629771,1.629959
0,20,UGS-3,0.065241,0.065179,1.610041,1.610513
0,20,UGS-4,0.056371,0.056378,1.688642,1.688635
0,20,UGS-5,0.127465,0.128382,1.573903,1.574294
0,20,UGS-6,0.055396,0.055398,1.604710,1.603837
0,20,UGS-7,0.060795,0.061284,1.547199,1.547231
0,20,UGS-8,0.141878,0.141925,1.572718,1.572323
0,20,UGS-9,0.159907,0.159442,1.612332,1.612091
0,21,APC-0,1.350821,1.339519,13.632531,13.630828
0,21,APC-1,0.135173,0.138222,13.963915,13.966278
0,21,APC-2,0.204707,0.206327,13.820145,13.818792
0,21,APC-3,0.203128,0.209580,13.964469,13.961476
0,21,CHQ-1,1.863973,1.878271,17.719219,17.717201
0,21,PLT-0,0.702366,0.717340,13.653776,13.657422
0,21,PLT-1,0.299498,0.505320,13.697942,13.702373
0,21,PLT-10,1.585974,1.523017,14.110890,14.111920
0,21,PLT-11,0.248605,0.340790,14.173656,14.171364
0,21,PLT-2,0.487836,0.539541,13.777020,13.775030
0,21,PLT-3,1.528120,1.472216,14.125639,14.130976
0,21,PLT-4,1.679898,1.637478,14.113572,14.115033
0,21,PLT-5,0.168493,0.168935,14.102094,14.104925
0,21,PLT-6,0.068717,0.068487,14.132557,14.130863
0,21,PLT-7,0.170486,0.171429,14.115048,14.116663
0,21,PLT-8,0.064063,0.064690,14.156132,14.153943
0,21,PLT-9,0.277199,0.372277,14.108688,14.105623
0,21,UGS-0,0.070185,0.070579,1.735395,1.735531
0,21,UGS-1,0.155164,0.152676,1.624141,1.623883
0,21,UGS-10,0.057284,0.057107,1.547417,1.547606
0,21,UGS-11,0.143975,0.143975,1.569402,1.569602
0,21,UGS-12,0.061062,0.061410,1.550892,1.550667
0,21,UGS-13,0.132465,0.132157,1.618102,1.617504
0,21,UGS-14,0.051590,0.051777,1.569844,1.570320
0,21,UGS-15,0.057609,0.057265,1.635909,1.635604
0,21,UGS-16,0.138147,0.137910,1.560853,1.561053
0,21,UGS-2,0.135556,0.136315,1.566275,1.566327
0,21,UGS-20,0.058189,0.057925,1.616580,1.617583
0,21,UGS-21,0.139570,0.140385,1.519595,1.519251
0,21,UGS-22,0.146123,0.145756,1.501225,1.501320
0,21,UGS-23,0.145386,0.145346,1.562563,1.562488
0,21,UGS-24,0.137851,0.138837,1.626147,1.626741
0,21,UGS-25,0.055028,0.055277,1.628393,1.628131
0,21,UGS-26,0.137376,0.136514,1.531891,1.532112
0,21,UGS-27,0.057787,0.058093,1.612613,1.611847
0,21,UGS-28,0.148856,0.148253,1.576699,1.576543
0,21,UGS-29,0.058686,0.058792,1.629542,1.629975
0,21,UGS-3,0.065387,0.065067,1.610750,1.610826
0,21,UGS-4,0.056174,0.056398,1.687970,1.688438
0,21,UGS-5,0.128656,0.128388,1.575306,1.574437
0,21,UGS-6,0.055458,0.055342,1.604168,1.604074
0,21,UGS-7,0.060982,0.061548,1.546527,1.546911
0,21,UGS-8,0.141808,0.142539,1.572701,1.572472
0,21,UGS-9,0.160504,0.160197,1.612641,1.612488
0,22,APC-0,1.342288,1.336915,13.628760,13.628872
0,22,APC-1,0.136068,0.137514,13.961259,13.964435
0,22,APC-2,0.203139,0.206716,13.830315,13.826016
0,22,APC-3,0.203850,0.211210,13.964811,13.963886
0,22,CHQ-1,1.868436,1.887070,17.715242,17.717308
0,22,PLT-0,0.716843,0.750121,13.656919,13.661802
0,22,PLT-1,0.316575,0.494149,13.697621,13.702611
0,22,PLT-10,1.594310,1.536601,14.110839,14.110373
0,22,PLT-11,0.244223,0.347141,14.169112,14.169934
0,22,PLT-2,0.503445,0.562502,13.775280,13.773706
0,22,PLT-3,1.526276,1.486559,14.129856,14.129552
0,22,PLT-4,1.681243,1.650907,14.110697,14.113428
0,22,PLT-5,0.168850,0.169763,14.100561,14.103080
0,22,PLT-6,0.068436,0.068611,14.132000,14.133395
0,22,PLT-7,0.168800,0.171931,14.114485,14.115436
0,22,PLT-8,0.064468,0.064723,14.148286,14.153935
0,22,PLT-9,0.270949,0.467080,14.115669,14.111707
0,22,UGS-0,0.071088,0.070711,1.734730,1.735122
0,22,UGS-1,0.154913,0.154315,1.624690,1.624196
0,22,UGS-10,0.057254,0.057162,1.547161,1.547301
0,22,UGS-11,0.143552,0.143773,1.569361,1.569447
0,22,UGS-12,0.061304,0.061318,1.550269,1.550574
0,22,UGS-13,0.131832,0.132430,1.617885,1.617771
0,22,UGS-14,0.051545,0.051622,1.570657,1.570683
0,22,UGS-15,0.057564,0.057337,1.635186,1.636069
0,22,UGS-16,0.137653,0.138329,1.560894,1.561017
0,22,UGS-2,0.135794,0.137050,1.566614,1.566719
0,22,UGS-20,0.058134,0.058101,1.616781,1.616833
0,22,UGS-21,0.139672,0.140641,1.518962,1.518913
0,22,UGS-22,0.146171,0.146332,1.500739,1.500981
0,22,UGS-23,0.145482,0.145684,1.562683,1.562507
0,22,UGS-24,0.138338,0.139008,1.626956,1.627379
0,22,UGS-25,0.054946,0.055069,1.627974,1.628003
0,22,UGS-26,0.137033,0.137747,1.531826,1.531649
0,22,UGS-27,0.058521,0.058161,1.612114,1.612098
0,22,UGS-28,0.149131,0.148873,1.576478,1.576499
0,22,UGS-29,0.058407,0.058956,1.630617,1.630061
0,22,UGS-3,0.065054,0.064750,1.610775,1.611097
0,22,UGS-4,0.056132,0.056142,1.689003,1.688390
0,22,UGS-5,0.127871,0.128075,1.574977,1.574561
0,22,UGS-6,0.055539,0.055263,1.605005,1.604456
0,22,UGS-7,0.060788,0.061592,1.547237,1.547371
0,22,UGS-8,0.141640,0.142449,1.572242,1.572380
0,22,UGS-9,0.159971,0.159103,1.612711,1.612466
0,23,APC-0,1.349127,1.343752,13.626338,13.629116
0,23,APC-1,0.135988,0.138079,13.967833,13.968540
0,23,APC-2,0.203411,0.205239,13.825410,13.824230
0,23,APC-3,0.203726,0.206167,13.959400,13.961646
0,23,CHQ-1,1.869022,1.872287,17.720545,17.717701
0,23,PLT-0,0.717722,0.746315,13.660775,13.658660
0,23,PLT-1,0.328237,0.396904,13.705894,13.699884
0,23,PLT-10,1.599412,1.569371,14.105121,14.110814
0,23,PLT-11,0.243674,0.343604,14.168559,14.169010
0,23,PLT-2,0.467812,0.553375,13.776035,13.777328
0,23,PLT-3,1.540015,1.471235,14.126812,14.129011
0,23,PLT-4,1.680815,1.664740,14.115869,14.117231
0,23,PLT-5,0.168642,0.168876,14.103647,14.106477
0,23,PLT-6,0.068265,0.068603,14.127514,14.132291
0,23,PLT-7,0.170236,0.171684,14.111254,14.112453
0,23,PLT-8,0.064661,0.064769,14.157620,14.150538
0,23,PLT-9,0.304878,0.421776,14.110446,14.110852
0,23,UGS-0,0.070883,0.071072,1.734349,1.734820
0,23,UGS-1,0.154161,0.153764,1.624791,1.624369
0,23,UGS-10,0.057177,0.056880,1.546998,1.546972
0,23,UGS-11,0.143671,0.143185,1.568947,1.569094
0,23,UGS-12,0.061405,0.061308,1.550185,1.550684
0,23,UGS-13,0.131549,0.132363,1.617868,1.617753
0,23,UGS-14,0.051541,0.051766,1.571428,1.570687
0,23,UGS-15,0.057701,0.057108,1.637185,1.636070
0,23,UGS-16,0.138041,0.137747,1.561231,1.561640
0,23,UGS-2,0.135017,0.136588,1.566724,1.566533
0,23,UGS-20,0.057915,0.058151,1.617836,1.617540
0,23,UGS-21,0.139659,0.140097,1.519836,1.519195
0,23,UGS-22,0.145267,0.145977,1.501116,1.501148
0,23,UGS-23,0.145266,0.145372,1.562776,1.562718
0,23,UGS-24,0.138250,0.138729,1.627148,1.626981
0,23,UGS-25,0.055304,0.054964,1.628823,1.628864
0,23,UGS-26,0.136678,0.136084,1.531358,1.531842
0,23,UGS-27,0.058557,0.058019,1.612398,1.612052
0,23,UGS-28,0.149616,0.148271,1.576741,1.576609
0,23,UGS-29,0.058491,0.058988,1.630164,1.629834
0,23,UGS-3,0.065051,0.064794,1.610665,1.610395
0,23,UGS-4,0.056389,0.056458,1.689072,1.688804
0,23,UGS-5,0.127628,0.128436,1.574648,1.574248
0,23,UGS-6,0.055340,0.055536,1.604010,1.603824
0,23,UGS-7,0.061135,0.061590,1.547442,1.547487
0,23,UGS-8,0.142806,0.141688,1.571577,1.572329
0,23,UGS-9,0.159497,0.158286,1.612827,1.612589
0,24,APC-0,1.345802,1.335905,13.631526,13.627495
0,24,APC-1,0.136060,0.137531,13.963447,13.965138
0,24,APC-2,0.203456,0.204952,13.825851,13.822849
0,24,APC-3,0.203184,0.205428,13.954469,13.956253
0,24,CHQ-1,1.859218,1.879670,17.724031,17.720481
0,24,PLT-0,0.739953,0.770460,13.661842,13.660729
0,24,PLT-1,0.305716,0.421869,13.705344,13.702153
0,24,PLT-10,1.585795,1.565378,14.104641,14.106145
0,24,PLT-11,0.241279,0.377203,14.169761,14.171119
0,24,PLT-2,0.475784,0.541183,13.780221,13.777625
0,24,PLT-3,1.536262,1.478921,14.131566,14.132109
0,24,PLT-4,1.683582,1.658642,14.114407,14.115782
0,24,PLT-5,0.169150,0.168860,14.105666,14.105063
0,24,PLT-6,0.068623,0.068647,14.129339,14.131267
0,24,PLT-7,0.170154,0.171723,14.120902,14.117314
0,24,PLT-8,0.064242,0.064678,14.151559,14.154582
0,24,PLT-9,0.295421,0.441656,14.115073,14.110714
0,24,UGS-0,0.070691,0.070686,1.734957,1.735005
0,24,UGS-1,0.153575,0.153857,1.623889,1.623698
0,24,UGS-10,0.057019,0.056951,1.547264,1.547190
0,24,UGS-11,0.143884,0.143606,1.568986,1.569144
0,24,UGS-12,0.061351,0.061309,1.551064,1.550470
0,24,UGS-13,0.131671,0.132431,1.618429,1.617621
0,24,UGS-14,0.051754,0.051753,1.570591,1.570829
0,24,UGS-15,0.058009,0.057314,1.635798,1.636217
0,24,UGS-16,0.137917,0.137977,1.561400,1.561049
0,24,UGS-2,0.134634,0.135507,1.566177,1.566294
0,24,UGS-20,0.057742,0.058036,1.617472,1.617164
0,24,UGS-21,0.139726,0.140656,1.518709,1.518920
0,24,UGS-22,0.145824,0.145815,1.501364,1.501073
0,24,UGS-23,0.144811,0.145394,1.562816,1.562876
0,24,UGS-24,0.138583,0.138872,1.626396,1.626880
0,24,UGS-25,0.055014,0.055016,1.627888,1.628258
0,24,UGS-26,0.135787,0.136613,1.531901,1.532169
0,24,UGS-27,0.058424,0.058263,1.612313,1.611983
0,24,UGS-28,0.149552,0.149025,1.576685,1.576780
0,24,UGS-29,0.058809,0.058779,1.631155,1.630471
0,24,UGS-3,0.065215,0.064992,1.611233,1.610890
0,24,UGS-4,0.056359,0.056356,1.688816,1.688915
0,24,UGS-5,0.128810,0.128322,1.574942,1.574641
0,24,UGS-6,0.055539,0.055464,1.604150,1.604299
0,24,UGS-7,0.060664,0.061792,1.546498,1.547075
0,24,UGS-8,0.142298,0.142209,1.572437,1.572404
0,24,UGS-9,0.160155,0.159677,1.611441,1.612224
0,25,APC-0,1.346881,1.329957,13.632983,13.630805
0,25,APC-1,0.136215,0.137992,13.967443,13.966440
0,25,APC-2,0.204698,0.206365,13.825100,13.823169
0,25,APC-3,0.202963,0.207256,13.961969,13.961487
0,25,CHQ-1,1.861185,1.874875,17.715666,17.716677
0,25,PLT-0,0.732148,0.748246,13.659027,13.662191
0,25,PLT-1,0.301327,0.506849,13.698379,13.696875
0,25,PLT-10,1.592159,1.577418,14.106621,14.108981
0,25,PLT-11,0.247230,0.399748,14.166561,14.168920
0,25,PLT-2,0.480435,0.517757,13.777571,13.775892
0,25,PLT-3,1.516889,1.485197,14.131017,14.131324
0,25,PLT-4,1.676174,1.665434,14.120628,14.118649
0,25,PLT-5,0.169182,0.169059,14.106852,14.105295
0,25,PLT-6,0.068537,0.068554,14.128634,14.129318
0,25,PLT-7,0.169505,0.171826,14.111786,14.115355
0,25,PLT-8,0.064712,0.064669,14.149635,14.150884
0,25,PLT-9,0.307376,0.460992,14.109683,14.107817
0,25,UGS-0,0.070545,0.070655,1.735496,1.735032
0,25,UGS-1,0.154045,0.153991,1.623943,1.624084
0,25,UGS-10,0.057006,0.056960,1.547760,1.547392
0,25,UGS-11,0.143985,0.143834,1.569789,1.569364
0,25,UGS-12,0.061484,0.061347,1.550302,1.550298
0,25,UGS-13,0.131956,0.132017,1.616886,1.617363
0,25,UGS-14,0.051304,0.051693,1.570382,1.570599
0,25,UGS-15,0.057838,0.057278,1.635900,1.636174
0,25,UGS-16,0.138593,0.138014,1.561111,1.560896
0,25,UGS-2,0.134646,0.136444,1.566921,1.566890
0,25,UGS-20,0.057944,0.058076,1.616646,1.616852
0,25,UGS-21,0.140461,0.140625,1.519152,1.519245
0,25,UGS-22,0.146625,0.145800,1.500884,1.500990
0,25,UGS-23,0.145459,0.145343,1.562127,1.562106
0,25,UGS-24,0.138514,0.139027,1.626997,1.626847
0,25,UGS-25,0.055169,0.055073,1.629116,1.628526
0,25,UGS-26,0.136963,0.136493,1.532807,1.532335
0,25,UGS-27,0.058206,0.058152,1.612494,1.612110
0,25,UGS-28,0.148720,0.148675,1.576662,1.576537
0,25,UGS-29,0.058533,0.058997,1.630159,1.629675
0,25,UGS-3,0.065180,0.065217,1.610775,1.610647
0,25,UGS-4,0.056045,0.056386,1.688905,1.688821
0,25,UGS-5,0.128762,0.128507,1.574359,1.574333
0,25,UGS-6,0.055527,0.055392,1.603225,1.604315
0,25,UGS-7,0.061172,0.061322,1.547420,1.546741
0,25,UGS-8,0.142679,0.142094,1.572658,1.572770
0,25,UGS-9,0.159337,0.159980,1.612551,1.612559
0,26,APC-0,1.342734,1.345081,13.630250,13.628529
0,26,APC-1,0.135418,0.138281,13.964357,13.963171
0,26,APC-2,0.204802,0.206004,13.822604,13.821899
0,26,APC-3,0.202654,0.207880,13.961205,13.959458
0,26,CHQ-1,1.842912,1.862907,17.719086,17.714563
0,26,PLT-0,0.720557,0.749792,13.658671,13.658260
0,26,PLT-1,0.307037,0.516851,13.694630,13.696104
0,26,PLT-10,1.588298,1.575481,14.115438,14.111226
0,26,PLT-11,0.241024,0.396833,14.172465,14.171353
0,26,PLT-2,0.479697,0.569419,13.774054,13.773298
0,26,PLT-3,1.523561,1.431873,14.132384,14.135338
0,26,PLT-4,1.681255,1.651477,14.116542,14.118196
0,26,PLT-5,0.168509,0.168833,14.103100,14.106608
0,26,PLT-6,0.068635,0.068299,14.126480,14.130988
0,26,PLT-7,0.170915,0.171704,14.124136,14.119497
0,26,PLT-8,0.064790,0.064418,14.149348,14.150760
0,26,PLT-9,0.274962,0.377610,14.110237,14.109958
0,26,UGS-0,0.070238,0.070538,1.734899,1.735103
0,26,UGS-1,0.155048,0.153640,1.624105,1.624095
0,26,UGS-10,0.057148,0.057042,1.546852,1.547054
0,26,UGS-11,0.144390,0.143361,1.570147,1.569958
0,26,UGS-12,0.061708,0.061354,1.551124,1.550846
0,26,UGS-13,0.131354,0.132000,1.617410,1.617514
0,26,UGS-14,0.051598,0.051816,1.570972,1.570764
0,26,UGS-15,0.057653,0.057246,1.635231,1.636086
0,26,UGS-16,0.137628,0.137980,1.561533,1.561094
0,26,UGS-2,0.134326,0.136203,1.566591,1.566302
0,26,UGS-20,0.057850,0.058064,1.616773,1.616849
0,26,UGS-21,0.140194,0.140221,1.519361,1.518988
0,26,UGS-22,0.146553,0.146177,1.500585,1.500681
0,26,UGS-23,0.145041,0.145275,1.562796,1.562272
0,26,UGS-24,0.138535,0.138846,1.626789,1.626776
0,26,UGS-25,0.055021,0.055243,1.628126,1.628084
0,26,UGS-26,0.136052,0.136533,1.531934,1.531973
0,26,UGS-27,0.057907,0.058717,1.612320,1.612073
0,26,UGS-28,0.149228,0.149086,1.576661,1.576913
0,26,UGS-29,0.058701,0.058854,1.629376,1.629886
0,26,UGS-3,0.064861,0.064904,1.610795,1.610485
0,26,UGS-4,0.056222,0.056335,1.688815,1.688875
0,26,UGS-5,0.128464,0.128372,1.574308,1.574653
0,26,UGS-6,0.055659,0.055384,1.604909,1.603888
0,26,UGS-7,0.061156,0.061609,1.547174,1.547074
0,26,UGS-8,0.142472,0.142270,1.572845,1.572629
0,26,UGS-9,0.160088,0.159561,1.612533,1.612439
0,27,APC-0,1.343102,1.344504,13.628179,13.629860
0,27,APC-1,0.135997,0.137778,13.960545,13.961764
0,27,APC-2,0.203363,0.204180,13.819983,13.820691
0,27,APC-3,0.204367,0.206813,13.960715,13.960858
0,27,CHQ-1,1.876528,1.870005,17.714491,17.715633
0,27,PLT-0,0.727115,0.760948,13.656249,13.659899
0,27,PLT-1,0.312035,0.512257,13.696305,13.698502
0,27,PLT-10,1.578971,1.545717,14.118675,14.111956
0,27,PLT-11,0.243380,0.264656,14.166841,14.168380
0,27,PLT-2,0.477322,0.572402,13.771128,13.771146
0,27,PLT-3,1.534448,1.484033,14.123941,14.130282
0,27,PLT-4,1.681648,1.647238,14.115687,14.117765
0,27,PLT-5,0.168726,0.169055,14.108924,14.108492
0,27,PLT-6,0.068254,0.068561,14.128397,14.132072
0,27,PLT-7,0.170702,0.171575,14.120622,14.116067
0,27,PLT-8,0.064377,0.064638,14.157825,14.154954
0,27,PLT-9,0.277708,0.360849,14.106923,14.105046
0,27,UGS-0,0.070505,0.070637,1.735042,1.735162
0,27,UGS-1,0.153287,0.153430,1.623827,1.624180
0,27,UGS-10,0.056973,0.056851,1.547621,1.547356
0,27,UGS-11,0.144642,0.143862,1.569764,1.569487
0,27,UGS-12,0.061116,0.061363,1.549824,1.549975
0,27,UGS-13,0.131869,0.132616,1.618013,1.617350
0,27,UGS-14,0.051673,0.051697,1.570483,1.570783
0,27,UGS-15,0.057641,0.057447,1.637687,1.636503
0,27,UGS-16,0.138312,0.138143,1.560835,1.560941
0,27,UGS-2,0.134758,0.135918,1.566348,1.566383
0,27,UGS-20,0.058014,0.058001,1.616742,1.616929
0,27,UGS-21,0.139321,0.140622,1.519311,1.518988
0,27,UGS-22,0.145971,0.145879,1.501161,1.501089
0,27,UGS-23,0.145159,0.145397,1.562412,1.562712
0,27,UGS-24,0.138989,0.138915,1.626099,1.626433
0,27,UGS-25,0.055148,0.055168,1.628533,1.628352
0,27,UGS-26,0.136075,0.136391,1.532591,1.532648
0,27,UGS-27,0.057796,0.058195,1.612242,1.612055
0,27,UGS-28,0.148818,0.148974,1.577431,1.576868
0,27,UGS-29,0.058829,0.058711,1.629186,1.629772
0,27,UGS-3,0.065356,0.065047,1.610204,1.610849
0,27,UGS-4,0.056261,0.056288,1.687833,1.688209
0,27,UGS-5,0.128096,0.128222,1.574069,1.574145
0,27,UGS-6,0.055565,0.055442,1.605855,1.604808
0,27,UGS-7,0.060817,0.061436,1.547059,1.546999
0,27,UGS-8,0.141960,0.142124,1.572037,1.572136
0,27,UGS-9,0.160634,0.159391,1.612245,1.612466
0,28,APC-0,1.357002,1.347821,13.630055,13.628968
0,28,APC-1,0.136389,0.137907,13.965379,13.966422
0,28,APC-2,0.203775,0.205258,13.827503,13.823051
0,28,APC-3,0.203147,0.209370,13.963821,13.962859
0,28,CHQ-1,1.847616,1.882069,17.721287,17.718290
0,28,PLT-0,0.734857,0.738992,13.665851,13.666633
0,28,PLT-1,0.304421,0.517953,13.700850,13.696991
0,28,PLT-10,1.586147,1.575671,14.104969,14.108597
0,28,PLT-11,0.245937,0.349393,14.171509,14.172100
0,28,PLT-2,0.482521,0.516434,13.771791,13.768560
0,28,PLT-3,1.510873,1.510169,14.133126,14.131625
0,28,PLT-4,1.681865,1.668110,14.118018,14.117854
0,28,PLT-5,0.169448,0.170250,14.105299,14.108393
0,28,PLT-6,0.068348,0.068780,14.127381,14.131214
0,28,PLT-7,0.170316,0.169434,14.115282,14.115454
0,28,PLT-8,0.064694,0.064689,14.145831,14.148280
0,28,PLT-9,0.303961,0.424708,14.115257,14.112498
0,28,UGS-0,0.070531,0.071132,1.735318,1.735426
0,28,UGS-1,0.152580,0.152601,1.624080,1.624147
0,28,UGS-10,0.057147,0.057119,1.547896,1.548048
0,28,UGS-11,0.144427,0.143557,1.569409,1.569295
0,28,UGS-12,0.061099,0.061342,1.550146,1.550076
0,28,UGS-13,0.132129,0.132492,1.618163,1.618298
0,28,UGS-14,0.051360,0.051530,1.570863,1.570952
0,28,UGS-15,0.057242,0.057370,1.636066,1.635744
0,28,UGS-16,0.138322,0.138314,1.561469,1.560895
0,28,UGS-2,0.136149,0.136051,1.566270,1.566168
0,28,UGS-20,0.057958,0.058068,1.617305,1.617442
0,28,UGS-21,0.139373,0.140788,1.518499,1.519142
0,28,UGS-22,0.146670,0.146327,1.501078,1.501120
0,28,UGS-23,0.144987,0.145915,1.562665,1.562338
0,28,UGS-24,0.138285,0.138699,1.626862,1.626959
0,28,UGS-25,0.054835,0.055202,1.628761,1.628444
0,28,UGS-26,0.136647,0.136050,1.532163,1.532064
0,28,UGS-27,0.058296,0.058264,1.611972,1.611883
0,28,UGS-28,0.149007,0.149087,1.576760,1.577114
0,28,UGS-29,0.058546,0.058739,1.630571,1.630277
0,28,UGS-3,0.064796,0.064982,1.610200,1.610620
0,28,UGS-4,0.056316,0.056485,1.688256,1.688881
0,28,UGS-5,0.128460,0.128246,1.574180,1.574277
0,28,UGS-6,0.055245,0.055394,1.604360,1.604153
0,28,UGS-7,0.060941,0.061469,1.547390,1.547409
0,28,UGS-8,0.142012,0.141617,1.572112,1.572371
0,28,UGS-9,0.159852,0.159550,1.612897,1.613152
0,29,APC-0,1.345750,1.314727,13.627307,13.625875
0,29,APC-1,0.134659,0.137847,13.962341,13.964622
0,29,APC-2,0.205039,0.207093,13.821367,13.823921
0,29,APC-3,0.202772,0.208480,13.960143,13.959373
0,29,CHQ-1,1.862506,1.876726,17.715473,17.712948
0,29,PLT-0,0.751087,0.727182,13.661132,13.662260
0,29,PLT-1,0.301317,0.447820,13.694899,13.697957
0,29,PLT-10,1.590028,1.541060,14.108242,14.108851
0,29,PLT-11,0.242241,0.375920,14.171981,14.170668
0,29,PLT-2,0.478453,0.547855,13.772524,13.775318
0,29,PLT-3,1.524624,1.447455,14.125035,14.126160
0,29,PLT-4,1.684076,1.639301,14.114291,14.116714
0,29,PLT-5,0.169127,0.169561,14.109612,14.108579
0,29,PLT-6,0.068675,0.068690,14.128946,14.127160
0,29,PLT-7,0.170693,0.171554,14.119419,14.117133
0,29,PLT-8,0.064554,0.064732,14.153395,14.152952
0,29,PLT-9,0.279133,0.358734,14.115670,14.114261
0,29,UGS-0,0.070249,0.070873,1.735680,1.735813
0,29,UGS-1,0.154281,0.153269,1.624248,1.624440
0,29,UGS-10,0.057193,0.057122,1.547158,1.547275
0,29,UGS-11,0.143713,0.143669,1.569031,1.569263
0,29,UGS-12,0.061743,0.061248,1.550259,1.550198
0,29,UGS-13,0.132665,0.132500,1.616480,1.617168
0,29,UGS-14,0.051556,0.051722,1.570814,1.570827
0,29,UGS-15,0.058050,0.057298,1.636572,1.636501
0,29,UGS-16,0.137627,0.138583,1.560666,1.560789
0,29,UGS-2,0.134871,0.137330,1.566710,1.566617
0,29,UGS-20,0.058124,0.058000,1.617347,1.617389
0,29,UGS-21,0.139956,0.140575,1.519330,1.519155
0,29,UGS-22,0.145160,0.146557,1.500788,1.500749
0,29,UGS-23,0.145453,0.145267,1.561488,1.562105
0,29,UGS-24,0.138165,0.139121,1.626619,1.627002
0,29,UGS-25,0.055250,0.055222,1.628702,1.628398
0,29,UGS-26,0.136355,0.136659,1.532568,1.532061
0,29,UGS-27,0.057765,0.058100,1.611854,1.612114
0,29,UGS-28,0.149204,0.148494,1.576507,1.576910
0,29,UGS-29,0.058573,0.058957,1.629990,1.630369
0,29,UGS-3,0.065074,0.065235,1.611272,1.610797
0,29,UGS-4,0.056221,0.056245,1.688674,1.688632
0,29,UGS-5,0.128689,0.128821,1.574602,1.574936
0,29,UGS-6,0.055418,0.055454,1.604163,1.604057
0,29,UGS-7,0.060862,0.062127,1.547115,1.547106
0,29,UGS-8,0.142515,0.142236,1.572469,1.572544
0,29,UGS-9,0.161250,0.158703,1.612480,1.612696
0,30,APC-0,1.352526,1.332540,13.630319,13.628386
0,30,APC-1,0.136214,0.137855,13.962400,13.963968
0,30,APC-2,0.203855,0.206232,13.823758,13.822320
0,30,APC-3,0.201987,0.210773,13.963435,13.961058
0,30,CHQ-1,1.858779,1.876029,17.715553,17.713458
0,30,PLT-0,0.687222,0.767956,13.658501,13.661188
0,30,PLT-1,0.300583,0.503020,13.702358,13.697481
0,30,PLT-10,1.589086,1.516729,14.107237,14.109114
0,30,PLT-11,0.245654,0.384678,14.166005,14.168564
0,30,PLT-2,0.472471,0.551620,13.778326,13.772783
0,30,PLT-3,1.523485,1.441744,14.130237,14.125591
0,30,PLT-4,1.680424,1.673243,14.114633,14.115189
0,30,PLT-5,0.168050,0.169087,14.101916,14.100320
0,30,PLT-6,0.068737,0.068766,14.130676,14.129697
0,30,PLT-7,0.171370,0.171875,14.118410,14.118293
0,30,PLT-8,0.064489,0.065146,14.152117,14.149589
0,30,PLT-9,0.287559,0.479062,14.113499,14.114432
0,30,UGS-0,0.070584,0.070480,1.735609,1.735459
0,30,UGS-1,0.153785,0.153885,1.624156,1.623880
0,30,UGS-10,0.057122,0.057095,1.547768,1.547707
0,30,UGS-11,0.143799,0.142944,1.570312,1.569724
0,30,UGS-12,0.061370,0.061387,1.550630,1.550485
0,30,UGS-13,0.132561,0.132974,1.617279,1.617473
0,30,UGS-14,0.051674,0.051745,1.571337,1.570790
0,30,UGS-15,0.057968,0.057231,1.636306,1.636196
0,30,UGS-16,0.138188,0.138638,1.561453,1.561075
0,30,UGS-2,0.134059,0.136352,1.566237,1.566631
0,30,UGS-20,0.057986,0.058003,1.616977,1.617264
0,30,UGS-21,0.140452,0.140651,1.518569,1.518939
0,30,UGS-22,0.145926,0.146354,1.500434,1.500903
0,30,UGS-23,0.145259,0.145178,1.561998,1.561983
0,30,UGS-24,0.139203,0.138932,1.627050,1.627022
0,30,UGS-25,0.055302,0.055204,1.628262,1.628314
0,30,UGS-26,0.136829,0.136776,1.531725,1.532111
0,30,UGS-27,0.058087,0.058368,1.612725,1.612194
0,30,UGS-28,0.149001,0.148604,1.577119,1.577170
0,30,UGS-29,0.058351,0.058966,1.629917,1.630265
0,30,UGS-3,0.064990,0.064813,1.610397,1.610757
0,30,UGS-4,0.056513,0.056403,1.689293,1.688942
0,30,UGS-5,0.128191,0.128222,1.574267,1.574529
0,30,UGS-6,0.055527,0.055533,1.603101,1.603742
0,30,UGS-7,0.061065,0.061856,1.547246,1.547510
0,30,UGS-8,0.141898,0.141650,1.571962,1.572102
0,30,UGS-9,0.159921,0.159174,1.611905,1.612356
0,31,APC-0,1.347737,1.345979,13.628826,13.626222
0,31,APC-1,0.135911,0.136461,13.963547,13.962651
0,31,APC-2,0.203659,0.206633,13.820248,13.822074
0,31,APC-3,0.203180,0.208954,13.958954,13.959625
0,31,CHQ-1,1.869072,1.883408,17.719318,17.716618
0,31,PLT-0,0.738438,0.755691,13.657621,13.661430
0,31,PLT-1,0.311427,0.514012,13.694268,13.700641
0,31,PLT-10,1.579025,1.565564,14.108418,14.110035
0,31,PLT-11,0.245826,0.339317,14.168298,14.170285
0,31,PLT-2,0.490342,0.536646,13.776114,13.778040
0,31,PLT-3,1.535735,1.478645,14.131076,14.131910
0,31,PLT-4,1.673514,1.598714,14.120253,14.119198
0,31,PLT-5,0.168769,0.169193,14.103566,14.106845
0,31,PLT-6,0.068339,0.068455,14.130686,14.131750
0,31,PLT-7,0.169783,0.171549,14.113982,14.115097
0,31,PLT-8,0.064695,0.064537,14.155039,14.153787
0,31,PLT-9,0.286770,0.351783,14.117828,14.118741
0,31,UGS-0,0.071175,0.070703,1.735618,1.735447
0,31,UGS-1,0.153333,0.152872,1.623550,1.623999
0,31,UGS-10,0.056846,0.057032,1.547155,1.547105
0,31,UGS-11,0.143805,0.143239,1.568792,1.569041
0,31,UGS-12,0.061371,0.061004,1.550268,1.550246
0,31,UGS-13,0.132572,0.132985,1.618229,1.617772
0,31,UGS-14,0.051555,0.051792,1.570964,1.570432
0,31,UGS-15,0.057818,0.057456,1.635777,1.635733
0,31,UGS-16,0.137982,0.138602,1.560702,1.560860
0,31,UGS-2,0.134090,0.136578,1.567348,1.566916
0,31,UGS-20,0.057781,0.057854,1.617216,1.617279
0,31,UGS-21,0.139312,0.140125,1.519490,1.519349
0,31,UGS-22,0.145949,0.145400,1.500736,1.501062
0,31,UGS-23,0.144911,0.144878,1.561761,1.562121
0,31,UGS-24,0.138188,0.138591,1.626903,1.627043
0,31,UGS-25,0.055152,0.055431,1.629040,1.628492
0,31,UGS-26,0.137063,0.136682,1.531346,1.532033
0,31,UGS-27,0.057762,0.058094,1.612167,1.612027
0,31,UGS-28,0.148785,0.149144,1.577435,1.576882
0,31,UGS-29,0.058632,0.058589,1.629737,1.630132
0,31,UGS-3,0.065118,0.064687,1.610840,1.610911
0,31,UGS-4,0.056338,0.056273,1.688930,1.688625
0,31,UGS-5,0.128657,0.128483,1.573603,1.574023
0,31,UGS-6,0.055615,0.055503,1.604540,1.604610
0,31,UGS-7,0.061141,0.061800,1.546841,1.546926
0,31,UGS-8,0.141705,0.142961,1.571952,1.572420
0,31,UGS-9,0.159565,0.159453,1.611878,1.612367
0,32,APC-0,1.346389,1.344357,13.626254,13.627711
0,32,APC-1,0.135366,0.137847,13.965224,13.964342
0,32,APC-2,0.204483,0.205602,13.823689,13.822283
0,32,APC-3,0.203511,0.206842,13.956963,13.959716
0,32,CHQ-1,1.869427,1.870325,17.715961,17.713489
0,32,PLT-0,0.723391,0.758987,13.661659,13.662666
0,32,PLT-1,0.307617,0.464787,13.699774,13.700113
0,32,PLT-10,1.591434,1.574036,14.104592,14.105501
0,32,PLT-11,0.242834,0.272644,14.175346,14.173467
0,32,PLT-2,0.468853,0.549076,13.776051,13.773965
0,32,PLT-3,1.526402,1.501173,14.130040,14.129235
0,32,PLT-4,1.679781,1.627924,14.116307,14.115645
0,32,PLT-5,0.168672,0.168933,14.110704,14.110069
0,32,PLT-6,0.068454,0.068666,14.134335,14.134504
0,32,PLT-7,0.169400,0.171460,14.119280,14.114756
0,32,PLT-8,0.064548,0.064666,14.153069,14.152459
0,32,PLT-9,0.278785,0.430368,14.115792,14.112495
0,32,UGS-0,0.070913,0.070615,1.734852,1.734875
0,32,UGS-1,0.153532,0.153304,1.623769,1.624243
0,32,UGS-10,0.057212,0.056974,1.547500,1.547477
0,32,UGS-11,0.143609,0.143839,1.569013,1.569110
0,32,UGS-12,0.061443,0.061335,1.550101,1.550209
0,32,UGS-13,0.132542,0.132634,1.617258,1.617736
0,32,UGS-14,0.051637,0.051808,1.570431,1.570939
0,32,UGS-15,0.057475,0.057246,1.636574,1.636190
0,32,UGS-16,0.138760,0.138056,1.561815,1.561325
0,32,UGS-2,0.134823,0.135222,1.566736,1.566606
0,32,UGS-20,0.057719,0.058044,1.617592,1.617779
0,32,UGS-21,0.139062,0.140412,1.519272,1.519203
0,32,UGS-22,0.146568,0.145832,1.501085,1.500898
0,32,UGS-23,0.145334,0.145400,1.562534,1.562480
0,32,UGS-24,0.138295,0.138773,1.627167,1.627130
0,32,UGS-25,0.055192,0.055172,1.627751,1.627763
0,32,UGS-26,0.137648,0.136528,1.531399,1.531778
0,32,UGS-27,0.057820,0.058175,1.611828,1.611939
0,32,UGS-28,0.148424,0.148581,1.576455,1.576939
0,32,UGS-29,0.058815,0.058958,1.630612,1.630302
0,32,UGS-3,0.065483,0.065099,1.610825,1.611036
0,32,UGS-4,0.056513,0.056327,1.688462,1.688789
0,32,UGS-5,0.128573,0.128116,1.573856,1.574013
0,32,UGS-6,0.055466,0.055480,1.604281,1.604617
0,32,UGS-7,0.060797,0.061259,1.547209,1.547187
0,32,UGS-8,0.142220,0.142199,1.573358,1.573039
0,32,UGS-9,0.159870,0.159968,1.612294,1.612053
0,33,APC-0,1.347793,1.346694,13.628026,13.625974
0,33,APC-1,0.137081,0.137531,13.966375,13.968115
0,33,APC-2,0.203432,0.204323,13.828799,13.826967
0,33,APC-3,0.203556,0.208233,13.959864,13.958514
0,33,CHQ-1,1.860405,1.875720,17.709274,17.713272
0,33,PLT-0,0.725828,0.744338,13.662221,13.659378
0,33,PLT-1,0.316347,0.428077,13.699168,13.697032
0,33,PLT-10,1.588703,1.562489,14.108606,14.108691
0,33,PLT-11,0.239226,0.265845,14.170279,14.170193
0,33,PLT-2,0.476739,0.555396,13.774549,13.771555
0,33,PLT-3,1.531169,1.497521,14.129478,14.128834
0,33,PLT-4,1.682173,1.664094,14.113708,14.116744
0,33,PLT-5,0.168660,0.169281,14.102218,14.105173
0,33,PLT-6,0.068535,0.068666,14.129816,14.129858
0,33,PLT-7,0.169705,0.171508,14.118480,14.118948
0,33,PLT-8,0.064098,0.064566,14.149751,14.153368
0,33,PLT-9,0.280874,0.456545,14.108407,14.109768
0,33,UGS-0,0.070612,0.070684,1.735095,1.735335
0,33,UGS-1,0.153609,0.153290,1.623818,1.623981
0,33,UGS-10,0.057386,0.056942,1.547706,1.547582
0,33,UGS-11,0.143453,0.143702,1.569388,1.569544
0,33,UGS-12,0.061561,0.061443,1.550502,1.550480
0,33,UGS-13,0.132095,0.132177,1.617610,1.617348
0,33,UGS-14,0.051584,0.051693,1.570710,1.570601
0,33,UGS-15,0.057637,0.057560,1.634871,1.635964
0,33,UGS-16,0.138237,0.138069,1.560661,1.560955
0,33,UGS-2,0.134808,0.134660,1.566936,1.566763
0,33,UGS-20,0.057921,0.058028,1.617544,1.617443
0,33,UGS-21,0.139849,0.140619,1.518616,1.519061
0,33,UGS-22,0.146198,0.146011,1.501061,1.500996
0,33,UGS-23,0.145242,0.145309,1.562658,1.562224
0,33,UGS-24,0.138059,0.138954,1.627320,1.626853
0,33,UGS-25,0.054659,0.055224,1.627336,1.628412
0,33,UGS-26,0.136065,0.136568,1.532228,1.532099
0,33,UGS-27,0.058108,0.058145,1.612128,1.611956
0,33,UGS-28,0.149396,0.148727,1.577200,1.576951
0,33,UGS-29,0.058634,0.058785,1.630625,1.630445
0,33,UGS-3,0.065336,0.065061,1.611352,1.610852
0,33,UGS-4,0.056233,0.056362,1.688902,1.689043
0,33,UGS-5,0.128428,0.128162,1.573803,1.574132
0,33,UGS-6,0.055449,0.055459,1.605615,1.604493
0,33,UGS-7,0.060479,0.061544,1.547133,1.546979
0,33,UGS-8,0.142456,0.142437,1.572474,1.572387
0,33,UGS-9,0.159962,0.159778,1.612389,1.612763
0,34,APC-0,1.349077,1.347463,13.627298,13.626874
0,34,APC-1,0.136164,0.137012,13.962907,13.964546
0,34,APC-2,0.202938,0.205003,13.827618,13.822975
0,34,APC-3,0.204480,0.206445,13.959132,13.958509
0,34,CHQ-1,1.862474,1.879134,17.719641,17.716740
0,34,PLT-0,0.710938,0.716480,13.663972,13.666401
0,34,PLT-1,0.305832,0.443299,13.704595,13.702191
0,34,PLT-10,1.583770,1.576345,14.109052,14.106212
0,34,PLT-11,0.239140,0.393081,14.176649,14.174341
0,34,PLT-2,0.467626,0.544391,13.772308,13.775699
0,34,PLT-3,1.525373,1.467523,14.133696,14.132389
0,34,PLT-4,1.673518,1.651125,14.114692,14.115175
0,34,PLT-5,0.169215,0.168779,14.107027,14.103436
0,34,PLT-6,0.068093,0.068595,14.130280,14.130366
0,34,PLT-7,0.171403,0.172031,14.122080,14.114452
0,34,PLT-8,0.064653,0.064595,14.155764,14.153747
0,34,PLT-9,0.275950,0.426499,14.109779,14.106850
0,34,UGS-0,0.070589,0.070816,1.735635,1.735635
0,34,UGS-1,0.153364,0.154051,1.624487,1.624505
0,34,UGS-10,0.057059,0.057085,1.547327,1.547232
0,34,UGS-11,0.143097,0.143689,1.569156,1.569191
0,34,UGS-12,0.061322,0.061304,1.549832,1.550050
0,34,UGS-13,0.132482,0.132402,1.617679,1.617333
0,34,UGS-14,0.051618,0.051745,1.571075,1.570865
0,34,UGS-15,0.057675,0.057382,1.636471,1.636050
0,34,UGS-16,0.137015,0.137958,1.560994,1.560746
0,34,UGS-2,0.134994,0.135127,1.566523,1.566623
0,34,UGS-20,0.057987,0.058050,1.617308,1.617341
0,34,UGS-21,0.139369,0.140603,1.518857,1.519079
0,34,UGS-22,0.146183,0.146014,1.500857,1.500973
0,34,UGS-23,0.145173,0.145183,1.561751,1.561760
0,34,UGS-24,0.138716,0.138850,1.627026,1.626909
0,34,UGS-25,0.054754,0.055075,1.628351,1.628621
0,34,UGS-26,0.137958,0.136487,1.532239,1.532059
0,34,UGS-27,0.058147,0.058101,1.611834,1.612271
0,34,UGS-28,0.149039,0.148679,1.576682,1.576588
0,34,UGS-29,0.059008,0.058947,1.631076,1.630582
0,34,UGS-3,0.065404,0.065138,1.611078,1.611045
0,34,UGS-4,0.056144,0.056346,1.688643,1.688601
0,34,UGS-5,0.128962,0.128305,1.574239,1.574632
0,34,UGS-6,0.055440,0.055465,1.604475,1.604629
0,34,UGS-7,0.060679,0.061504,1.547889,1.547442
0,34,UGS-8,0.142392,0.142141,1.572626,1.573111
0,34,UGS-9,0.159443,0.159369,1.612015,1.611943
0,35,APC-0,1.345490,1.343076,13.630151,13.627770
0,35,APC-1,0.135613,0.139241,13.963808,13.965632
0,35,APC-2,0.203608,0.207946,13.824178,13.824527
0,35,APC-3,0.202853,0.206074,13.960936,13.962159
0,35,CHQ-1,1.865485,1.892845,17.719217,17.717574
0,35,PLT-0,0.742065,0.745902,13.659559,13.658468
0,35,PLT-1,0.303016,0.490240,13.709709,13.706372
0,35,PLT-10,1.582911,1.569525,14.107100,14.106715
0,35,PLT-11,0.241521,0.318998,14.169088,14.174242
0,35,PLT-2,0.472932,0.535193,13.773890,13.770472
0,35,PLT-3,1.533544,1.430253,14.130011,14.127169
0,35,PLT-4,1.687520,1.655989,14.118017,14.111488
0,35,PLT-5,0.168297,0.169857,14.103959,14.107801
0,35,PLT-6,0.068456,0.068660,14.125817,14.129505
0,35,PLT-7,0.170021,0.171585,14.119695,14.119403
0,35,PLT-8,0.064385,0.064990,14.149302,14.149403
0,35,PLT-9,0.276158,0.369267,14.110772,14.111903
0,35,UGS-0,0.070822,0.071070,1.735581,1.735523
0,35,UGS-1,0.153351,0.153634,1.624435,1.624471
0,35,UGS-10,0.057036,0.057303,1.547038,1.547339
0,35,UGS-11,0.144126,0.143576,1.570099,1.569392
0,35,UGS-12,0.061433,0.061269,1.550580,1.550609
0,35,UGS-13,0.131924,0.132506,1.617240,1.617836
0,35,UGS-14,0.051711,0.051852,1.570979,1.570750
0,35,UGS-15,0.057884,0.057366,1.635165,1.635440
0,35,UGS-16,0.137680,0.138777,1.561172,1.560986
0,35,UGS-2,0.133957,0.135944,1.566630,1.566298
0,35,UGS-20,0.057887,0.058145,1.617360,1.617670
0,35,UGS-21,0.139065,0.140126,1.518733,1.518875
0,35,UGS-22,0.145788,0.146573,1.501773,1.501011
0,35,UGS-23,0.145417,0.144810,1.562447,1.562279
0,35,UGS-24,0.137917,0.139078,1.627362,1.627214
0,35,UGS-25,0.055095,0.054842,1.628180,1.627771
0,35,UGS-26,0.136333,0.136705,1.532697,1.532309
0,35,UGS-27,0.058532,0.058231,1.612153,1.611874
0,35,UGS-28,0.149039,0.148485,1.575920,1.576913
0,35,UGS-29,0.058584,0.058974,1.630042,1.629689
0,35,UGS-3,0.064921,0.065169,1.610869,1.610545
0,35,UGS-4,0.056294,0.056248,1.688443,1.688449
0,35,UGS-5,0.128133,0.127719,1.574742,1.574136
0,35,UGS-6,0.055487,0.055575,1.604696,1.605039
0,35,UGS-7,0.060525,0.061949,1.547032,1.546973
0,35,UGS-8,0.142451,0.142142,1.572439,1.572121
0,35,UGS-9,0.160493,0.159344,1.612074,1.612034
0,36,APC-0,1.342224,1.340687,13.634640,13.628686
0,36,APC-1,0.136577,0.138505,13.969865,13.962609
0,36,APC-2,0.202468,0.205758,13.819559,13.818840
0,36,APC-3,0.203271,0.212053,13.961814,13.957681
0,36,CHQ-1,1.852299,1.887023,17.713278,17.716786
0,36,PLT-0,0.735838,0.753913,13.663925,13.661258
0,36,PLT-1,0.327796,0.510855,13.704749,13.701918
0,36,PLT-10,1.589051,1.564324,14.106829,14.106362
0,36,PLT-11,0.242286,0.414522,14.167046,14.167472
0,36,PLT-2,0.476609,0.581388,13.773960,13.771620
0,36,PLT-3,1.537517,1.479060,14.131403,14.135540
0,36,PLT-4,1.678083,1.623602,14.111970,14.112189
0,36,PLT-5,0.168902,0.169510,14.098764,14.104026
0,36,PLT-6,0.068628,0.068758,14.130382,14.135016
0,36,PLT-7,0.170879,0.171401,14.114649,14.115414
0,36,PLT-8,0.064153,0.064784,14.153957,14.155337
0,36,PLT-9,0.282391,0.472871,14.108500,14.110597
0,36,UGS-0,0.070483,0.070681,1.735119,1.735247
0,36,UGS-1,0.154414,0.153735,1.623642,1.624012
0,36,UGS-10,0.057212,0.057250,1.547421,1.547853
0,36,UGS-11,0.144108,0.143903,1.569445,1.569232
0,36,UGS-12,0.061594,0.061299,1.549761,1.550305
0,36,UGS-13,0.132457,0.132665,1.617562,1.617445
0,36,UGS-14,0.051943,0.051713,1.570824,1.570496
0,36,UGS-15,0.058263,0.057312,1.635728,1.635867
0,36,UGS-16,0.138167,0.138301,1.561642,1.561428
0,36,UGS-2,0.135323,0.136606,1.566905,1.566626
0,36,UGS-20,0.057742,0.058003,1.617081,1.617164
0,36,UGS-21,0.140043,0.140061,1.519663,1.519489
0,36,UGS-22,0.145864,0.145565,1.501271,1.500867
0,36,UGS-23,0.144177,0.145230,1.562782,1.562346
0,36,UGS-24,0.138548,0.138915,1.627696,1.627532
0,36,UGS-25,0.054942,0.054992,1.628673,1.628567
0,36,UGS-26,0.136073,0.136755,1.532366,1.532208
0,36,UGS-27,0.058032,0.058349,1.612091,1.611821
0,36,UGS-28,0.148904,0.149076,1.577252,1.577394
0,36,UGS-29,0.058441,0.059042,1.629847,1.629837
0,36,UGS-3,0.065175,0.065122,1.610666,1.610723
0,36,UGS-4,0.056397,0.056322,1.688093,1.688837
0,36,UGS-5,0.128544,0.128188,1.574842,1.574275
0,36,UGS-6,0.055430,0.055405,1.604123,1.604141
0,36,UGS-7,0.060985,0.061706,1.547205,1.547455
0,36,UGS-8,0.142375,0.141870,1.572587,1.572378
0,36,UGS-9,0.159627,0.159592,1.612874,1.612541
0,37,APC-0,1.344849,1.342474,13.627561,13.628121
0,37,APC-1,0.136091,0.136679,13.971068,13.968150
0,37,APC-2,0.203002,0.204455,13.828921,13.823660
0,37,APC-3,0.203221,0.205956,13.959200,13.958969
0,37,CHQ-1,1.863033,1.874364,17.719467,17.718178
0,37,PLT-0,0.699926,0.727212,13.657313,13.658637
0,37,PLT-1,0.314236,0.424255,13.700719,13.698452
0,37,PLT-10,1.581920,1.561813,14.109179,14.109272
0,37,PLT-11,0.249149,0.391421,14.173233,14.171546
0,37,PLT-2,0.469363,0.557931,13.779387,13.778553
0,37,PLT-3,1.526209,1.473314,14.135548,14.131570
0,37,PLT-4,1.677499,1.633687,14.120701,14.118449
0,37,PLT-5,0.169232,0.169780,14.105656,14.103679
0,37,PLT-6,0.068542,0.068437,14.135009,14.135542
0,37,PLT-7,0.169206,0.170673,14.120931,14.119880
0,37,PLT-8,0.064635,0.064689,14.154014,14.154705
0,37,PLT-9,0.270439,0.349245,14.114809,14.111296
0,37,UGS-0,0.070887,0.070593,1.734360,1.735185
0,37,UGS-1,0.155541,0.153525,1.624063,1.623978
0,37,UGS-10,0.057099,0.057053,1.546771,1.547058
0,37,UGS-11,0.144365,0.143822,1.569162,1.569175
0,37,UGS-12,0.061432,0.061329,1.550209,1.550172
0,37,UGS-13,0.132703,0.132113,1.617611,1.617645
0,37,UGS-14,0.051638,0.051656,1.570697,1.570658
0,37,UGS-15,0.057746,0.057388,1.636811,1.636305
0,37,UGS-16,0.137857,0.138101,1.561402,1.561273
0,37,UGS-2,0.134835,0.136001,1.566231,1.566725
0,37,UGS-20,0.058098,0.058122,1.617180,1.617019
0,37,UGS-21,0.140186,0.140395,1.519125,1.519383
0,37,UGS-22,0.146111,0.145864,1.500352,1.500787
0,37,UGS-23,0.144792,0.145398,1.562552,1.562567
0,37,UGS-24,0.138362,0.138886,1.626971,1.626853
0,37,UGS-25,0.055305,0.055062,1.628562,1.628320
0,37,UGS-26,0.136033,0.136627,1.532117,1.532336
0,37,UGS-27,0.058157,0.058226,1.612031,1.612387
0,37,UGS-28,0.148832,0.148881,1.576487,1.576860
0,37,UGS-29,0.058487,0.058686,1.629965,1.629779
0,37,UGS-3,0.065302,0.065083,1.610426,1.610572
0,37,UGS-4,0.056109,0.056313,1.688632,1.689115
0,37,UGS-5,0.128325,0.128152,1.574451,1.574183
0,37,UGS-6,0.055347,0.055404,1.604875,1.604410
0,37,UGS-7,0.061107,0.061587,1.547063,1.547048
0,37,UGS-8,0.141589,0.142258,1.571875,1.572357
0,37,UGS-9,0.160452,0.159979,1.612324,1.611989
0,38,APC-0,1.350046,1.340098,13.624700,13.629313
0,38,APC-1,0.136155,0.138429,13.958554,13.963397
0,38,APC-2,0.204221,0.206558,13.815972,13.821127
0,38,APC-3,0.202731,0.207695,13.961051,13.960809
0,38,CHQ-1,1.867123,1.875328,17.719421,17.716606
0,38,PLT-0,0.712085,0.770202,13.657622,13.655980
0,38,PLT-1,0.301116,0.517563,13.701070,13.698445
0,38,PLT-10,1.585863,1.532609,14.114953,14.112500
0,38,PLT-11,0.239890,0.399976,14.168362,14.168006
0,38,PLT-2,0.465287,0.532980,13.767832,13.767809
0,38,PLT-3,1.530768,1.487951,14.133082,14.130252
0,38,PLT-4,1.677713,1.636522,14.107243,14.113596
0,38,PLT-5,0.169691,0.169023,14.104953,14.105058
0,38,PLT-6,0.068639,0.068664,14.129550,14.132018
0,38,PLT-7,0.170064,0.171386,14.114701,14.115576
0,38,PLT-8,0.064296,0.064872,14.151444,14.150970
0,38,PLT-9,0.280890,0.455352,14.109219,14.109046
0,38,UGS-0,0.070678,0.071028,1.735656,1.735588
0,38,UGS-1,0.152930,0.152880,1.624117,1.624415
0,38,UGS-10,0.057229,0.057256,1.547362,1.547585
0,38,UGS-11,0.143969,0.143680,1.569955,1.569413
0,38,UGS-12,0.061655,0.061212,1.550440,1.550455
0,38,UGS-13,0.131836,0.132110,1.617620,1.617124
0,38,UGS-14,0.051545,0.051702,1.570635,1.571054
0,38,UGS-15,0.057745,0.057553,1.635961,1.636040
0,38,UGS-16,0.138910,0.138651,1.560972,1.561211
0,38,UGS-2,0.134205,0.136314,1.566599,1.566810
0,38,UGS-20,0.058095,0.058035,1.616817,1.616986
0,38,UGS-21,0.139950,0.140115,1.519551,1.519089
0,38,UGS-22,0.145848,0.145806,1.500709,1.500602
0,38,UGS-23,0.145311,0.145069,1.562637,1.562414
0,38,UGS-24,0.138648,0.138613,1.626646,1.626912
0,38,UGS-25,0.055116,0.055233,1.628796,1.628059
0,38,UGS-26,0.137827,0.137953,1.531702,1.531857
0,38,UGS-27,0.058531,0.058630,1.612273,1.612273
0,38,UGS-28,0.149676,0.148131,1.577036,1.577125
0,38,UGS-29,0.058614,0.058723,1.629383,1.630312
0,38,UGS-3,0.065460,0.065453,1.610148,1.610793
0,38,UGS-4,0.056418,0.056375,1.688736,1.689380
0,38,UGS-5,0.128230,0.128586,1.573790,1.574535
0,38,UGS-6,0.055331,0.055343,1.603340,1.604336
0,38,UGS-7,0.060889,0.062222,1.547258,1.546736
0,38,UGS-8,0.141915,0.142124,1.572762,1.572626
0,38,UGS-9,0.160010,0.158266,1.612996,1.612563
0,39,APC-0,1.346588,1.343399,13.631189,13.631117
0,39,APC-1,0.136103,0.137897,13.964238,13.962525
0,39,APC-2,0.203278,0.204776,13.827446,13.824707
0,39,APC-3,0.204927,0.207637,13.961929,13.960792
0,39,CHQ-1,1.870165,1.867971,17.715218,17.716975
0,39,PLT-0,0.706423,0.755539,13.656757,13.658409
0,39,PLT-1,0.301631,0.454969,13.702911,13.699630
0,39,PLT-10,1.585061,1.572921,14.109651,14.107763
0,39,PLT-11,0.238043,0.364557,14.174447,14.170938
0,39,PLT-2,0.478641,0.512383,13.769934,13.775355
0,39,PLT-3,1.535185,1.507259,14.127713,14.130331
0,39,PLT-4,1.672914,1.654283,14.113547,14.114726
0,39,PLT-5,0.167649,0.169305,14.110940,14.108817
0,39,PLT-6,0.068533,0.068652,14.132077,14.130731
0,39,PLT-7,0.169027,0.171223,14.117884,14.115946
0,39,PLT-8,0.064766,0.064664,14.151925,14.151337
0,39,PLT-9,0.283829,0.400633,14.103937,14.108677
0,39,UGS-0,0.071062,0.070772,1.734695,1.735177
0,39,UGS-1,0.153607,0.154003,1.624484,1.624482
0,39,UGS-10,0.056904,0.056898,1.547695,1.547582
0,39,UGS-11,0.144160,0.143694,1.568936,1.568989
0,39,UGS-12,0.061643,0.061507,1.551272,1.550759
0,39,UGS-13,0.132131,0.132401,1.617480,1.617223
0,39,UGS-14,0.051444,0.051686,1.571363,1.571144
0,39,UGS-15,0.057569,0.057486,1.636892,1.636382
0,39,UGS-16,0.137887,0.137905,1.561088,1.561237
0,39,UGS-2,0.134352,0.136392,1.565755,1.565841
0,39,UGS-20,0.058079,0.058015,1.617469,1.617226
0,39,UGS-21,0.139691,0.140487,1.519156,1.518945
0,39,UGS-22,0.146055,0.145878,1.500761,1.500675
0,39,UGS-23,0.145292,0.145359,1.562325,1.562529
0,39,UGS-24,0.138471,0.138809,1.627279,1.626887
0,39,UGS-25,0.055502,0.055076,1.628370,1.628204
0,39,UGS-26,0.135545,0.136404,1.532000,1.532214
0,39,UGS-27,0.058098,0.058282,1.611543,1.612096
0,39,UGS-28,0.148526,0.149044,1.577492,1.577290
0,39,UGS-29,0.058848,0.058883,1.630194,1.630132
0,39,UGS-3,0.065538,0.064973,1.610669,1.610704
0,39,UGS-4,0.056253,0.056324,1.688662,1.688928
0,39,UGS-5,0.128684,0.128376,1.574007,1.574434
0,39,UGS-6,0.055424,0.055483,1.604738,1.604715
0,39,UGS-7,0.060613,0.061602,1.547565,1.547077
0,39,UGS-8,0.142496,0.142195,1.572409,1.572187
0,39,UGS-9,0.159640,0.159176,1.612405,1.612488
0,40,APC-0,1.342705,1.343752,13.624313,13.624507
0,40,APC-1,0.135634,0.137761,13.964290,13.966982
0,40,APC-2,0.203015,0.204978,13.823811,13.823647
0,40,APC-3,0.202586,0.209156,13.964565,13.960783
0,40,CHQ-1,1.863550,1.863899,17.726107,17.722021
0,40,PLT-0,0.723563,0.718408,13.659592,13.658421
0,40,PLT-1,0.305955,0.443210,13.701719,13.700025
0,40,PLT-10,1.583445,1.572075,14.106033,14.105279
0,40,PLT-11,0.245020,0.301477,14.173421,14.170439
0,40,PLT-2,0.456428,0.571707,13.767486,13.772838
0,40,PLT-3,1.534845,1.510490,14.124344,14.124853
0,40,PLT-4,1.677943,1.659635,14.125252,14.119660
0,40,PLT-5,0.168625,0.168924,14.102530,14.102392
0,40,PLT-6,0.068325,0.068504,14.129443,14.130496
0,40,PLT-7,0.170673,0.171570,14.122459,14.117496
0,40,PLT-8,0.064177,0.064376,14.155967,14.151689
0,40,PLT-9,0.277464,0.444876,14.114638,14.113086
0,40,UGS-0,0.071002,0.070766,1.735263,1.735506
0,40,UGS-1,0.153625,0.153501,1.622928,1.623281
0,40,UGS-10,0.056985,0.056986,1.547261,1.547234
0,40,UGS-11,0.143287,0.143888,1.569327,1.569204
0,40,UGS-12,0.061482,0.061449,1.550543,1.550475
0,40,UGS-13,0.132604,0.132603,1.617607,1.617260
0,40,UGS-14,0.051635,0.051742,1.570186,1.570511
0,40,UGS-15,0.057369,0.057388,1.636004,1.635844
0,40,UGS-16,0.138055,0.137991,1.561126,1.561013
0,40,UGS-2,0.134921,0.136023,1.566714,1.566476
0,40,UGS-20,0.058104,0.058064,1.616770,1.617044
0,40,UGS-21,0.140376,0.140435,1.519228,1.519201
0,40,UGS-22,0.146598,0.145807,1.501055,1.500965
0,40,UGS-23,0.145650,0.144977,1.562450,1.562534
0,40,UGS-24,0.138812,0.138893,1.627117,1.627309
0,40,UGS-25,0.055002,0.055035,1.628233,1.627685
0,40,UGS-26,0.135776,0.136495,1.532661,1.532260
0,40,UGS-27,0.057750,0.058114,1.612481,1.612495
0,40,UGS-28,0.149100,0.148587,1.576733,1.577002
0,40,UGS-29,0.058393,0.058735,1.630604,1.629795
0,40,UGS-3,0.065339,0.065081,1.611150,1.610839
0,40,UGS-4,0.056215,0.056328,1.688305,1.688380
0,40,UGS-5,0.128900,0.128402,1.574496,1.574330
0,40,UGS-6,0.055615,0.055469,1.604991,1.604826
0,40,UGS-7,0.061097,0.061561,1.546623,1.546911
0,40,UGS-8,0.142249,0.142084,1.572545,1.572511
0,40,UGS-9,0.159852,0.158984,1.612023,1.611952
0,41,APC-0,1.345668,1.322272,13.631173,13.626739
0,41,APC-1,0.135756,0.138069,13.964733,13.967306
0,41,APC-2,0.203294,0.206423,13.826459,13.826844
0,41,APC-3,0.202465,0.208483,13.969461,13.961696
0,41,CHQ-1,1.868171,1.884473,17.718096,17.715566
0,41,PLT-0,0.718873,0.749367,13.662285,13.659043
0,41,PLT-1,0.306739,0.530714,13.703227,13.701336
0,41,PLT-10,1.579833,1.578910,14.104495,14.105336
0,41,PLT-11,0.239464,0.334143,14.173180,14.173977
0,41,PLT-2,0.476747,0.584855,13.766690,13.773344
0,41,PLT-3,1.525796,1.501285,14.127784,14.127417
0,41,PLT-4,1.681122,1.665011,14.120250,14.116708
0,41,PLT-5,0.168731,0.168613,14.102693,14.100909
0,41,PLT-6,0.068425,0.068428,14.130651,14.129659
0,41,PLT-7,0.169170,0.171846,14.112606,14.116607
0,41,PLT-8,0.064069,0.064759,14.146179,14.150093
0,41,PLT-9,0.293866,0.439337,14.113955,14.113974
0,41,UGS-0,0.070678,0.070879,1.735357,1.735087
0,41,UGS-1,0.153029,0.153817,1.624021,1.624192
0,41,UGS-10,0.057222,0.056926,1.548065,1.547489
0,41,UGS-11,0.144554,0.143315,1.569471,1.569056
0,41,UGS-12,0.061312,0.061197,1.550025,1.550273
0,41,UGS-13,0.132384,0.132325,1.617111,1.617090
0,41,UGS-14,0.051555,0.051586,1.570442,1.570598
0,41,UGS-15,0.057384,0.057434,1.636966,1.635786
0,41,UGS-16,0.137986,0.137828,1.560847,1.560870
0,41,UGS-2,0.133997,0.135737,1.566714,1.566617
0,41,UGS-20,0.057854,0.058043,1.617284,1.616857
0,41,UGS-21,0.139343,0.140370,1.518992,1.519363
0,41,UGS-22,0.145910,0.146062,1.500837,1.500556
0,41,UGS-23,0.145837,0.145530,1.562378,1.562096
0,41,UGS-24,0.140017,0.138573,1.626788,1.627351
0,41,UGS-25,0.055167,0.055066,1.628375,1.628299
0,41,UGS-26,0.137184,0.136581,1.531760,1.532066
0,41,UGS-27,0.058503,0.058115,1.612174,1.612219
0,41,UGS-28,0.148914,0.149028,1.577198,1.577108
0,41,UGS-29,0.058784,0.059085,1.629781,1.629991
0,41,UGS-3,0.065114,0.065014,1.610673,1.610556
0,41,UGS-4,0.056474,0.056470,1.688116,1.688166
0,41,UGS-5,0.128233,0.128281,1.573583,1.574210
0,41,UGS-6,0.055511,0.055597,1.602976,1.604143
0,41,UGS-7,0.061043,0.061538,1.546752,1.547054
0,41,UGS-8,0.141856,0.141699,1.571843,1.572093
0,41,UGS-9,0.160431,0.159758,1.612953,1.612210
0,42,APC-0,1.348903,1.336599,13.629247,13.627821
0,42,APC-1,0.136622,0.138001,13.963749,13.963088
0,42,APC-2,0.202811,0.205214,13.820953,13.820995
0,42,APC-3,0.204234,0.207808,13.957391,13.961664
0,42,CHQ-1,1.856664,1.867316,17.723398,17.716301
0,42,PLT-0,0.720970,0.761649,13.662823,13.662636
0,42,PLT-1,0.314678,0.516514,13.691465,13.696391
0,42,PLT-10,1.584708,1.562159,14.111185,14.107214
0,42,PLT-11,0.240569,0.317407,14.170552,14.169413
0,42,PLT-2,0.497989,0.556090,13.771730,13.771555
0,42,PLT-3,1.535105,1.448434,14.132375,14.132951
0,42,PLT-4,1.673743,1.674115,14.111427,14.108845
0,42,PLT-5,0.168967,0.169081,14.106104,14.107369
0,42,PLT-6,0.068486,0.068541,14.133825,14.131663
0,42,PLT-7,0.170228,0.171730,14.118300,14.118128
0,42,PLT-8,0.064299,0.064708,14.148479,14.148653
0,42,PLT-9,0.298954,0.315077,14.110944,14.111810
0,42,UGS-0,0.070539,0.070719,1.735308,1.734980
0,42,UGS-1,0.153806,0.153508,1.623482,1.623743
0,42,UGS-10,0.057276,0.057110,1.547270,1.546964
0,42,UGS-11,0.144251,0.143701,1.568994,1.569691
0,42,UGS-12,0.061438,0.061313,1.550556,1.550546
0,42,UGS-13,0.132552,0.132627,1.617176,1.617118
0,42,UGS-14,0.051511,0.051692,1.570610,1.570715
0,42,UGS-15,0.057415,0.057331,1.635725,1.636485
0,42,UGS-16,0.137833,0.138311,1.561487,1.560993
0,42,UGS-2,0.133895,0.136686,1.566324,1.566512
0,42,UGS-20,0.057889,0.057986,1.617087,1.617106
0,42,UGS-21,0.139503,0.140173,1.519006,1.519073
0,42,UGS-22,0.146134,0.146260,1.500424,1.500819
0,42,UGS-23,0.145110,0.145161,1.562897,1.562695
0,42,UGS-24,0.138491,0.138749,1.627056,1.626575
0,42,UGS-25,0.055150,0.055158,1.628183,1.628628
0,42,UGS-26,0.135291,0.136501,1.532450,1.532386
0,42,UGS-27,0.058381,0.058186,1.612121,1.611866
0,42,UGS-28,0.149085,0.149016,1.577078,1.576782
0,42,UGS-29,0.058819,0.058837,1.630197,1.630273
0,42,UGS-3,0.065347,0.065016,1.610399,1.610436
0,42,UGS-4,0.056355,0.056310,1.689254,1.688576
0,42,UGS-5,0.128433,0.128187,1.574166,1.574066
0,42,UGS-6,0.055561,0.055409,1.604286,1.604403
0,42,UGS-7,0.059916,0.061577,1.546685,1.546881
0,42,UGS-8,0.142418,0.142387,1.572503,1.572717
0,42,UGS-9,0.160401,0.159345,1.611952,1.612237
