timestamp_utc,run,epoch,seed,rows_per_epoch,query_node_count,task_count,backend,query_shape,repeat_count,warmup_count,idle_seconds,lat_mean_ms,lat_median_ms,lat_p90_ms,lat_p100_ms,lat_min_ms,lat_max_ms,lat_std_ms,cpu_per_query_ms,cpu_busy_ticks,idle_cpu_rate_tps,measure_window_s,rss_mean_mb,rss_max_mb,vmhwm_mb,rss_idle_mb,es_took_mean_ms,es_took_median_ms
2026-09-05T07:49:22.982411+00:00,0,0,1000,1000000,30,200,server,default,194,3,3.0,4.2347,4.2022,4.5112,5.2410,3.8144,5.2410,0.2212,9.536082,185,0.0000,1.0050,11.6939,11.7461,11.7461,11.4062,,
2026-09-05T07:49:35.838203+00:00,0,0,1000,1000000,30,200,es_default,default,10,3,3.0,783.5701,774.8335,818.3458,841.8714,752.2272,841.8714,31.8148,1803.386670,1806,0.3333,7.8414,5384.5566,5384.5625,6444.7773,5384.5469,21.6100,21.0000
2026-09-05T07:49:58.519179+00:00,0,0,1000,1000000,30,200,es_large,default,10,3,3.0,1515.3963,1519.1784,1533.2010,1549.3392,1478.1925,1549.3392,20.7332,2253.947556,2259,0.3333,15.1601,5384.4928,5384.4961,6444.7773,5384.4922,45.5067,44.0000
2026-09-05T07:51:25.304628+00:00,0,1,1000,1000000,30,200,server,default,194,3,3.0,4.2230,4.1879,4.4712,5.7948,3.7132,5.7948,0.2614,9.381443,182,0.0000,1.0014,12.0365,12.0625,12.0625,11.9492,,
2026-09-05T07:51:40.253739+00:00,0,1,1000,1000000,30,200,es_default,default,10,3,3.0,913.8787,918.2030,928.5992,946.3512,881.2570,946.3512,18.8082,1755.952144,1759,0.3333,9.1451,5398.1262,5398.1953,6444.7773,5398.1953,25.8233,24.0000
2026-09-05T07:52:03.504929+00:00,0,1,1000,1000000,30,200,es_large,default,10,3,3.0,1555.9557,1554.5182,1571.4313,1584.3449,1531.9459,1584.3449,14.1620,2132.812297,2138,0.3333,15.5659,5398.1250,5398.1250,6444.7773,5398.1250,46.8633,45.5000
2026-09-05T07:53:30.700891+00:00,0,2,1000,1000000,30,200,server,default,212,3,3.0,3.8801,3.8007,4.1447,5.9354,3.4539,5.9354,0.3150,8.490566,180,0.0000,1.0041,12.1172,12.1602,12.2930,12.0430,,
2026-09-05T07:53:45.513787+00:00,0,2,1000,1000000,30,200,es_default,default,10,3,3.0,906.6706,905.5895,916.8794,931.7439,887.6213,931.7439,11.9700,1813.952399,1820,0.6665,9.0730,5408.3050,5409.3477,6444.7773,5408.0234,25.6800,26.0000
2026-09-05T07:54:08.682791+00:00,0,2,1000,1000000,30,200,es_large,default,10,3,3.0,1551.7859,1552.6801,1558.4065,1564.5770,1540.1516,1564.5770,7.5979,2161.826090,2167,0.3333,15.5245,5409.3316,5409.3477,6444.7773,5409.3477,46.7033,47.0000
2026-09-05T07:55:37.363092+00:00,0,3,1000,1000000,30,200,server,default,194,3,3.0,4.2695,4.1761,4.9371,5.5491,3.5425,5.5491,0.4378,7.061856,137,0.0000,1.0041,12.2635,12.3398,12.3398,12.1445,,
2026-09-05T07:55:52.676360+00:00,0,3,1000,1000000,30,200,es_default,default,10,3,3.0,949.2102,943.3690,984.6077,990.0728,912.8458,990.0728,28.6059,1754.834463,1758,0.3333,9.4983,5410.1133,5410.1133,6444.7773,5410.1133,27.1067,26.0000
2026-09-05T07:56:17.143891+00:00,0,3,1000,1000000,30,200,es_large,default,10,3,3.0,1661.6158,1662.8173,1715.8132,1720.6429,1600.9830,1720.6429,46.5883,2316.000000,2316,0.0000,16.6229,5410.1236,5410.1289,6444.7773,5410.1133,50.3733,50.0000
2026-09-05T07:57:43.816396+00:00,0,4,1000,1000000,30,200,server,default,203,3,3.0,4.0620,4.0166,4.3295,5.8309,3.6513,5.8309,0.2689,8.571429,174,0.0000,1.0018,12.3398,12.3438,12.3438,12.2656,,
2026-09-05T07:58:05.844655+00:00,0,4,1000,1000000,30,200,es_default,default,10,3,3.0,1460.4498,1457.9261,1467.1362,1481.9142,1450.6665,1481.9142,8.7869,1657.130705,1662,0.3333,14.6105,5388.6758,5388.6758,6444.7773,5388.6758,44.2600,44.0000
2026-09-05T07:58:31.652783+00:00,0,4,1000,1000000,30,200,es_large,default,10,3,3.0,1751.0062,1751.1699,1756.5321,1756.7398,1739.9043,1756.7398,5.5570,1879.162205,1885,0.3333,17.5164,5388.6785,5388.6797,6444.7773,5388.6758,53.4533,53.0000
2026-09-05T07:59:58.230309+00:00,0,5,1000,1000000,30,200,server,default,201,3,3.0,4.1015,4.0854,4.4090,5.3648,3.6600,5.3648,0.2379,9.253731,186,0.0000,1.0047,12.3725,12.4336,12.4922,12.3086,,
2026-09-05T08:00:14.492807+00:00,0,5,1000,1000000,30,200,es_default,default,10,3,3.0,1020.4467,1019.1995,1024.3338,1045.0976,1012.0877,1045.0976,9.3226,1637.597042,1641,0.3333,10.2107,5402.4375,5402.4375,6444.7773,5402.4375,29.4733,29.0000
2026-09-05T08:00:38.744667+00:00,0,5,1000,1000000,30,200,es_large,default,10,3,3.0,1633.5643,1632.0649,1646.9113,1653.5791,1621.2491,1653.5791,9.6121,2096.553507,2102,0.3333,16.3422,5402.4375,5402.4375,6444.7773,5402.4375,49.5300,49.0000
2026-09-05T08:02:05.786708+00:00,0,6,1000,1000000,30,200,server,default,199,3,3.0,4.1232,4.0715,4.4322,6.0192,3.5550,6.0192,0.2944,8.944724,178,0.0000,1.0036,12.9727,12.9766,13.0938,12.8984,,
2026-09-05T08:02:20.373265+00:00,0,6,1000,1000000,30,200,es_default,default,10,3,3.0,890.9349,889.3908,905.9042,919.2195,878.1366,919.2195,13.1768,1684.000000,1684,0.0000,8.9164,5412.6992,5412.6992,6444.7773,5412.6992,25.2667,25.0000
2026-09-05T08:02:43.429774+00:00,0,6,1000,1000000,30,200,es_large,default,10,3,3.0,1541.6795,1538.5090,1550.9893,1575.5199,1530.7102,1575.5199,12.9513,2115.000000,2115,0.0000,15.4235,5412.6992,5412.6992,6444.7773,5412.6992,46.4233,46.0000
2026-09-05T08:04:13.544374+00:00,0,7,1000,1000000,30,200,server,default,197,3,3.0,4.1612,4.1424,4.4824,5.1877,3.6491,5.1877,0.2636,9.441624,186,0.0000,1.0006,12.9738,12.9766,13.0938,12.9219,,
2026-09-05T08:04:30.347025+00:00,0,7,1000,1000000,30,200,es_default,default,10,3,3.0,1059.8060,1059.0325,1062.6005,1082.0190,1048.6343,1082.0190,8.5371,1640.931798,1648,0.6665,10.6042,5412.5352,5412.5352,6444.7773,5412.5352,30.9433,31.0000
2026-09-05T08:04:54.811036+00:00,0,7,1000,1000000,30,200,es_large,default,10,3,3.0,1651.5592,1647.4153,1669.6132,1669.7208,1640.0633,1669.7208,10.2011,2116.986930,2128,0.6666,16.5225,5412.5273,5412.5273,6444.7773,5412.5352,50.1433,50.0000
2026-09-05T08:06:22.932685+00:00,0,8,1000,1000000,30,200,server,default,195,3,3.0,4.2358,4.2067,4.5223,5.9297,3.6475,5.9297,0.2638,9.641026,188,0.0000,1.0048,12.9727,12.9766,13.7148,12.8984,,
2026-09-05T08:06:37.358661+00:00,0,8,1000,1000000,30,200,es_default,default,10,3,3.0,875.3216,872.4702,881.6460,906.0578,866.0516,906.0578,11.5351,1669.080678,1672,0.3333,8.7594,5423.0625,5423.0625,6444.7773,5423.0625,24.5067,24.0000
2026-09-05T08:07:00.862667+00:00,0,8,1000,1000000,30,200,es_large,default,10,3,3.0,1579.1941,1561.1215,1644.9208,1671.0694,1551.4938,1671.0694,41.9026,2171.734728,2177,0.3333,15.7987,5423.0625,5423.0625,6444.7773,5423.0625,47.6200,47.0000
2026-09-05T08:08:28.408846+00:00,0,9,1000,1000000,30,200,server,default,196,3,3.0,4.2022,4.1850,4.4839,5.2487,3.6598,5.2487,0.2390,9.540816,187,0.0000,1.0016,12.9828,12.9844,13.7148,12.9531,,
2026-09-05T08:08:43.824546+00:00,0,9,1000,1000000,30,200,es_default,default,10,3,3.0,953.6833,951.7162,954.7972,976.8207,949.4959,976.8207,8.2006,1673.819590,1677,0.3333,9.5429,5418.3546,5418.3555,6444.7773,5418.3477,27.2533,27.0000
2026-09-05T08:09:07.744142+00:00,0,9,1000,1000000,30,200,es_large,default,10,3,3.0,1606.1525,1604.8125,1611.7961,1625.6752,1596.1362,1625.6752,8.0391,2130.000000,2130,0.0000,16.0682,5418.3555,5418.3555,6444.7773,5418.3555,48.6467,49.0000
2026-09-05T08:10:35.445427+00:00,1,0,1001,1000000,30,200,server,default,199,3,3.0,4.1482,4.1272,4.4187,5.4246,3.7027,5.4246,0.2444,9.246231,184,0.0000,1.0045,11.7010,11.7344,11.7344,11.2578,,
2026-09-05T08:10:48.492442+00:00,1,0,1001,1000000,30,200,es_default,default,10,3,3.0,775.9582,772.1959,791.3844,796.0871,756.1271,796.0871,11.4985,1738.412083,1741,0.3333,7.7651,5385.8828,5385.8828,6444.7773,5385.8828,21.2767,20.0000
2026-09-05T08:11:10.666673+00:00,1,0,1001,1000000,30,200,es_large,default,10,3,3.0,1472.1948,1469.4518,1486.1317,1497.6113,1457.0021,1497.6113,14.7262,2136.091450,2141,0.3333,14.7279,5385.8830,5385.8867,6444.7773,5385.8828,44.2000,44.0000
2026-09-05T08:12:37.873292+00:00,1,1,1001,1000000,30,200,server,default,198,3,3.0,4.1495,4.1196,4.4217,5.8486,3.6106,5.8486,0.2668,9.393939,186,0.0000,1.0042,11.9688,11.9844,12.5000,11.8945,,
2026-09-05T08:12:52.368914+00:00,1,1,1001,1000000,30,200,es_default,default,10,3,3.0,885.5968,882.7669,910.9988,944.6621,852.7951,944.6621,27.0811,1737.000000,1737,0.0000,8.8622,5399.3945,5399.3945,6444.7773,5399.3945,24.9667,24.0000
2026-09-05T08:13:16.668715+00:00,1,1,1001,1000000,30,200,es_large,default,10,3,3.0,1647.2576,1659.8316,1670.7349,1673.5275,1575.8584,1673.5275,31.2142,2357.000000,2357,0.0000,16.4789,5399.3945,5399.3945,6444.7773,5399.3945,49.9600,49.0000
2026-09-05T08:14:44.264276+00:00,1,2,1001,1000000,30,200,server,default,198,3,3.0,4.1481,4.1102,4.3931,6.0710,3.7775,6.0710,0.2360,9.090909,180,0.0000,1.0032,11.9906,11.9961,12.5000,11.9453,,
2026-09-05T08:14:58.592819+00:00,1,2,1001,1000000,30,200,es_default,default,10,3,3.0,872.1048,866.3476,886.5529,898.9247,862.8940,898.9247,11.6853,1693.182707,1699,0.6665,8.7275,5409.5781,5409.5781,6444.7773,5409.5781,24.4367,24.0000
2026-09-05T08:15:21.688174+00:00,1,2,1001,1000000,30,200,es_large,default,10,3,3.0,1545.1941,1540.7426,1554.0249,1572.8457,1538.3211,1572.8457,10.3912,2119.848080,2125,0.3333,15.4584,5409.5781,5409.5781,6444.7773,5409.5781,46.5433,46.0000
2026-09-05T08:16:50.092350+00:00,1,3,1001,1000000,30,200,server,default,197,3,3.0,4.1988,4.1599,4.4193,5.4508,3.7258,5.4508,0.2224,9.492386,187,0.0000,1.0033,11.9945,12.0000,12.5000,11.9492,,
2026-09-05T08:17:05.235963+00:00,1,3,1001,1000000,30,200,es_default,default,10,3,3.0,933.4183,929.1691,949.4798,957.8211,926.3531,957.8211,10.7544,1786.774486,1793,0.6666,9.3399,5410.2416,5410.2422,6444.7773,5410.2344,26.5600,26.0000
2026-09-05T08:17:28.973295+00:00,1,3,1001,1000000,30,200,es_large,default,10,3,3.0,1593.7823,1594.9828,1598.7278,1611.4837,1575.1516,1611.4837,8.9981,2188.686251,2194,0.3333,15.9440,5410.2422,5410.2422,6444.7773,5410.2422,48.1600,48.0000
2026-09-05T08:18:56.771413+00:00,1,4,1001,1000000,30,200,server,default,202,3,3.0,4.0929,4.0519,4.2965,5.7311,3.7236,5.7311,0.2491,8.910891,180,0.0000,1.0020,12.1135,12.1602,12.5430,11.9609,,
2026-09-05T08:19:16.533565+00:00,1,4,1001,1000000,30,200,es_default,default,10,3,3.0,1285.7130,1285.8157,1291.1305,1297.7688,1278.2632,1297.7688,5.7681,1681.712936,1686,0.3333,12.8635,5390.6641,5390.6641,6444.7773,5390.6641,38.3733,38.0000
2026-09-05T08:19:41.088777+00:00,1,4,1001,1000000,30,200,es_large,default,10,3,3.0,1656.8566,1657.9191,1669.5890,1673.9396,1635.5518,1673.9396,11.9348,1950.475851,1956,0.3333,16.5751,5390.6614,5390.6641,6444.7773,5390.6641,50.3333,50.0000
2026-09-05T08:21:09.468639+00:00,1,5,1001,1000000,30,200,server,default,197,3,3.0,4.1905,4.1616,4.4570,5.5186,3.6237,5.5186,0.2467,9.543147,188,0.0000,1.0036,12.6355,12.6367,12.8945,12.6133,,
2026-09-05T08:21:26.714052+00:00,1,5,1001,1000000,30,200,es_default,default,10,3,3.0,1095.2321,1091.6737,1125.1610,1126.4981,1068.3488,1126.4981,18.7462,1801.347812,1805,0.3333,10.9584,5404.1172,5404.1172,6444.7773,5404.1172,31.9867,30.0000
2026-09-05T08:21:51.047512+00:00,1,5,1001,1000000,30,200,es_large,default,10,3,3.0,1644.2657,1643.5994,1653.6720,1678.6881,1623.6733,1678.6881,14.2061,2151.517967,2157,0.3333,16.4489,5404.1172,5404.1172,6444.7773,5404.1172,49.9033,49.0000
2026-09-05T08:23:20.920121+00:00,1,6,1001,1000000,30,200,server,default,204,3,3.0,4.0540,4.0320,4.2713,5.4243,3.6285,5.4243,0.2179,8.578431,175,0.0000,1.0043,12.6568,12.6602,13.1094,12.6055,,
2026-09-05T08:23:36.094360+00:00,1,6,1001,1000000,30,200,es_default,default,10,3,3.0,940.5828,942.3371,953.0780,961.0391,918.1777,961.0391,12.7168,1941.726284,1948,0.6666,9.4122,5414.3248,5414.3320,6444.7773,5414.3242,26.8400,26.0000
2026-09-05T08:24:00.264689+00:00,1,6,1001,1000000,30,200,es_large,default,10,3,3.0,1599.1359,1593.6669,1613.4981,1708.3146,1565.0042,1708.3146,40.8176,2323.336332,2334,0.6666,15.9982,5414.3320,5414.3320,6444.7773,5414.3320,48.3867,47.0000
2026-09-05T08:25:28.371984+00:00,1,7,1001,1000000,30,200,server,default,196,3,3.0,4.2029,4.1716,4.4192,5.4714,3.8146,5.4714,0.1850,9.489796,186,0.0000,1.0027,12.6566,12.6602,13.4883,12.5898,,
2026-09-05T08:25:45.085869+00:00,1,7,1001,1000000,30,200,es_default,default,10,3,3.0,1050.1356,1050.5223,1073.8712,1075.3129,1022.5481,1075.3129,20.9403,1728.498173,1732,0.3333,10.5073,5414.2852,5414.2852,6444.7773,5414.2852,30.5000,29.0000
2026-09-05T08:26:09.709753+00:00,1,7,1001,1000000,30,200,es_large,default,10,3,3.0,1666.6367,1665.7208,1687.3035,1693.9468,1640.9256,1693.9468,16.5293,2166.443399,2172,0.3333,16.6728,5414.2852,5414.2852,6444.7773,5414.2852,50.6567,49.0000
2026-09-05T08:27:36.803387+00:00,1,8,1001,1000000,30,200,server,default,195,3,3.0,4.2326,4.1829,4.5458,5.2171,3.7933,5.2171,0.2431,9.641026,188,0.0000,1.0044,12.6586,12.6602,13.4883,12.6289,,
2026-09-05T08:27:52.371999+00:00,1,8,1001,1000000,30,200,es_default,default,10,3,3.0,965.3932,963.8573,966.9715,983.3414,961.7217,983.3414,6.3956,1682.780499,1686,0.3333,9.6602,5425.0352,5425.0352,6444.7773,5425.0352,27.7567,28.0000
2026-09-05T08:28:15.947344+00:00,1,8,1001,1000000,30,200,es_large,default,10,3,3.0,1582.2300,1579.2596,1586.5133,1602.5874,1575.9322,1602.5874,7.7099,2125.724667,2131,0.3333,15.8287,5425.0356,5425.0391,6444.7773,5425.0352,47.7767,48.0000
2026-09-05T08:29:42.258169+00:00,1,9,1001,1000000,30,200,server,default,196,3,3.0,4.2042,4.1771,4.4257,5.1981,3.8161,5.1981,0.2029,9.438776,185,0.0000,1.0027,12.6586,12.6602,13.4883,12.6289,,
2026-09-05T08:29:57.897247+00:00,1,9,1001,1000000,30,200,es_default,default,10,3,3.0,978.5632,988.9844,1004.7385,1010.0993,931.4972,1010.0993,26.9057,1923.736699,1927,0.3333,9.7916,5418.4102,5418.4102,6444.7773,5418.3438,28.1933,30.0000
2026-09-05T08:30:21.874635+00:00,1,9,1001,1000000,30,200,es_large,default,10,3,3.0,1608.9051,1604.6160,1639.8013,1667.2392,1572.9214,1667.2392,30.5005,2295.635856,2301,0.3333,16.0952,5418.4136,5418.4141,6444.7773,5418.4102,48.8267,47.0000
2026-09-05T08:31:49.349199+00:00,2,0,1002,1000000,30,200,server,default,197,3,3.0,4.1918,4.1784,4.5009,5.6306,3.6505,5.6306,0.3071,9.695431,191,0.0000,1.0021,11.7301,11.7695,11.7695,11.4258,,
2026-09-05T08:32:02.278313+00:00,2,0,1002,1000000,30,200,es_default,default,10,3,3.0,758.7163,749.3908,776.4976,792.3802,746.9793,792.3802,15.8395,1698.469562,1701,0.3333,7.5926,5386.0742,5386.0742,6444.7773,5386.0742,20.8133,21.0000
2026-09-05T08:32:24.509803+00:00,2,0,1002,1000000,30,200,es_large,default,10,3,3.0,1478.8422,1477.4375,1495.4845,1496.4639,1454.2738,1496.4639,15.6366,2139.069351,2144,0.3333,14.7945,5386.0742,5386.0742,6444.7773,5386.0742,44.5533,44.0000
2026-09-05T08:33:52.755053+00:00,2,1,1002,1000000,30,200,server,default,204,3,3.0,4.0138,3.9964,4.3345,5.1333,3.4506,5.1333,0.2652,8.578431,175,0.0000,1.0024,12.1336,12.1445,12.1445,12.0117,,
2026-09-05T08:34:07.617567+00:00,2,1,1002,1000000,30,200,es_default,default,10,3,3.0,915.2782,913.1280,922.2631,944.0280,899.3562,944.0280,11.7289,1795.000000,1795,0.0000,9.1590,5399.5078,5399.5078,6444.7773,5399.5078,25.9300,25.0000
2026-09-05T08:34:31.387818+00:00,2,1,1002,1000000,30,200,es_large,default,10,3,3.0,1590.0070,1559.5644,1705.1648,1719.7191,1552.4074,1719.7191,64.4317,2193.397467,2204,0.6666,15.9065,5399.5078,5399.5078,6444.7773,5399.5078,48.1767,47.0000
2026-09-05T08:35:58.462371+00:00,2,2,1002,1000000,30,200,server,default,198,3,3.0,4.1453,4.1091,4.3943,5.0460,3.7121,5.0460,0.2134,8.737374,173,0.0000,1.0027,12.1877,12.1953,12.3984,12.1289,,
2026-09-05T08:36:13.336496+00:00,2,2,1002,1000000,30,200,es_default,default,10,3,3.0,912.1341,908.2511,919.0607,929.0589,906.0836,929.0589,7.3064,1691.958038,1695,0.3333,9.1274,5409.6055,5409.6055,6444.7773,5409.6055,26.0733,26.0000
2026-09-05T08:36:36.459604+00:00,2,2,1002,1000000,30,200,es_large,default,10,3,3.0,1547.0310,1544.8969,1553.9633,1561.9356,1539.5751,1561.9356,6.8006,2120.000000,2120,0.0000,15.4769,5409.6055,5409.6055,6444.7773,5409.6055,46.7533,47.0000
2026-09-05T08:38:03.898373+00:00,2,3,1002,1000000,30,200,server,default,194,3,3.0,4.2656,4.2496,4.4969,5.4005,3.8881,5.4005,0.2143,10.051546,195,0.0000,1.0022,12.2277,12.2305,12.3984,12.1758,,
2026-09-05T08:38:18.531845+00:00,2,3,1002,1000000,30,200,es_default,default,10,3,3.0,896.1313,892.4085,907.7005,924.7448,884.3940,924.7448,12.0034,1679.023054,1685,0.6666,8.9670,5410.3047,5410.3047,6444.7773,5410.3047,25.5133,25.0000
2026-09-05T08:38:41.201894+00:00,2,3,1002,1000000,30,200,es_large,default,10,3,3.0,1510.1855,1513.7298,1524.5741,1524.7731,1482.8304,1524.7731,14.1168,2092.964940,2098,0.3333,15.1079,5410.3077,5410.3125,6444.7773,5410.3047,45.5267,46.0000
2026-09-05T08:40:08.423208+00:00,2,4,1002,1000000,30,200,server,default,194,3,3.0,4.2546,4.2428,4.5154,5.3428,3.7872,5.3428,0.2234,9.845361,191,0.0000,1.0028,12.2291,12.2344,12.3984,12.1797,,
2026-09-05T08:40:28.081315+00:00,2,4,1002,1000000,30,200,es_default,default,10,3,3.0,1277.8133,1276.2941,1283.6802,1299.9513,1269.2102,1299.9513,8.4968,1641.739187,1646,0.3333,12.7845,5390.5781,5390.5781,6444.7773,5390.5781,38.1300,38.0000
2026-09-05T08:40:52.796787+00:00,2,4,1002,1000000,30,200,es_large,default,10,3,3.0,1666.4652,1667.7954,1680.7205,1682.4170,1648.7588,1682.4170,12.4971,1930.443809,1936,0.3333,16.6714,5390.5785,5390.5820,6444.7773,5390.5781,50.7267,50.0000
2026-09-05T08:42:19.852607+00:00,2,5,1002,1000000,30,200,server,default,194,3,3.0,4.2528,4.2201,4.5052,5.3141,3.8427,5.3141,0.2044,9.690722,188,0.0000,1.0032,12.2277,12.2305,12.5977,12.1758,,
2026-09-05T08:42:36.416815+00:00,2,5,1002,1000000,30,200,es_default,default,10,3,3.0,1042.1994,1041.0585,1045.7831,1053.7707,1038.9510,1053.7707,4.4795,1673.524683,1677,0.3333,10.4277,5404.5000,5404.5000,6444.7773,5404.5000,30.2300,30.0000
2026-09-05T08:43:01.482426+00:00,2,5,1002,1000000,30,200,es_large,default,10,3,3.0,1689.4271,1671.4817,1740.5741,1795.4010,1653.7717,1795.4010,44.5395,2188.367591,2194,0.3333,16.9003,5404.5000,5404.5000,6444.7773,5404.5000,51.5000,51.0000
2026-09-05T08:44:32.367466+00:00,2,6,1002,1000000,30,200,server,default,197,3,3.0,4.1621,4.1284,4.4110,5.2513,3.7894,5.2513,0.2186,8.883249,175,0.0000,1.0011,12.2512,12.2539,12.6484,12.1992,,
2026-09-05T08:44:51.401527+00:00,2,6,1002,1000000,30,200,es_default,default,10,3,3.0,1232.3483,1226.7979,1243.7690,1259.3735,1224.5682,1259.3735,10.9944,1642.781696,1651,0.6665,12.3296,5414.8320,5414.8320,6444.7773,5414.8320,36.4967,36.0000
2026-09-05T08:45:16.348571+00:00,2,6,1002,1000000,30,200,es_large,default,10,3,3.0,1686.3958,1683.6862,1693.1235,1700.6646,1682.0576,1700.6646,6.0678,1987.377432,1993,0.3333,16.8706,5414.8320,5414.8320,6444.7773,5414.8320,51.4100,51.0000
2026-09-05T08:46:43.809510+00:00,2,7,1002,1000000,30,200,server,default,203,3,3.0,4.0335,4.0203,4.2610,5.4586,3.6051,5.4586,0.2360,8.128079,165,0.0000,1.0019,12.2512,12.2539,12.6484,12.1992,,
2026-09-05T08:47:00.182222+00:00,2,7,1002,1000000,30,200,es_default,default,10,3,3.0,1028.6568,1024.7348,1037.8289,1040.7803,1020.7973,1040.7803,7.3622,1770.000000,1770,0.0000,10.2924,5415.0156,5415.0156,6444.7773,5415.0156,29.7633,30.0000
2026-09-05T08:47:24.790599+00:00,2,7,1002,1000000,30,200,es_large,default,10,3,3.0,1659.4362,1658.1938,1661.9019,1680.0550,1653.7702,1680.0550,7.5548,2200.934963,2212,0.6665,16.6006,5415.0156,5415.0156,6444.7773,5415.0156,50.3133,50.0000
2026-09-05T08:48:52.299269+00:00,2,8,1002,1000000,30,200,server,default,203,3,3.0,4.0337,4.0185,4.3327,5.4034,3.5320,5.4034,0.2690,5.862069,119,0.0000,1.0016,12.2781,12.3008,12.8633,12.2031,,
2026-09-05T08:49:06.641193+00:00,2,8,1002,1000000,30,200,es_default,default,10,3,3.0,867.8343,864.6444,878.5023,896.3949,853.0748,896.3949,11.8261,1839.000000,1839,0.0000,8.6846,5425.6094,5425.6094,6444.7773,5425.6094,24.5533,24.0000
2026-09-05T08:49:29.788372+00:00,2,8,1002,1000000,30,200,es_large,default,10,3,3.0,1542.5927,1543.5657,1555.6828,1558.4678,1526.2324,1558.4678,9.8648,2285.856673,2291,0.3333,15.4326,5425.6094,5425.6094,6444.7773,5425.6094,46.6467,46.0000
2026-09-05T08:50:57.704303+00:00,2,9,1002,1000000,30,200,server,default,214,3,3.0,3.8325,3.8072,4.1809,5.6030,3.3182,5.6030,0.2984,8.271028,177,0.0000,1.0035,12.3309,12.3320,12.8984,12.3086,,
2026-09-05T08:51:13.700518+00:00,2,9,1002,1000000,30,200,es_default,default,10,3,3.0,1013.2826,1009.9318,1050.6993,1052.4384,979.9222,1052.4384,23.3461,1969.621107,1973,0.3333,10.1385,5420.6719,5420.6719,6444.7773,5420.6719,29.2900,31.0000
2026-09-05T08:51:38.077560+00:00,2,9,1002,1000000,30,200,es_large,default,10,3,3.0,1629.8219,1624.5667,1674.3721,1697.6302,1581.1187,1697.6302,35.0841,2312.566152,2318,0.3333,16.3044,5420.6719,5420.6719,6444.7773,5420.6719,49.5367,50.0000
2026-09-05T08:53:05.484996+00:00,3,0,1003,1000000,30,200,server,default,203,3,3.0,4.0574,4.0738,4.3582,5.4745,3.4689,5.4745,0.3068,9.458128,192,0.0000,1.0012,11.5031,11.5547,11.5547,11.0703,,
2026-09-05T08:53:18.635870+00:00,3,0,1003,1000000,30,200,es_default,default,10,3,3.0,779.3974,780.1134,794.2919,794.6705,753.8074,794.6705,12.2782,1752.801338,1758,0.6666,7.7993,5386.0312,5386.0312,6444.7773,5386.0312,21.6067,21.0000
2026-09-05T08:53:40.928074+00:00,3,0,1003,1000000,30,200,es_large,default,10,3,3.0,1479.0911,1476.7571,1497.0172,1498.2270,1457.1496,1498.2270,12.8482,2131.068591,2136,0.3333,14.7969,5386.0374,5386.0430,6444.7773,5386.0312,44.7033,44.0000
2026-09-05T08:55:07.901271+00:00,3,1,1003,1000000,30,200,server,default,210,3,3.0,3.9176,3.8734,4.2212,5.2615,3.2895,5.2615,0.2687,8.571429,180,0.0000,1.0049,11.8182,11.8242,11.8242,11.7500,,
2026-09-05T08:55:22.552561+00:00,3,1,1003,1000000,30,200,es_default,default,10,3,3.0,898.9541,891.4358,914.4719,943.9649,883.5357,943.9649,18.8607,1728.002057,1731,0.3333,8.9954,5399.6250,5399.6250,6444.7773,5399.6250,25.5533,25.0000
2026-09-05T08:55:45.840654+00:00,3,1,1003,1000000,30,200,es_large,default,10,3,3.0,1560.3505,1558.6186,1566.3011,1581.5473,1550.0777,1581.5473,8.4608,2126.797658,2132,0.3333,15.6098,5399.6250,5399.6250,6444.7773,5399.6250,47.3067,47.0000
2026-09-05T08:57:12.378834+00:00,3,2,1003,1000000,30,200,server,default,201,3,3.0,4.0701,4.0421,4.3353,5.4679,3.4982,5.4679,0.2647,8.457711,170,0.0000,1.0023,12.1252,12.1367,12.1367,12.0000,,
2026-09-05T08:57:27.028423+00:00,3,2,1003,1000000,30,200,es_default,default,10,3,3.0,895.4680,892.0249,910.7139,911.0569,888.3766,911.0569,8.6189,1741.013625,1744,0.3333,8.9607,5409.8711,5409.8711,6444.7773,5409.8711,25.3367,25.0000
2026-09-05T08:57:49.977918+00:00,3,2,1003,1000000,30,200,es_large,default,10,3,3.0,1534.0866,1533.9845,1538.4427,1543.1335,1525.1570,1543.1335,4.8617,2125.770196,2136,0.6666,15.3473,5409.8711,5409.8711,6444.7773,5409.8711,46.3267,46.0000
2026-09-05T08:59:20.773234+00:00,3,3,1003,1000000,30,200,server,default,207,3,3.0,3.9653,3.9477,4.1737,5.4278,3.5583,5.4278,0.2320,8.695652,180,0.0000,1.0033,12.1533,12.1562,12.1562,12.0977,,
2026-09-05T08:59:36.082118+00:00,3,3,1003,1000000,30,200,es_default,default,10,3,3.0,949.1907,955.0627,962.1203,966.8055,922.0726,966.8055,14.7833,1766.834669,1770,0.3333,9.4976,5410.4955,5410.4961,6444.7773,5410.4961,27.2467,26.0000
2026-09-05T08:59:59.283411+00:00,3,3,1003,1000000,30,200,es_large,default,10,3,3.0,1550.6517,1551.2087,1558.6442,1561.0249,1535.6665,1561.0249,7.2384,2105.829940,2111,0.3333,15.5129,5410.4883,5410.4883,6444.7773,5410.4883,46.9833,46.0000
2026-09-05T09:01:26.631908+00:00,3,4,1003,1000000,30,200,server,default,202,3,3.0,4.0768,4.0249,4.3505,5.8963,3.6605,5.8963,0.2616,8.762376,177,0.0000,1.0036,12.1607,12.1641,12.2500,12.0977,,
2026-09-05T09:01:46.334640+00:00,3,4,1003,1000000,30,200,es_default,default,10,3,3.0,1282.1800,1280.6935,1292.5802,1296.4216,1269.3139,1296.4216,9.7738,1660.724668,1665,0.3333,12.8283,5390.5938,5390.5938,6444.7773,5390.5938,38.3900,38.0000
2026-09-05T09:02:10.946167+00:00,3,4,1003,1000000,30,200,es_large,default,10,3,3.0,1662.0746,1661.3445,1670.1393,1678.7046,1652.2216,1678.7046,8.3980,1948.458434,1954,0.3333,16.6274,5390.5938,5390.5938,6444.7773,5390.5938,50.6933,50.0000
2026-09-05T09:03:39.152512+00:00,3,5,1003,1000000,30,200,server,default,198,3,3.0,4.1721,4.1445,4.4283,5.3456,3.7054,5.3456,0.2176,9.646465,191,0.0000,1.0017,12.1672,12.1680,12.2500,12.1523,,
2026-09-05T09:03:54.864488+00:00,3,5,1003,1000000,30,200,es_default,default,10,3,3.0,976.7090,975.3223,979.2524,987.6015,971.7150,987.6015,4.3131,1637.742916,1641,0.3333,9.7729,5404.2305,5404.2305,6444.7773,5404.2305,28.1433,28.0000
2026-09-05T09:04:18.240247+00:00,3,5,1003,1000000,30,200,es_large,default,10,3,3.0,1564.8864,1563.4044,1575.5713,1586.6706,1552.1340,1586.6706,9.6452,2052.782478,2058,0.3333,15.6553,5404.2305,5404.2305,6444.7773,5404.2305,47.4767,48.0000
2026-09-05T09:05:44.758899+00:00,3,6,1003,1000000,30,200,server,default,199,3,3.0,4.1100,4.0768,4.3263,5.3797,3.7499,5.3797,0.2094,9.145729,182,0.0000,1.0032,12.1656,12.1680,12.2500,12.1211,,
2026-09-05T09:06:00.433973+00:00,3,6,1003,1000000,30,200,es_default,default,10,3,3.0,974.8381,972.6972,982.8447,987.7204,970.6583,987.7204,5.6466,1648.000000,1648,0.0000,9.7556,5415.0078,5415.0078,6444.7773,5415.0078,28.1433,28.0000
2026-09-05T09:06:24.388700+00:00,3,6,1003,1000000,30,200,es_large,default,10,3,3.0,1612.0670,1611.0070,1615.9727,1627.4385,1606.9628,1627.4385,6.0073,2095.625179,2101,0.3333,16.1274,5415.0078,5415.0078,6444.7773,5415.0078,48.7767,49.0000
2026-09-05T09:07:51.448405+00:00,3,7,1003,1000000,30,200,server,default,204,3,3.0,4.0264,3.9821,4.3757,5.5982,3.5888,5.5982,0.2649,8.774510,179,0.0000,1.0035,12.1682,12.1719,12.4375,12.1055,,
2026-09-05T09:08:08.063326+00:00,3,7,1003,1000000,30,200,es_default,default,10,3,3.0,1045.2111,1044.2497,1049.3341,1056.4883,1041.1313,1056.4883,4.5150,1686.000000,1686,0.0000,10.4578,5414.4336,5414.4336,6444.7773,5414.4336,30.3267,30.0000
2026-09-05T09:08:32.818840+00:00,3,7,1003,1000000,30,200,es_large,default,10,3,3.0,1673.1898,1670.9820,1679.8688,1686.7228,1667.0766,1686.7228,5.7494,2132.421550,2138,0.3333,16.7382,5414.4336,5414.4336,6444.7773,5414.4336,50.9433,51.0000
2026-09-05T09:10:00.838864+00:00,3,8,1003,1000000,30,200,server,default,197,3,3.0,4.1857,4.1459,4.4685,5.5236,3.7452,5.5236,0.2335,9.492386,187,0.0000,1.0033,12.1738,12.1758,12.4375,12.1367,,
2026-09-05T09:10:19.507204+00:00,3,8,1003,1000000,30,200,es_default,default,10,3,3.0,1204.5707,1205.7337,1219.6566,1223.1494,1187.4615,1223.1494,12.9043,1705.000000,1705,0.0000,12.0522,5425.0820,5425.0820,6444.7773,5425.0820,35.6433,35.0000
2026-09-05T09:10:44.855321+00:00,3,8,1003,1000000,30,200,es_large,default,10,3,3.0,1678.3172,1675.7154,1683.0607,1705.2134,1670.9848,1705.2134,9.8680,2031.404247,2037,0.3333,16.7903,5425.0820,5425.0820,6444.7773,5425.0820,51.1833,51.0000
2026-09-05T09:12:11.249786+00:00,3,9,1003,1000000,30,200,server,default,194,3,3.0,4.2513,4.2351,4.5046,5.3615,3.6955,5.3615,0.2314,9.845361,191,0.0000,1.0021,12.2041,12.2148,12.4375,12.1094,,
2026-09-05T09:12:32.665651+00:00,3,9,1003,1000000,30,200,es_default,default,10,3,3.0,1414.7744,1416.0686,1426.6972,1436.6389,1392.2867,1436.6389,12.3978,1620.565989,1630,0.6666,14.1533,5417.7695,5417.7695,6444.7773,5417.7031,42.7267,43.0000
2026-09-05T09:12:58.144232+00:00,3,9,1003,1000000,30,200,es_large,default,10,3,3.0,1728.8325,1729.9532,1742.3144,1764.8257,1708.7824,1764.8257,16.5454,1884.236256,1890,0.3333,17.2943,5417.7695,5417.7695,6444.7773,5417.7695,52.9333,54.0000
2026-09-05T09:14:25.561467+00:00,4,0,1004,1000000,30,200,server,default,200,3,3.0,4.1290,4.0710,4.4800,5.7671,3.5267,5.7671,0.3269,7.650000,153,0.0000,1.0012,11.7703,11.8242,11.8242,11.3555,,
2026-09-05T09:14:38.493498+00:00,4,0,1004,1000000,30,200,es_default,default,10,3,3.0,760.9680,758.1016,774.6868,775.9713,755.0848,775.9713,7.6541,1695.924221,1701,0.6665,7.6150,5386.1352,5386.1641,6444.7773,5386.1641,21.0933,21.0000
2026-09-05T09:15:00.551323+00:00,4,0,1004,1000000,30,200,es_large,default,10,3,3.0,1465.5848,1463.1583,1470.0468,1482.7140,1461.9636,1482.7140,6.3411,2087.113563,2092,0.3333,14.6618,5386.0938,5386.0938,6444.7773,5386.0938,44.1967,44.0000
2026-09-05T09:16:27.966255+00:00,4,1,1004,1000000,30,200,server,default,210,3,3.0,3.9384,4.0048,4.4110,5.5020,3.1642,5.5020,0.3978,6.095238,128,0.0000,1.0035,12.1443,12.1680,12.1680,12.0781,,
2026-09-05T09:16:42.797912+00:00,4,1,1004,1000000,30,200,es_default,default,10,3,3.0,912.9634,905.6119,938.0724,946.5126,886.9226,946.5126,19.2319,1859.910785,1866,0.6666,9.1354,5399.4883,5399.4883,6444.7773,5399.4883,25.9533,25.0000
2026-09-05T09:17:06.113885+00:00,4,1,1004,1000000,30,200,es_large,default,10,3,3.0,1562.3346,1560.3439,1573.2213,1575.0925,1546.1405,1575.0925,9.6240,2201.791019,2207,0.3333,15.6297,5399.4883,5399.4883,6444.7773,5399.4883,47.2400,47.0000
2026-09-05T09:18:32.375077+00:00,4,2,1004,1000000,30,200,server,default,195,3,3.0,4.2269,4.1924,4.4717,5.3405,3.8010,5.3405,0.2152,9.487179,185,0.0000,1.0003,12.1875,12.2070,12.2266,12.1289,,
2026-09-05T09:18:47.824153+00:00,4,2,1004,1000000,30,200,es_default,default,10,3,3.0,959.8376,950.2555,1002.4807,1025.8103,924.7706,1025.8103,31.8222,1786.799085,1790,0.3333,9.6045,5409.8320,5409.8320,6444.7773,5409.8242,27.5067,26.0000
2026-09-05T09:19:11.257507+00:00,4,2,1004,1000000,30,200,es_large,default,10,3,3.0,1570.0809,1570.0717,1576.8766,1581.9287,1561.4791,1581.9287,6.3866,2159.765176,2165,0.3333,15.7072,5409.8320,5409.8320,6444.7773,5409.8320,47.5767,47.0000
2026-09-05T09:20:37.718739+00:00,4,3,1004,1000000,30,200,server,default,210,3,3.0,3.9076,3.8534,4.1809,5.9899,3.4450,5.9899,0.2788,7.666667,161,0.0000,1.0043,12.2461,12.2500,12.2500,12.1758,,
2026-09-05T09:20:54.796307+00:00,4,3,1004,1000000,30,200,es_default,default,10,3,3.0,1083.4848,1081.3153,1097.5837,1110.5342,1068.3629,1110.5342,12.7866,1773.387047,1777,0.3333,10.8407,5410.2773,5410.2773,6444.7773,5410.2773,31.7167,31.0000
2026-09-05T09:21:19.983453+00:00,4,3,1004,1000000,30,200,es_large,default,10,3,3.0,1706.6428,1707.4427,1720.0801,1721.4568,1692.6248,1721.4568,10.3029,2175.310141,2181,0.3333,17.0726,5410.2773,5410.2773,6444.7773,5410.2773,52.0300,52.0000
2026-09-05T09:22:49.695029+00:00,4,4,1004,1000000,30,200,server,default,200,3,3.0,4.1181,4.0962,4.4634,5.7166,3.5509,5.7166,0.2967,9.450000,189,0.0000,1.0004,12.2465,12.2500,12.2500,12.1797,,
2026-09-05T09:23:11.100471+00:00,4,4,1004,1000000,30,200,es_default,default,10,3,3.0,1411.8344,1412.1198,1421.5849,1428.4307,1401.1874,1428.4307,8.3855,1583.000000,1583,0.0000,14.1244,5389.0703,5389.0703,6444.7773,5389.0703,42.6233,42.0000
2026-09-05T09:23:35.559395+00:00,4,4,1004,1000000,30,200,es_large,default,10,3,3.0,1649.7241,1640.0557,1701.8346,1706.9602,1621.0798,1706.9602,31.7226,1772.999376,1784,0.6666,16.5037,5389.0704,5389.0781,6444.7773,5389.0703,50.2300,49.0000
2026-09-05T09:25:02.439363+00:00,4,5,1004,1000000,30,200,server,default,205,3,3.0,4.0020,3.9652,4.2773,5.7753,3.2333,5.7753,0.2907,6.048780,124,0.0000,1.0024,12.2551,12.2695,12.2695,12.1719,,
2026-09-05T09:25:19.186397+00:00,4,5,1004,1000000,30,200,es_default,default,10,3,3.0,1056.7736,1053.7502,1059.8617,1084.3385,1052.2243,1084.3385,9.8073,1642.476167,1646,0.3333,10.5733,5402.6367,5402.6367,6444.7773,5402.6367,30.6867,31.0000
2026-09-05T09:25:43.785414+00:00,4,5,1004,1000000,30,200,es_large,default,10,3,3.0,1661.2032,1659.8771,1667.7500,1677.2926,1647.2490,1677.2926,7.6160,2093.461672,2099,0.3333,16.6178,5402.6367,5402.6367,6444.7773,5402.6367,50.5067,50.0000
2026-09-05T09:27:09.850328+00:00,4,6,1004,1000000,30,200,server,default,207,3,3.0,3.9810,3.9021,4.3365,6.0234,3.5199,6.0234,0.3351,7.342995,152,0.0000,1.0044,12.2775,12.2812,12.2812,12.2227,,
2026-09-05T09:27:25.425141+00:00,4,6,1004,1000000,30,200,es_default,default,10,3,3.0,957.5045,952.7424,983.4153,1004.3086,938.9528,1004.3086,20.4175,1685.613676,1692,0.6666,9.5811,5413.2617,5413.2617,6444.7773,5413.2617,27.5567,27.0000
2026-09-05T09:27:49.061843+00:00,4,6,1004,1000000,30,200,es_large,default,10,3,3.0,1588.4812,1590.0760,1610.8561,1614.8063,1558.5159,1614.8063,19.2744,2147.407493,2158,0.6666,15.8914,5413.2617,5413.2617,6444.7773,5413.2617,48.1300,47.0000
2026-09-05T09:29:15.268540+00:00,4,7,1004,1000000,30,200,server,default,207,3,3.0,3.9697,3.9485,4.2437,4.8362,3.5357,4.8362,0.2203,8.937198,185,0.0000,1.0030,12.2707,12.2734,12.2734,12.2188,,
2026-09-05T09:29:31.454374+00:00,4,7,1004,1000000,30,200,es_default,default,10,3,3.0,1000.8693,990.8731,1020.6437,1085.0124,981.7451,1085.0124,30.8594,1667.324958,1674,0.6666,10.0142,5413.4531,5413.4531,6444.7773,5413.4531,28.7967,28.0000
2026-09-05T09:29:55.511725+00:00,4,7,1004,1000000,30,200,es_large,default,10,3,3.0,1621.5879,1624.1700,1636.4058,1637.4892,1604.0741,1637.4892,11.5767,2090.187360,2101,0.6665,16.2218,5413.4453,5413.4453,6444.7773,5413.4453,49.1500,49.0000
2026-09-05T09:31:22.116325+00:00,4,8,1004,1000000,30,200,server,default,212,3,3.0,3.8788,3.8239,4.3069,5.3960,3.4119,5.3960,0.3078,8.820755,187,0.0000,1.0027,12.2703,12.2734,12.2734,12.2109,,
2026-09-05T09:31:37.693882+00:00,4,8,1004,1000000,30,200,es_default,default,10,3,3.0,964.4126,964.6069,984.3868,986.3373,951.2735,986.3373,12.7383,1674.783707,1678,0.3333,9.6505,5423.6719,5423.6719,6444.7773,5423.6719,27.5933,27.0000
2026-09-05T09:32:01.857855+00:00,4,8,1004,1000000,30,200,es_large,default,10,3,3.0,1634.5694,1631.6850,1703.7430,1710.2284,1571.6552,1710.2284,52.0568,2195.550136,2201,0.3333,16.3523,5423.6719,5423.6719,6444.7773,5423.6719,49.6433,48.0000
2026-09-05T09:33:29.452569+00:00,4,9,1004,1000000,30,200,server,default,198,3,3.0,4.1694,4.1345,4.4324,5.4575,3.6565,5.4575,0.2535,9.393939,186,0.0000,1.0024,12.2742,12.2773,12.2773,12.2148,,
2026-09-05T09:33:45.400124+00:00,4,9,1004,1000000,30,200,es_default,default,10,3,3.0,991.9518,987.8846,1014.4523,1038.7562,969.7503,1038.7562,20.5269,1700.692205,1704,0.3333,9.9250,5419.2422,5419.2422,6444.7773,5419.2344,28.6567,28.0000
2026-09-05T09:34:09.345276+00:00,4,9,1004,1000000,30,200,es_large,default,10,3,3.0,1608.8600,1603.6979,1623.8186,1626.3978,1591.7206,1626.3978,11.7468,2110.271956,2121,0.6665,16.0949,5419.2422,5419.2422,6444.7773,5419.2422,48.8467,48.0000
2026-09-05T09:35:35.268719+00:00,5,0,1005,1000000,30,200,server,default,201,3,3.0,4.0959,4.1038,4.3833,5.1569,3.5314,5.1569,0.2825,9.203980,185,0.0000,1.0042,11.7043,11.7656,11.7656,11.2578,,
2026-09-05T09:35:48.507978+00:00,5,0,1005,1000000,30,200,es_default,default,10,3,3.0,786.5047,784.8581,804.8397,807.7455,773.0788,807.7455,12.0387,1697.376969,1700,0.3333,7.8704,5386.1211,5386.1211,6444.7773,5386.1211,21.6433,21.0000
2026-09-05T09:36:11.142293+00:00,5,0,1005,1000000,30,200,es_large,default,10,3,3.0,1504.7370,1501.8241,1524.8109,1541.4995,1485.1490,1541.4995,18.9201,2144.983108,2150,0.3333,15.0532,5386.1211,5386.1211,6444.7773,5386.1211,45.4967,45.0000
2026-09-05T09:37:38.199037+00:00,5,1,1005,1000000,30,200,server,default,216,3,3.0,3.7810,3.7560,4.0645,5.5592,3.2451,5.5592,0.2955,7.870370,170,0.0000,1.0008,11.9646,12.0000,12.0000,11.8633,,
2026-09-05T09:37:52.847010+00:00,5,1,1005,1000000,30,200,es_default,default,10,3,3.0,892.5076,885.9229,917.0060,925.5676,879.9039,925.5676,16.0165,1773.023240,1776,0.3333,8.9318,5399.7266,5399.7266,6444.7773,5399.7266,25.3700,25.0000
2026-09-05T09:38:16.231447+00:00,5,1,1005,1000000,30,200,es_large,default,10,3,3.0,1569.6430,1554.0999,1627.0883,1655.7738,1543.0133,1655.7738,38.0084,2230.000000,2230,0.0000,15.7026,5399.7266,5399.7266,6444.7773,5399.7266,47.5567,47.0000
2026-09-05T09:39:43.168090+00:00,5,2,1005,1000000,30,200,server,default,204,3,3.0,4.0477,4.0279,4.3104,5.0728,3.6266,5.0728,0.2128,9.362745,191,0.0000,1.0043,12.0234,12.0273,12.0273,11.9688,,
2026-09-05T09:39:57.603277+00:00,5,2,1005,1000000,30,200,es_default,default,10,3,3.0,880.3101,877.8248,886.0553,900.6455,875.9708,900.6455,7.5740,1661.064195,1664,0.3333,8.8089,5410.2539,5410.2539,6444.7773,5410.2539,25.0867,25.0000
2026-09-05T09:40:20.539879+00:00,5,2,1005,1000000,30,200,es_large,default,10,3,3.0,1533.8441,1531.3810,1544.1851,1555.0064,1524.1777,1555.0064,9.4843,2109.885959,2115,0.3333,15.3447,5410.2539,5410.2539,6444.7773,5410.2539,46.4533,46.0000
2026-09-05T09:41:47.405218+00:00,5,3,1005,1000000,30,200,server,default,199,3,3.0,4.1537,4.1183,4.3879,5.2267,3.6845,5.2267,0.2096,9.497487,189,0.0000,1.0037,12.0398,12.0430,12.0430,11.9805,,
2026-09-05T09:42:03.530905+00:00,5,3,1005,1000000,30,200,es_default,default,10,3,3.0,1008.8599,1006.1622,1020.0624,1034.2262,1000.5381,1034.2262,10.3825,1740.635847,1744,0.3333,10.0942,5411.1680,5411.1680,6444.7773,5411.1680,29.1733,29.0000
2026-09-05T09:42:27.487490+00:00,5,3,1005,1000000,30,200,es_large,default,10,3,3.0,1608.3755,1610.2628,1612.0274,1616.5590,1598.8522,1616.5590,5.2478,2168.637629,2174,0.3333,16.0898,5411.1680,5411.1680,6444.7773,5411.1680,48.9300,49.0000
2026-09-05T09:43:54.405474+00:00,5,4,1005,1000000,30,200,server,default,200,3,3.0,4.1063,4.1031,4.3895,4.9344,3.5451,4.9344,0.2165,9.200000,184,0.0000,1.0018,12.0414,12.0430,12.0430,12.0117,,
2026-09-05T09:44:13.136094+00:00,5,4,1005,1000000,30,200,es_default,default,10,3,3.0,1210.0534,1205.9995,1229.9597,1237.3407,1195.7421,1237.3407,14.0574,1682.965149,1687,0.3333,12.1066,5390.5273,5390.5273,6444.7773,5390.5273,35.8267,35.0000
2026-09-05T09:44:37.498182+00:00,5,4,1005,1000000,30,200,es_large,default,10,3,3.0,1643.4065,1641.5583,1652.6372,1658.2207,1634.8941,1658.2207,8.1457,1949.520663,1955,0.3333,16.4408,5390.5263,5390.5273,6444.7773,5390.5273,50.1067,50.0000
2026-09-05T09:46:05.324211+00:00,5,5,1005,1000000,30,200,server,default,197,3,3.0,4.1768,4.1422,4.4160,5.2166,3.7204,5.2166,0.2141,8.984772,177,0.0000,1.0030,12.1209,12.1641,12.1641,12.0039,,
2026-09-05T09:46:21.463216+00:00,5,5,1005,1000000,30,200,es_default,default,10,3,3.0,1011.4818,1010.4021,1015.3009,1029.2297,1004.6543,1029.2297,6.7575,1646.254163,1653,0.6666,10.1205,5403.9180,5403.9180,6444.7773,5403.9180,29.2833,29.0000
2026-09-05T09:46:45.201066+00:00,5,5,1005,1000000,30,200,es_large,default,10,3,3.0,1592.3849,1590.8554,1596.4231,1606.9159,1588.2895,1606.9159,5.4734,2060.381925,2071,0.6665,15.9299,5403.9180,5403.9180,6444.7773,5403.9180,48.3200,48.0000
2026-09-05T09:48:11.333474+00:00,5,6,1005,1000000,30,200,server,default,192,3,3.0,4.3050,4.2764,4.5599,5.5575,3.8985,5.5575,0.2308,10.156250,195,0.0000,1.0015,12.7047,12.7070,12.7070,12.6602,,
2026-09-05T09:48:26.758263+00:00,5,6,1005,1000000,30,200,es_default,default,10,3,3.0,953.8968,952.9952,955.0765,964.5473,951.1153,964.5473,3.9003,1650.818787,1654,0.3333,9.5452,5414.4648,5414.4648,6444.7773,5414.4648,27.2300,27.0000
2026-09-05T09:48:50.356712+00:00,5,6,1005,1000000,30,200,es_large,default,10,3,3.0,1583.4700,1582.6166,1588.3723,1590.4536,1579.5319,1590.4536,3.5983,2087.720420,2093,0.3333,15.8415,5414.4722,5414.4727,6444.7773,5414.4648,47.8200,48.0000
2026-09-05T09:50:17.238210+00:00,5,7,1005,1000000,30,200,server,default,203,3,3.0,4.0534,4.0300,4.3171,5.5577,3.6822,5.5577,0.2274,8.768473,178,0.0000,1.0048,12.7236,12.7266,12.7266,12.6719,,
2026-09-05T09:50:35.514015+00:00,5,7,1005,1000000,30,200,es_default,default,10,3,3.0,1181.3383,1171.8707,1234.3758,1246.4638,1128.3149,1246.4638,39.0129,1899.000000,1899,0.0000,11.8189,5415.5938,5415.5938,6444.7773,5415.5938,34.8800,32.0000
2026-09-05T09:51:00.906107+00:00,5,7,1005,1000000,30,200,es_large,default,10,3,3.0,1725.9521,1723.2319,1749.3339,1754.9994,1697.8284,1754.9994,19.5361,2271.245843,2277,0.3333,17.2655,5415.5938,5415.5938,6444.7773,5415.5938,52.6633,50.0000
2026-09-05T09:52:29.250068+00:00,5,8,1005,1000000,30,200,server,default,209,3,3.0,3.9069,3.8904,4.2708,5.6655,3.2672,5.6655,0.3220,8.564593,179,0.0000,1.0007,12.7785,12.7812,12.7812,12.7266,,
2026-09-05T09:52:47.902819+00:00,5,8,1005,1000000,30,200,es_default,default,10,3,3.0,1202.7446,1198.2856,1226.4394,1233.7166,1190.7878,1233.7166,15.0340,1710.978920,1719,0.6666,12.0337,5425.7188,5425.7188,6444.7773,5425.7188,35.5800,35.0000
2026-09-05T09:53:12.353384+00:00,5,8,1005,1000000,30,200,es_large,default,10,3,3.0,1646.4987,1644.8914,1665.5869,1675.0817,1621.9542,1675.0817,16.0742,2020.000000,2020,0.0000,16.4717,5425.7188,5425.7188,6444.7773,5425.7188,49.9767,50.0000
2026-09-05T09:54:39.194399+00:00,5,9,1005,1000000,30,200,server,default,210,3,3.0,3.9237,3.8974,4.1961,5.5300,3.4568,5.5300,0.2566,8.809524,185,0.0000,1.0037,12.7852,12.7891,12.7891,12.7188,,
2026-09-05T09:54:55.028134+00:00,5,9,1005,1000000,30,200,es_default,default,10,3,3.0,985.7968,988.4075,1015.6874,1018.5365,922.8787,1018.5365,27.9500,1930.000000,1930,0.0000,9.8636,5419.7911,5419.7969,6444.7773,5419.7305,28.3333,28.5000
2026-09-05T09:55:19.352536+00:00,5,9,1005,1000000,30,200,es_large,default,10,3,3.0,1654.0993,1657.1547,1681.8041,1693.1856,1614.0727,1693.1856,26.5283,2382.485277,2388,0.3333,16.5471,5419.7969,5419.7969,6444.7773,5419.7969,50.3400,51.0000
2026-09-05T09:56:45.643879+00:00,6,0,1006,1000000,30,200,server,default,194,3,3.0,4.2483,4.2164,4.4385,6.9902,3.8424,6.9902,0.2842,9.793814,190,0.0000,1.0012,11.7900,11.8281,11.8281,11.4375,,
2026-09-05T09:56:58.831653+00:00,6,0,1006,1000000,30,200,es_default,default,10,3,3.0,783.3227,778.3269,808.4785,816.5233,764.8910,816.5233,19.0756,1729.774963,1735,0.6666,7.8389,5386.2344,5386.2344,6444.7773,5386.2344,21.6333,21.0000
2026-09-05T09:57:21.411775+00:00,6,0,1006,1000000,30,200,es_large,default,10,3,3.0,1510.8571,1512.5667,1527.8454,1537.4064,1492.9565,1537.4064,15.8744,2159.962666,2165,0.3333,15.1146,5386.2344,5386.2344,6444.7773,5386.2344,45.5533,45.0000
2026-09-05T09:58:49.937330+00:00,6,1,1006,1000000,30,200,server,default,202,3,3.0,4.0806,4.0586,4.3042,5.5919,3.6833,5.5919,0.2295,8.712871,176,0.0000,1.0050,12.0693,12.0820,12.0820,11.9805,,
2026-09-05T09:59:04.963916+00:00,6,1,1006,1000000,30,200,es_default,default,10,3,3.0,926.0452,930.1143,935.8246,954.8833,899.8225,954.8833,15.7923,1916.911817,1920,0.3333,9.2662,5399.7773,5399.7773,6444.7773,5399.7773,26.3633,26.0000
2026-09-05T09:59:28.461960+00:00,6,1,1006,1000000,30,200,es_large,default,10,3,3.0,1581.4755,1567.3874,1625.9652,1650.9117,1556.0700,1650.9117,31.0093,2260.727351,2266,0.3333,15.8208,5399.7773,5399.7773,6444.7773,5399.7773,47.8467,47.0000
2026-09-05T10:00:54.877490+00:00,6,2,1006,1000000,30,200,server,default,195,3,3.0,4.2501,4.2155,4.5375,5.4219,3.8531,5.4219,0.2397,6.564103,128,0.0000,1.0048,12.1779,12.2734,12.2734,12.0312,,
2026-09-05T10:01:10.321751+00:00,6,2,1006,1000000,30,200,es_default,default,10,3,3.0,954.0996,951.8653,970.1227,976.9125,935.6886,976.9125,13.7515,1736.000000,1736,0.0000,9.5470,5409.7930,5409.7930,6444.7773,5409.7930,27.2500,26.0000
2026-09-05T10:01:33.690827+00:00,6,2,1006,1000000,30,200,es_large,default,10,3,3.0,1571.0801,1567.5761,1598.4008,1612.1546,1548.5891,1612.1546,21.2300,2153.761801,2159,0.3333,15.7173,5409.7930,5409.7930,6444.7773,5409.7930,47.5900,47.0000
2026-09-05T10:03:00.819977+00:00,6,3,1006,1000000,30,200,server,default,201,3,3.0,4.0969,4.0483,4.3960,5.5899,3.6475,5.5899,0.2688,8.059701,162,0.0000,1.0033,12.2727,12.2773,12.2773,12.2188,,
2026-09-05T10:03:16.634263+00:00,6,3,1006,1000000,30,200,es_default,default,10,3,3.0,983.7848,981.3702,994.0926,1003.4493,971.3277,1003.4493,9.6119,1721.438862,1728,0.6666,9.8434,5410.7852,5410.7852,6444.7773,5410.7852,28.4333,28.0000
2026-09-05T10:03:40.609173+00:00,6,3,1006,1000000,30,200,es_large,default,10,3,3.0,1612.2535,1611.0059,1627.1455,1635.8489,1595.5375,1635.8489,12.0024,2199.624740,2205,0.3333,16.1285,5410.7877,5410.7930,6444.7773,5410.7852,48.9600,49.0000
2026-09-05T10:05:06.969820+00:00,6,4,1006,1000000,30,200,server,default,206,3,3.0,4.0005,3.9879,4.3346,5.5817,3.3828,5.5817,0.2991,9.077670,187,0.0000,1.0023,12.2742,12.2773,12.3438,12.2148,,
2026-09-05T10:05:26.242469+00:00,6,4,1006,1000000,30,200,es_default,default,10,3,3.0,1249.7726,1246.2675,1261.1857,1267.8243,1242.1323,1267.8243,8.1283,1649.832748,1654,0.3333,12.5039,5390.6289,5390.6289,6444.7773,5390.6289,37.2800,37.0000
2026-09-05T10:05:51.325505+00:00,6,4,1006,1000000,30,200,es_large,default,10,3,3.0,1700.5090,1700.5292,1707.5817,1722.2724,1686.0010,1722.2724,9.8753,2020.330419,2026,0.3333,17.0118,5390.6289,5390.6289,6444.7773,5390.6289,52.0600,52.0000
2026-09-05T10:07:18.145825+00:00,6,5,1006,1000000,30,200,server,default,211,3,3.0,3.9123,3.8640,4.1873,5.5406,3.5537,5.5406,0.2551,8.293839,175,0.0000,1.0009,12.4430,12.4844,12.6172,12.2930,,
2026-09-05T10:07:33.903855+00:00,6,5,1006,1000000,30,200,es_default,default,10,3,3.0,979.0211,977.9282,981.7432,988.3180,976.0944,988.3180,3.6402,1652.470450,1659,0.6665,9.7961,5404.1914,5404.1914,6444.7773,5404.1914,28.1733,28.0000
2026-09-05T10:07:57.736998+00:00,6,5,1006,1000000,30,200,es_large,default,10,3,3.0,1599.8979,1597.2329,1603.1786,1625.2316,1592.5449,1625.2316,9.2274,2104.665557,2110,0.3333,16.0061,5404.1914,5404.1914,6444.7773,5404.1914,48.4500,48.0000
2026-09-05T10:09:25.446721+00:00,6,6,1006,1000000,30,200,server,default,198,3,3.0,4.1522,4.1085,4.4107,5.1968,3.7399,5.1968,0.2201,9.494949,188,0.0000,1.0009,13.0016,13.0039,13.0039,12.9570,,
2026-09-05T10:09:44.480755+00:00,6,6,1006,1000000,30,200,es_default,default,10,3,3.0,1228.5191,1225.1700,1245.8579,1255.2693,1211.8557,1255.2693,14.0633,1682.903520,1687,0.3333,12.2915,5414.6739,5414.6797,6444.7773,5414.6797,36.5533,36.0000
2026-09-05T10:10:09.189006+00:00,6,6,1006,1000000,30,200,es_large,default,10,3,3.0,1665.6912,1663.5331,1679.5152,1686.8751,1640.2588,1686.8751,12.9371,2006.892844,2018,0.6665,16.6637,5414.6719,5414.6719,6444.7773,5414.6719,50.6800,51.0000
2026-09-05T10:11:36.417586+00:00,6,7,1006,1000000,30,200,server,default,197,3,3.0,4.1892,4.1369,4.5112,5.7883,3.7514,5.7883,0.2648,9.847716,194,0.0000,1.0013,13.0453,13.0469,13.0469,13.0156,,
2026-09-05T10:11:52.512483+00:00,6,7,1006,1000000,30,200,es_default,default,10,3,3.0,1009.3156,1007.3137,1021.6961,1030.6391,997.2169,1030.6391,9.7209,1824.634346,1828,0.3333,10.0988,5415.0078,5415.0078,6444.7773,5415.0078,29.1200,29.0000
2026-09-05T10:12:16.728518+00:00,6,7,1006,1000000,30,200,es_large,default,10,3,3.0,1632.8526,1624.8597,1664.4493,1675.8253,1610.7258,1675.8253,20.5656,2212.556236,2218,0.3333,16.3343,5415.0078,5415.0078,6444.7773,5415.0078,49.5067,49.0000
2026-09-05T10:13:46.444653+00:00,6,8,1006,1000000,30,200,server,default,199,3,3.0,4.1188,4.0775,4.3668,5.5433,3.7122,5.5433,0.2317,8.994975,179,0.0000,1.0015,13.0516,13.0547,13.0547,12.9922,,
2026-09-05T10:14:00.483232+00:00,6,8,1006,1000000,30,200,es_default,default,10,3,3.0,848.0130,845.3147,855.7615,886.3768,836.4091,886.3768,14.2893,1721.171626,1724,0.3333,8.4866,5425.3594,5425.3594,6444.7773,5425.3594,23.7133,23.0000
2026-09-05T10:14:23.478186+00:00,6,8,1006,1000000,30,200,es_large,default,10,3,3.0,1533.4602,1531.0259,1543.6298,1565.2421,1516.1703,1565.2421,13.2905,2178.000000,2178,0.0000,15.3415,5425.3594,5425.3594,6444.7773,5425.3594,46.2100,46.0000
2026-09-05T10:15:51.378262+00:00,6,9,1006,1000000,30,200,server,default,196,3,3.0,4.2101,4.1847,4.4451,5.3514,3.7105,5.3514,0.2317,9.642857,189,0.0000,1.0007,13.0621,13.0625,13.0625,13.0547,,
2026-09-05T10:16:05.657231+00:00,6,9,1006,1000000,30,200,es_default,default,10,3,3.0,865.0774,862.5414,868.8593,884.4921,861.4872,884.4921,7.0234,1680.000000,1680,0.0000,8.6562,5418.5859,5418.5859,6444.7773,5418.5859,24.2833,24.0000
2026-09-05T10:16:28.790448+00:00,6,9,1006,1000000,30,200,es_large,default,10,3,3.0,1547.0575,1543.8616,1556.4812,1566.0288,1535.5479,1566.0288,9.7038,2132.684244,2143,0.6665,15.4764,5418.5859,5418.5859,6444.7773,5418.5859,46.5633,46.0000
2026-09-05T10:17:56.147592+00:00,7,0,1007,1000000,30,200,server,default,222,3,3.0,3.6972,3.6179,4.2027,5.6868,3.0455,5.6868,0.4155,7.207207,160,0.0000,1.0030,11.5391,11.6250,11.6250,10.9961,,
2026-09-05T10:18:09.308509+00:00,7,0,1007,1000000,30,200,es_default,default,10,3,3.0,785.2194,779.3341,813.8183,814.7137,762.1409,814.7137,21.4264,1726.000000,1726,0.0000,7.8576,5386.2305,5386.2305,6444.7773,5386.2305,21.7533,21.0000
2026-09-05T10:18:31.994367+00:00,7,0,1007,1000000,30,200,es_large,default,10,3,3.0,1514.2716,1509.2368,1546.7939,1556.8297,1484.2435,1556.8297,23.1297,2194.902608,2205,0.6666,15.1487,5386.2305,5386.2305,6444.7773,5386.2305,45.5667,44.0000
2026-09-05T10:19:59.197691+00:00,7,1,1007,1000000,30,200,server,default,196,3,3.0,4.2109,4.1686,4.4547,5.8743,3.7324,5.8743,0.2509,9.744898,191,0.0000,1.0052,12.0953,12.0977,12.2422,12.0508,,
2026-09-05T10:20:13.888130+00:00,7,1,1007,1000000,30,200,es_default,default,10,3,3.0,898.6544,896.5436,913.9051,915.2607,887.1210,915.2607,9.4738,1815.003156,1818,0.3333,8.9922,5399.8633,5399.8633,6444.7773,5399.8633,25.5067,25.0000
2026-09-05T10:20:37.011273+00:00,7,1,1007,1000000,30,200,es_large,default,10,3,3.0,1546.8396,1548.7201,1550.8384,1557.1275,1534.9355,1557.1275,5.9646,2165.842698,2171,0.3333,15.4745,5399.8633,5399.8633,6444.7773,5399.8633,46.6967,47.0000
2026-09-05T10:22:03.213245+00:00,7,2,1007,1000000,30,200,server,default,202,3,3.0,4.0682,4.0327,4.3907,5.9161,3.5624,5.9161,0.3014,9.158416,185,0.0000,1.0026,12.1258,12.1289,12.7266,12.0664,,
2026-09-05T10:22:17.800357+00:00,7,2,1007,1000000,30,200,es_default,default,10,3,3.0,890.7142,886.5622,904.2532,905.4448,881.7600,905.4448,8.6006,1733.058926,1739,0.6666,8.9131,5410.3633,5410.3633,6444.7773,5410.3633,25.3233,25.0000
2026-09-05T10:22:40.878800+00:00,7,2,1007,1000000,30,200,es_large,default,10,3,3.0,1543.8162,1543.1755,1553.6251,1571.0092,1524.3692,1571.0092,12.1653,2140.000000,2140,0.0000,15.4445,5410.3633,5410.3633,6444.7773,5410.3633,46.5800,47.0000
2026-09-05T10:24:07.162206+00:00,7,3,1007,1000000,30,200,server,default,202,3,3.0,4.0831,4.0490,4.2828,5.5257,3.5397,5.5257,0.2412,8.811881,178,0.0000,1.0027,12.1676,12.1719,12.7266,12.0938,,
2026-09-05T10:24:22.312415+00:00,7,3,1007,1000000,30,200,es_default,default,10,3,3.0,933.4836,930.7814,935.9048,954.6960,929.0214,954.6960,7.5856,1696.887074,1700,0.3333,9.3404,5411.1680,5411.1680,6444.7773,5411.1680,26.5300,26.0000
2026-09-05T10:24:46.000601+00:00,7,3,1007,1000000,30,200,es_large,default,10,3,3.0,1591.2884,1591.1278,1596.2940,1612.8957,1582.3827,1612.8957,8.7700,2149.694529,2155,0.3333,15.9191,5411.1628,5411.1680,6444.7773,5411.1680,48.2567,48.0000
2026-09-05T10:26:12.524341+00:00,7,4,1007,1000000,30,200,server,default,202,3,3.0,4.0549,4.0205,4.3859,5.1124,3.6046,5.1124,0.2346,9.356436,189,0.0000,1.0007,12.1787,12.1953,12.7266,12.1562,,
2026-09-05T10:26:31.111625+00:00,7,4,1007,1000000,30,200,es_default,default,10,3,3.0,1197.6812,1200.4284,1207.0799,1208.9020,1172.0593,1208.9020,10.7341,1658.006312,1662,0.3333,11.9831,5391.0312,5391.0312,6444.7773,5391.0312,35.5133,35.0000
2026-09-05T10:26:55.508558+00:00,7,4,1007,1000000,30,200,es_large,default,10,3,3.0,1643.3739,1642.1146,1652.3543,1658.1637,1629.7445,1658.1637,8.2237,1964.520866,1970,0.3333,16.4403,5391.0312,5391.0312,6444.7773,5391.0312,49.9667,50.0000
2026-09-05T10:28:22.428490+00:00,7,5,1007,1000000,30,200,server,default,201,3,3.0,4.1006,4.0569,4.3555,5.1327,3.7683,5.1327,0.2257,8.109453,163,0.0000,1.0021,12.1752,12.2266,12.7266,12.1562,,
2026-09-05T10:28:38.932143+00:00,7,5,1007,1000000,30,200,es_default,default,10,3,3.0,1034.6412,1031.9209,1036.8171,1063.4286,1025.4909,1063.4286,10.3669,1656.549932,1660,0.3333,10.3519,5404.7175,5404.7227,6444.7773,5404.7148,30.1633,30.0000
2026-09-05T10:29:03.038490+00:00,7,5,1007,1000000,30,200,es_large,default,10,3,3.0,1624.1676,1620.4863,1640.2963,1643.9731,1615.5569,1643.9731,10.1125,2120.584981,2126,0.3333,16.2478,5404.7227,5404.7227,6444.7773,5404.7227,49.3433,49.0000
2026-09-05T10:30:30.447416+00:00,7,6,1007,1000000,30,200,server,default,207,3,3.0,3.9586,3.9198,4.3503,5.3910,3.4261,5.3910,0.3043,8.695652,180,0.0000,1.0010,12.1607,12.1641,12.7266,12.0977,,
2026-09-05T10:30:49.766045+00:00,7,6,1007,1000000,30,200,es_default,default,10,3,3.0,1254.8745,1255.4368,1269.1288,1271.5038,1237.1745,1271.5038,12.0335,1691.815698,1696,0.3333,12.5551,5414.9219,5414.9219,6444.7773,5414.9219,37.4833,37.0000
2026-09-05T10:31:14.577894+00:00,7,6,1007,1000000,30,200,es_large,default,10,3,3.0,1675.0947,1675.6187,1691.1234,1691.4636,1655.4593,1691.4636,11.8659,2030.415076,2036,0.3333,16.7577,5414.9219,5414.9219,6444.7773,5414.9219,50.8933,51.0000
2026-09-05T10:32:44.601823+00:00,7,7,1007,1000000,30,200,server,default,205,3,3.0,4.0106,3.9793,4.3010,5.0425,3.6305,5.0425,0.2190,8.975610,184,0.0000,1.0048,12.1613,12.1641,12.7266,12.1094,,
2026-09-05T10:32:59.911569+00:00,7,7,1007,1000000,30,200,es_default,default,10,3,3.0,945.4746,943.1319,947.7416,961.6262,942.4512,961.6262,5.8267,1762.847067,1766,0.3333,9.4604,5415.2812,5415.2812,6444.7773,5415.2812,27.1600,27.0000
2026-09-05T10:33:23.531201+00:00,7,7,1007,1000000,30,200,es_large,default,10,3,3.0,1584.8074,1583.0428,1588.2873,1604.7293,1576.9376,1604.7293,7.5402,2161.716235,2167,0.3333,15.8541,5415.2812,5415.2812,6444.7773,5415.2812,47.9233,48.0000
2026-09-05T10:34:49.920718+00:00,7,8,1007,1000000,30,200,server,default,205,3,3.0,4.0384,4.0034,4.2829,5.9141,3.3037,5.9141,0.3026,8.878049,182,0.0000,1.0035,12.1785,12.1836,12.7266,12.0977,,
2026-09-05T10:35:05.146910+00:00,7,8,1007,1000000,30,200,es_default,default,10,3,3.0,932.8032,935.0561,953.6457,975.3633,890.3094,975.3633,24.9545,1137.732422,1931,84.9855,9.3341,5476.9552,5576.7539,6444.7773,5528.3164,26.6633,26.0000
2026-09-05T10:35:28.630749+00:00,7,8,1007,1000000,30,200,es_large,default,10,3,3.0,1572.5648,1567.5003,1605.7478,1649.2368,1536.2557,1649.2368,32.8230,2153.513507,2164,0.6666,15.7324,5413.9648,5413.9648,6444.7773,5413.9648,47.6333,46.0000
2026-09-05T10:36:55.083049+00:00,7,9,1007,1000000,30,200,server,default,201,3,3.0,4.1016,4.0834,4.4080,5.2084,3.5719,5.2084,0.2642,9.651741,194,0.0000,1.0011,12.2744,12.3359,12.7266,12.2031,,
2026-09-05T10:37:09.815644+00:00,7,9,1007,1000000,30,200,es_default,default,10,3,3.0,901.5874,899.7150,911.2625,920.5751,892.2181,920.5751,9.3359,1671.993330,1675,0.3333,9.0215,5425.5000,5425.5000,6444.7773,5425.5000,25.5367,25.0000
2026-09-05T10:37:32.849328+00:00,7,9,1007,1000000,30,200,es_large,default,10,3,3.0,1539.6120,1537.6704,1555.1181,1556.9292,1527.7561,1556.9292,10.5510,2083.866786,2089,0.3333,15.4023,5425.5000,5425.5000,6444.7773,5425.5000,46.5133,47.0000
2026-09-05T10:38:59.956764+00:00,8,0,1008,1000000,30,200,server,default,200,3,3.0,4.1277,4.0596,4.5295,5.8058,3.6964,5.8058,0.3084,6.050000,121,0.0000,1.0031,11.7928,11.8867,11.8867,11.3008,,
2026-09-05T10:39:13.254720+00:00,8,0,1008,1000000,30,200,es_default,default,10,3,3.0,790.6856,788.6561,793.3222,816.3921,781.2112,816.3921,9.4238,1700.363040,1703,0.3333,7.9122,5386.3242,5386.3242,6444.7773,5386.3242,21.9233,21.0000
2026-09-05T10:39:35.449999+00:00,8,0,1008,1000000,30,200,es_large,default,10,3,3.0,1471.1786,1469.7876,1483.8883,1492.2426,1455.8427,1492.2426,10.2007,2103.094928,2108,0.3333,14.7177,5386.3242,5386.3242,6444.7773,5386.3242,44.4100,44.0000
2026-09-05T10:41:02.922332+00:00,8,1,1008,1000000,30,200,server,default,208,3,3.0,3.9720,3.8975,4.3231,5.5589,3.5115,5.5589,0.3144,8.605769,179,0.0000,1.0043,12.0277,12.0312,12.0312,11.9609,,
2026-09-05T10:41:17.626363+00:00,8,1,1008,1000000,30,200,es_default,default,10,3,3.0,898.3277,896.2010,909.9390,916.2112,886.6611,916.2112,9.1949,1830.004166,1833,0.3333,8.9891,5399.8477,5399.8477,6444.7773,5399.8477,25.5033,25.0000
2026-09-05T10:41:40.932403+00:00,8,1,1008,1000000,30,200,es_large,default,10,3,3.0,1559.6744,1558.7191,1564.3216,1583.5603,1544.6550,1583.5603,9.6290,2198.799979,2204,0.3333,15.6030,5399.8477,5399.8477,6444.7773,5399.8477,47.1467,47.0000
2026-09-05T10:43:08.820156+00:00,8,2,1008,1000000,30,200,server,default,200,3,3.0,4.0990,4.0733,4.3971,5.7197,3.4978,5.7197,0.2650,9.050000,181,0.0000,1.0020,12.0672,12.0703,12.0703,12.0078,,
2026-09-05T10:43:23.894370+00:00,8,2,1008,1000000,30,200,es_default,default,10,3,3.0,926.5946,930.0850,944.2057,944.2296,902.9262,944.2296,15.1442,1712.909718,1716,0.3333,9.2724,5409.8203,5409.8203,6444.7773,5409.8203,26.2667,25.0000
2026-09-05T10:43:47.617901+00:00,8,2,1008,1000000,30,200,es_large,default,10,3,3.0,1591.5253,1595.1328,1605.2736,1608.6798,1567.8757,1608.6798,14.0693,2148.693887,2154,0.3333,15.9218,5409.8263,5409.8281,6444.7773,5409.8203,48.3233,48.0000
2026-09-05T10:45:14.756599+00:00,8,3,1008,1000000,30,200,server,default,195,3,3.0,4.2169,4.1767,4.4660,5.8456,3.6382,5.8456,0.2482,9.076923,177,0.0000,1.0012,12.0285,12.0312,12.0312,11.9766,,
2026-09-05T10:45:29.614479+00:00,8,3,1008,1000000,30,200,es_default,default,10,3,3.0,913.3852,912.1851,922.6603,934.5205,892.9139,934.5205,11.7555,1691.954053,1695,0.3333,9.1394,5410.6992,5410.6992,6444.7773,5410.6992,25.9767,25.0000
2026-09-05T10:45:52.892070+00:00,8,3,1008,1000000,30,200,es_large,default,10,3,3.0,1558.5585,1556.9245,1568.4263,1570.1452,1547.8697,1570.1452,7.8919,2111.803666,2117,0.3333,15.5916,5410.6992,5410.6992,6444.7773,5410.6992,47.1133,47.0000
2026-09-05T10:47:20.898105+00:00,8,4,1008,1000000,30,200,server,default,195,3,3.0,4.2310,4.2118,4.4743,5.1612,3.7410,5.1612,0.2083,9.743590,190,0.0000,1.0011,12.0289,12.0312,12.0586,11.9844,,
2026-09-05T10:47:40.550337+00:00,8,4,1008,1000000,30,200,es_default,default,10,3,3.0,1278.5506,1275.0856,1285.9600,1317.5513,1264.0649,1317.5513,14.4399,1661.736851,1666,0.3333,12.7915,5390.8320,5390.8320,6444.7773,5390.8320,38.1733,38.0000
2026-09-05T10:48:05.129469+00:00,8,4,1008,1000000,30,200,es_large,default,10,3,3.0,1659.0533,1656.5449,1665.8211,1681.1976,1647.9032,1681.1976,9.3861,1947.468534,1953,0.3333,16.5972,5390.8320,5390.8320,6444.7773,5390.8320,50.5133,50.0000
2026-09-05T10:49:31.203400+00:00,8,5,1008,1000000,30,200,server,default,197,3,3.0,4.1694,4.1518,4.4273,5.2653,3.6447,5.2653,0.2347,9.543147,188,0.0000,1.0006,12.0289,12.0312,12.1328,11.9844,,
2026-09-05T10:49:48.065169+00:00,8,5,1008,1000000,30,200,es_default,default,10,3,3.0,1066.2716,1061.2693,1084.7286,1092.3124,1052.5882,1092.3124,14.0221,1718.444492,1722,0.3333,10.6684,5404.5664,5404.5664,6444.7773,5404.5742,31.0400,30.0000
2026-09-05T10:50:12.439712+00:00,8,5,1008,1000000,30,200,es_large,default,10,3,3.0,1644.8591,1638.6265,1672.7789,1678.0583,1616.8061,1678.0583,21.7833,2116.000000,2116,0.0000,16.4548,5404.5664,5404.5664,6444.7773,5404.5664,49.9367,49.0000
2026-09-05T10:51:41.141142+00:00,8,6,1008,1000000,30,200,server,default,209,3,3.0,3.9196,3.9613,4.2656,5.4130,3.2012,5.4130,0.2915,8.181818,171,0.0000,1.0029,12.0322,12.0352,12.1328,11.9766,,
2026-09-05T10:51:55.846591+00:00,8,6,1008,1000000,30,200,es_default,default,10,3,3.0,900.6618,899.9851,916.6173,919.4200,878.9837,919.4200,13.2865,1721.996316,1725,0.3333,9.0127,5414.7227,5414.7227,6444.7773,5414.7227,25.5300,25.0000
2026-09-05T10:52:19.096078+00:00,8,6,1008,1000000,30,200,es_large,default,10,3,3.0,1544.3968,1526.6225,1564.6223,1685.9168,1514.0539,1685.9168,50.9695,2145.000000,2145,0.0000,15.4504,5414.7227,5414.7227,6444.7773,5414.7227,46.8033,46.0000
2026-09-05T10:53:45.168345+00:00,8,7,1008,1000000,30,200,server,default,209,3,3.0,3.9093,3.8572,4.2396,5.9203,3.3527,5.9203,0.3058,7.607656,159,0.0000,1.0010,12.0357,12.0391,12.1328,11.9727,,
2026-09-05T10:54:01.620571+00:00,8,7,1008,1000000,30,200,es_default,default,10,3,3.0,1033.3700,1032.0143,1039.0192,1049.7240,1025.0053,1049.7240,6.9342,1700.554166,1704,0.3333,10.3392,5414.9102,5414.9102,6444.7773,5414.9102,30.0533,30.0000
2026-09-05T10:54:25.844619+00:00,8,7,1008,1000000,30,200,es_large,default,10,3,3.0,1632.4412,1630.5402,1638.2989,1652.4510,1621.2486,1652.4510,8.2631,2116.557499,2122,0.3333,16.3304,5414.9102,5414.9102,6444.7773,5414.9102,49.6800,49.0000
2026-09-05T10:55:52.118136+00:00,8,8,1008,1000000,30,200,server,default,203,3,3.0,4.0385,3.9944,4.4143,6.2725,3.5803,6.2725,0.3137,8.965517,182,0.0000,1.0019,12.0395,12.0430,12.1328,11.9727,,
2026-09-05T10:56:07.753330+00:00,8,8,1008,1000000,30,200,es_default,default,10,3,3.0,971.3607,968.4943,975.1469,995.4321,965.6002,995.4321,8.7499,1691.521236,1698,0.6666,9.7197,5425.1172,5425.1172,6444.7773,5425.1172,28.0333,28.0000
2026-09-05T10:56:31.004433+00:00,8,8,1008,1000000,30,200,es_large,default,10,3,3.0,1558.4183,1556.2563,1564.5915,1576.0691,1549.0216,1576.0691,7.3930,2069.607740,2080,0.6666,15.5910,5425.1172,5425.1172,6444.7773,5425.1172,47.3133,47.0000
2026-09-05T10:57:57.353974+00:00,8,9,1008,1000000,30,200,server,default,207,3,3.0,3.9579,3.9186,4.2511,5.6603,3.4779,5.6603,0.2952,6.135266,127,0.0000,1.0007,12.0705,12.1953,12.1953,12.1406,,
2026-09-05T10:58:12.699732+00:00,8,9,1008,1000000,30,200,es_default,default,10,3,3.0,970.7718,998.6351,1008.7872,1023.2757,852.6766,1023.2757,54.9770,1888.525626,1895,0.6666,9.7132,5419.1562,5419.1562,6444.7773,5419.1562,27.9300,25.0000
2026-09-05T10:58:36.661203+00:00,8,9,1008,1000000,30,200,es_large,default,10,3,3.0,1619.9484,1622.5414,1661.7298,1692.2492,1547.2280,1692.2492,43.2053,2302.599104,2308,0.3333,16.2055,5419.1562,5419.1562,6444.7773,5419.1562,49.2900,50.0000
2026-09-05T11:00:02.635161+00:00,9,0,1009,1000000,30,200,server,default,207,3,3.0,3.9624,3.9185,4.2022,5.1561,3.5438,5.1561,0.2450,5.893720,122,0.0000,1.0019,11.6746,11.7656,11.7656,11.0977,,
2026-09-05T11:00:15.762814+00:00,9,0,1009,1000000,30,200,es_default,default,10,3,3.0,777.0163,774.7825,780.3354,794.2394,773.3276,794.2394,6.2446,1649.408513,1652,0.3333,7.7758,5386.5703,5386.5703,6444.7773,5386.5703,21.3167,21.0000
2026-09-05T11:00:38.176627+00:00,9,0,1009,1000000,30,200,es_large,default,10,3,3.0,1494.6050,1492.4093,1502.9809,1512.2739,1486.7363,1512.2739,7.8230,2108.016815,2113,0.3333,14.9520,5386.5703,5386.5703,6444.7773,5386.5703,45.2233,45.0000
2026-09-05T11:02:04.576717+00:00,9,1,1009,1000000,30,200,server,default,210,3,3.0,3.9167,3.8667,4.1631,6.2334,3.4338,6.2334,0.3183,7.619048,160,0.0000,1.0021,12.0154,12.0195,12.0195,11.9375,,
2026-09-05T11:02:19.036455+00:00,9,1,1009,1000000,30,200,es_default,default,10,3,3.0,881.3356,878.8497,886.9652,902.9041,875.7258,902.9041,8.1090,1743.121502,1749,0.6666,8.8193,5400.0820,5400.0820,6444.7773,5400.0820,25.0233,25.0000
2026-09-05T11:02:42.174840+00:00,9,1,1009,1000000,30,200,es_large,default,10,3,3.0,1548.3045,1547.5235,1552.3605,1572.9839,1538.8042,1572.9839,9.5892,2150.675725,2161,0.6666,15.4891,5400.0820,5400.0820,6444.7773,5400.0820,46.7900,47.0000
2026-09-05T11:04:08.565565+00:00,9,2,1009,1000000,30,200,server,default,204,3,3.0,4.0335,4.0513,4.4347,5.9556,3.4107,5.9556,0.3529,9.117647,186,0.0000,1.0006,12.0484,12.0508,12.0508,12.0039,,
2026-09-05T11:04:23.565325+00:00,9,2,1009,1000000,30,200,es_default,default,10,3,3.0,925.1896,922.2881,932.9829,956.3733,912.2234,956.3733,12.4785,1756.000000,1756,0.0000,9.2578,5410.1211,5410.1211,6444.7773,5410.1133,26.3367,25.0000
2026-09-05T11:04:47.230550+00:00,9,2,1009,1000000,30,200,es_large,default,10,3,3.0,1585.9457,1585.3980,1597.7340,1600.6430,1567.7960,1600.6430,10.9002,2171.712259,2177,0.3333,15.8659,5410.1153,5410.1211,6444.7773,5410.1211,48.0533,47.0000
2026-09-05T11:06:18.093267+00:00,9,3,1009,1000000,30,200,server,default,199,3,3.0,4.1588,4.1413,4.5078,5.3369,3.6174,5.3369,0.2838,9.648241,192,0.0000,1.0042,12.0953,12.0977,12.1836,12.0508,,
2026-09-05T11:06:34.133493+00:00,9,3,1009,1000000,30,200,es_default,default,10,3,3.0,1003.6832,1003.9000,1012.2423,1016.8220,991.8674,1016.8220,8.5262,1751.000000,1751,0.0000,10.0423,5411.2891,5411.2891,6444.7773,5411.2891,29.0133,29.0000
2026-09-05T11:06:58.090105+00:00,9,3,1009,1000000,30,200,es_large,default,10,3,3.0,1608.5232,1607.4530,1620.7107,1633.5232,1594.8057,1633.5232,11.7861,2165.637304,2171,0.3333,16.0909,5411.2891,5411.2891,6444.7773,5411.2891,48.8867,48.0000
2026-09-05T11:08:24.187248+00:00,9,4,1009,1000000,30,200,server,default,195,3,3.0,4.2289,4.2146,4.4239,5.3679,3.7118,5.3679,0.2067,9.846154,192,0.0000,1.0029,12.1512,12.1602,12.1836,12.0977,,
2026-09-05T11:08:42.995511+00:00,9,4,1009,1000000,30,200,es_default,default,10,3,3.0,1216.7526,1212.9677,1230.3874,1237.1972,1208.3623,1237.1972,9.1166,1678.000000,1678,0.0000,12.1737,5391.1611,5391.1641,6444.7773,5391.1562,36.1300,36.0000
2026-09-05T11:09:08.027454+00:00,9,4,1009,1000000,30,200,es_large,default,10,3,3.0,1694.1595,1694.3183,1706.0496,1714.3183,1669.1468,1714.3183,12.0131,1986.351611,1992,0.3333,16.9481,5391.1641,5391.1641,6444.7773,5391.1641,51.8133,52.0000
2026-09-05T11:10:34.094726+00:00,9,5,1009,1000000,30,200,server,default,210,3,3.0,3.9057,3.8745,4.3848,5.2627,3.2776,5.2627,0.3795,8.571429,180,0.0000,1.0005,12.1582,12.1602,12.1836,12.1211,,
2026-09-05T11:10:49.875666+00:00,9,5,1009,1000000,30,200,es_default,default,10,3,3.0,981.0997,980.1519,983.1842,989.7815,977.2475,989.7815,3.3620,1653.728413,1657,0.3333,9.8164,5402.3750,5402.3750,6444.7773,5402.3750,28.2300,28.0000
2026-09-05T11:11:13.662175+00:00,9,5,1009,1000000,30,200,es_large,default,10,3,3.0,1597.2511,1595.7855,1603.1866,1616.2004,1587.5698,1616.2004,7.7496,2087.674737,2093,0.3333,15.9785,5402.3750,5402.3750,6444.7773,5402.3750,48.5033,48.0000
2026-09-05T11:12:40.156309+00:00,9,6,1009,1000000,30,200,server,default,197,3,3.0,4.1643,4.1403,4.4160,5.9251,3.7027,5.9251,0.2395,9.441624,186,0.0000,1.0004,12.1723,12.1758,12.1836,12.1055,,
2026-09-05T11:12:58.435083+00:00,9,6,1009,1000000,30,200,es_default,default,10,3,3.0,1174.8072,1171.0886,1188.1232,1196.0328,1165.9837,1196.0328,9.6271,1682.082513,1686,0.3333,11.7544,5406.0820,5406.0820,6444.7773,5406.0820,34.6667,35.0000
2026-09-05T11:13:23.298611+00:00,9,6,1009,1000000,30,200,es_large,default,10,3,3.0,1681.2695,1680.7990,1683.2078,1695.4051,1674.7127,1695.4051,5.5334,2025.000000,2025,0.0000,16.8196,5406.0820,5406.0820,6444.7773,5406.0820,51.2867,51.0000
2026-09-05T11:14:50.114305+00:00,9,7,1009,1000000,30,200,server,default,201,3,3.0,4.1160,4.0772,4.4106,5.5678,3.6103,5.5678,0.2616,9.452736,190,0.0000,1.0031,12.2609,12.3047,12.3047,12.1289,,
2026-09-05T11:15:05.340211+00:00,9,7,1009,1000000,30,200,es_default,default,10,3,3.0,941.3750,937.9645,951.1162,968.2266,934.1395,968.2266,10.2831,1835.860739,1839,0.3333,9.4194,5417.1328,5417.1328,6444.7773,5417.1328,27.0167,27.0000
2026-09-05T11:15:28.983490+00:00,9,7,1009,1000000,30,200,es_large,default,10,3,3.0,1587.2256,1585.7713,1590.8733,1609.8561,1579.0223,1609.8561,8.5044,2157.708164,2163,0.3333,15.8783,5417.1328,5417.1328,6444.7773,5417.1328,48.2067,48.0000
2026-09-05T11:16:55.102834+00:00,9,8,1009,1000000,30,200,server,default,204,3,3.0,4.0135,3.9933,4.2678,5.7402,3.5680,5.7402,0.2482,9.068627,185,0.0000,1.0004,12.8566,12.8594,12.8594,12.8164,,
2026-09-05T11:17:09.672322+00:00,9,8,1009,1000000,30,200,es_default,default,10,3,3.0,888.5603,887.8838,896.5751,910.3226,875.3277,910.3226,9.9411,1688.000000,1688,0.0000,8.8920,5416.2070,5416.2070,6444.7773,5416.2070,25.2633,25.0000
2026-09-05T11:17:33.114304+00:00,9,8,1009,1000000,30,200,es_large,default,10,3,3.0,1571.0954,1568.7398,1581.9456,1587.9119,1562.1116,1587.9119,7.9076,2118.284565,2134,0.9998,15.7180,5416.2070,5416.2070,6444.7773,5416.2070,47.6100,47.0000
2026-09-05T11:18:58.064623+00:00,9,9,1009,1000000,30,200,server,default,205,3,3.0,4.0066,3.9684,4.2392,6.1159,3.5868,6.1159,0.2977,8.536585,175,0.0000,1.0027,12.9070,12.9102,12.9102,12.8477,,
2026-09-05T11:19:12.781015+00:00,9,9,1009,1000000,30,200,es_default,default,10,3,3.0,899.6265,898.7596,903.4628,904.2000,895.9453,904.2000,2.9808,1667.999791,1674,0.6666,9.0018,5427.2969,5427.2969,6444.7773,5427.2969,25.4800,25.0000
2026-09-05T11:19:36.241375+00:00,9,9,1009,1000000,30,200,es_large,default,10,3,3.0,1572.6382,1570.8046,1577.8477,1589.9096,1565.4098,1589.9096,7.1495,2127.756784,2133,0.3333,15.7324,5427.2964,5427.2969,6444.7773,5427.2969,47.6333,47.0000
