timestamp_utc,run_id,epoch,seed,rows_ingested,emulator_rows,padding_rows,backend,query_shape,es_large_compression,cache_mode,repeat_count,mean_elapsed_ms,median_elapsed_ms,p90_elapsed_ms,p100_elapsed_ms,min_elapsed_ms,max_elapsed_ms,std_elapsed_ms,mean_es_took_ms,median_es_took_ms,json_path
2026-05-27T21:46:33.608154+00:00,1,1,1001,1000000,0,1000000,server,p50,1000,na,10,3.3058,3.1175,3.4001,5.1613,2.9993,5.1613,0.6555,,,data/multi_run_epoch_query_breakdown_raw/run01_epoch01.json
2026-05-27T21:46:33.608412+00:00,1,1,1001,1000000,0,1000000,es_default,p50,1000,es_cache_disabled,10,686.3189,683.0223,713.7395,722.7453,660.2200,722.7453,21.0436,18.8400,18.0000,data/multi_run_epoch_query_breakdown_raw/run01_epoch01.json
2026-05-27T21:46:33.608505+00:00,1,1,1001,1000000,0,1000000,es_large,p50,1000,es_cache_disabled,10,1542.9249,1541.1063,1557.2412,1557.9831,1526.4086,1557.9831,11.8799,47.0700,47.0000,data/multi_run_epoch_query_breakdown_raw/run01_epoch01.json
2026-05-27T21:46:33.608574+00:00,1,1,1001,1000000,0,1000000,server,p90,1000,na,10,3.3943,3.1784,3.4386,5.3770,3.1075,5.3770,0.6975,,,data/multi_run_epoch_query_breakdown_raw/run01_epoch01.json
2026-05-27T21:46:33.608636+00:00,1,1,1001,1000000,0,1000000,es_default,p90,1000,es_cache_disabled,10,703.6919,707.9514,728.8220,738.3964,668.4400,738.3964,24.5753,19.2067,18.0000,data/multi_run_epoch_query_breakdown_raw/run01_epoch01.json
2026-05-27T21:46:33.608698+00:00,1,1,1001,1000000,0,1000000,es_large,p90,1000,es_cache_disabled,10,1591.0250,1595.2609,1642.3811,1644.6225,1529.1022,1644.6225,47.7622,48.5100,48.0000,data/multi_run_epoch_query_breakdown_raw/run01_epoch01.json
2026-05-27T21:46:33.608756+00:00,1,1,1001,1000000,0,1000000,server,p100,1000,na,10,3.4149,3.2305,3.4937,5.3561,3.0977,5.3561,0.6860,,,data/multi_run_epoch_query_breakdown_raw/run01_epoch01.json
2026-05-27T21:46:33.608810+00:00,1,1,1001,1000000,0,1000000,es_default,p100,1000,es_cache_disabled,10,686.0269,682.2863,699.4341,713.7169,666.5838,713.7169,12.8854,18.8533,18.0000,data/multi_run_epoch_query_breakdown_raw/run01_epoch01.json
2026-05-27T21:46:33.608868+00:00,1,1,1001,1000000,0,1000000,es_large,p100,1000,es_cache_disabled,10,1537.9627,1539.6411,1544.5208,1546.8704,1528.6042,1546.8704,6.4305,46.8233,46.0000,data/multi_run_epoch_query_breakdown_raw/run01_epoch01.json
2026-05-27T21:46:33.608925+00:00,1,1,1001,1000000,0,1000000,server,all_quantile,1000,na,10,3.7910,3.5706,3.8851,5.7407,3.5146,5.7407,0.6869,,,data/multi_run_epoch_query_breakdown_raw/run01_epoch01.json
2026-05-27T21:46:33.608979+00:00,1,1,1001,1000000,0,1000000,es_default,all_quantile,1000,es_cache_disabled,10,670.5786,671.7549,676.8239,677.9493,660.5208,677.9493,6.2100,18.1267,18.0000,data/multi_run_epoch_query_breakdown_raw/run01_epoch01.json
2026-05-27T21:46:33.609041+00:00,1,1,1001,1000000,0,1000000,es_large,all_quantile,1000,es_cache_disabled,10,1625.8403,1625.7394,1630.5418,1631.0509,1620.1376,1631.0509,3.5469,49.6767,49.0000,data/multi_run_epoch_query_breakdown_raw/run01_epoch01.json
2026-05-27T21:46:33.609100+00:00,1,1,1001,1000000,0,1000000,server,sum,1000,na,10,3.2014,2.9403,3.4055,4.8686,2.8980,4.8686,0.6013,,,data/multi_run_epoch_query_breakdown_raw/run01_epoch01.json
2026-05-27T21:46:33.609154+00:00,1,1,1001,1000000,0,1000000,es_default,sum,1000,es_cache_disabled,10,234.9633,232.9669,240.4069,242.1398,231.6954,242.1398,3.9667,4.0633,4.0000,data/multi_run_epoch_query_breakdown_raw/run01_epoch01.json
2026-05-27T21:46:33.609209+00:00,1,1,1001,1000000,0,1000000,es_large,sum,1000,es_cache_disabled,10,233.0689,231.8275,236.6590,241.1442,230.1354,241.1442,3.2577,4.0533,4.0000,data/multi_run_epoch_query_breakdown_raw/run01_epoch01.json
2026-05-27T21:46:33.609263+00:00,1,1,1001,1000000,0,1000000,server,all_in,1000,na,10,3.8459,3.6813,4.1108,4.9685,3.5442,4.9685,0.4207,,,data/multi_run_epoch_query_breakdown_raw/run01_epoch01.json
2026-05-27T21:46:33.609316+00:00,1,1,1001,1000000,0,1000000,es_default,all_in,1000,es_cache_disabled,10,758.2300,755.9074,768.4526,770.0042,751.4646,770.0042,6.2300,21.1100,21.0000,data/multi_run_epoch_query_breakdown_raw/run01_epoch01.json
2026-05-27T21:46:33.609372+00:00,1,1,1001,1000000,0,1000000,es_large,all_in,1000,es_cache_disabled,10,1633.4152,1622.4977,1669.6091,1680.0775,1619.7292,1680.0775,22.0215,49.8867,50.0000,data/multi_run_epoch_query_breakdown_raw/run01_epoch01.json
2026-05-27T21:50:10.034433+00:00,1,2,1001,1000000,0,1000000,server,p50,1000,na,10,3.2531,3.0378,3.3253,5.1482,2.9915,5.1482,0.6670,,,data/multi_run_epoch_query_breakdown_raw/run01_epoch02.json
2026-05-27T21:50:10.034854+00:00,1,2,1001,1000000,0,1000000,es_default,p50,1000,es_cache_disabled,10,793.8050,791.4584,805.1081,824.0727,780.4108,824.0727,12.8501,22.2733,22.0000,data/multi_run_epoch_query_breakdown_raw/run01_epoch02.json
2026-05-27T21:50:10.034938+00:00,1,2,1001,1000000,0,1000000,es_large,p50,1000,es_cache_disabled,10,1641.3313,1599.3867,1702.7582,1776.0328,1592.1794,1776.0328,63.8741,49.5933,49.0000,data/multi_run_epoch_query_breakdown_raw/run01_epoch02.json
2026-05-27T21:50:10.035005+00:00,1,2,1001,1000000,0,1000000,server,p90,1000,na,10,3.3968,3.1790,3.4531,5.3863,3.1119,5.3863,0.7005,,,data/multi_run_epoch_query_breakdown_raw/run01_epoch02.json
2026-05-27T21:50:10.035068+00:00,1,2,1001,1000000,0,1000000,es_default,p90,1000,es_cache_disabled,10,784.2723,785.4790,797.8757,799.7608,768.7434,799.7608,9.9164,21.9067,21.0000,data/multi_run_epoch_query_breakdown_raw/run01_epoch02.json
2026-05-27T21:50:10.035146+00:00,1,2,1001,1000000,0,1000000,es_large,p90,1000,es_cache_disabled,10,1595.7998,1595.1048,1602.9366,1603.3041,1588.3337,1603.3041,5.3105,48.6767,48.0000,data/multi_run_epoch_query_breakdown_raw/run01_epoch02.json
2026-05-27T21:50:10.035210+00:00,1,2,1001,1000000,0,1000000,server,p100,1000,na,10,3.4424,3.2425,3.4870,5.4131,3.1267,5.4131,0.6940,,,data/multi_run_epoch_query_breakdown_raw/run01_epoch02.json
2026-05-27T21:50:10.035270+00:00,1,2,1001,1000000,0,1000000,es_default,p100,1000,es_cache_disabled,10,780.4354,779.4589,788.4594,793.1853,769.4608,793.1853,6.7641,21.8200,21.0000,data/multi_run_epoch_query_breakdown_raw/run01_epoch02.json
2026-05-27T21:50:10.035329+00:00,1,2,1001,1000000,0,1000000,es_large,p100,1000,es_cache_disabled,10,1588.8394,1590.5223,1592.2602,1593.2676,1580.9216,1593.2676,4.0346,48.5233,48.0000,data/multi_run_epoch_query_breakdown_raw/run01_epoch02.json
2026-05-27T21:50:10.035403+00:00,1,2,1001,1000000,0,1000000,server,all_quantile,1000,na,10,3.8385,3.6022,4.2595,5.6856,3.4766,5.6856,0.6735,,,data/multi_run_epoch_query_breakdown_raw/run01_epoch02.json
2026-05-27T21:50:10.035458+00:00,1,2,1001,1000000,0,1000000,es_default,all_quantile,1000,es_cache_disabled,10,785.8064,787.9849,795.2375,796.7159,770.0617,796.7159,9.0579,21.9433,21.5000,data/multi_run_epoch_query_breakdown_raw/run01_epoch02.json
2026-05-27T21:50:10.035522+00:00,1,2,1001,1000000,0,1000000,es_large,all_quantile,1000,es_cache_disabled,10,1602.3733,1594.2516,1606.8786,1680.7168,1588.2689,1680.7168,27.7324,48.8600,48.0000,data/multi_run_epoch_query_breakdown_raw/run01_epoch02.json
2026-05-27T21:50:10.035579+00:00,1,2,1001,1000000,0,1000000,server,sum,1000,na,10,3.3107,2.9408,4.4418,5.0764,2.8721,5.0764,0.7677,,,data/multi_run_epoch_query_breakdown_raw/run01_epoch02.json
2026-05-27T21:50:10.035632+00:00,1,2,1001,1000000,0,1000000,es_default,sum,1000,es_cache_disabled,10,250.9367,250.5693,252.6663,253.8172,249.0489,253.8172,1.4449,4.1133,4.0000,data/multi_run_epoch_query_breakdown_raw/run01_epoch02.json
2026-05-27T21:50:10.035683+00:00,1,2,1001,1000000,0,1000000,es_large,sum,1000,es_cache_disabled,10,251.2109,251.9497,253.2136,253.6969,248.0911,253.6969,2.2113,4.1167,4.0000,data/multi_run_epoch_query_breakdown_raw/run01_epoch02.json
2026-05-27T21:50:10.035732+00:00,1,2,1001,1000000,0,1000000,server,all_in,1000,na,10,4.3235,3.6981,5.0423,8.7977,3.5571,8.7977,1.6074,,,data/multi_run_epoch_query_breakdown_raw/run01_epoch02.json
2026-05-27T21:50:10.035783+00:00,1,2,1001,1000000,0,1000000,es_default,all_in,1000,es_cache_disabled,10,900.8188,895.6771,927.1690,930.1909,881.2281,930.1909,16.5455,25.6900,25.0000,data/multi_run_epoch_query_breakdown_raw/run01_epoch02.json
2026-05-27T21:50:10.035835+00:00,1,2,1001,1000000,0,1000000,es_large,all_in,1000,es_cache_disabled,10,1705.5921,1706.5270,1715.7092,1723.7149,1694.0243,1723.7149,9.9690,52.3833,52.0000,data/multi_run_epoch_query_breakdown_raw/run01_epoch02.json
2026-05-27T21:54:30.043065+00:00,1,3,1001,1000000,0,1000000,server,p50,1000,na,10,3.2399,3.0836,3.3905,5.0964,2.8093,5.0964,0.6644,,,data/multi_run_epoch_query_breakdown_raw/run01_epoch03.json
2026-05-27T21:54:30.043426+00:00,1,3,1001,1000000,0,1000000,es_default,p50,1000,es_cache_disabled,10,822.6512,810.3905,858.3258,890.9457,788.3404,890.9457,33.7596,23.1133,22.0000,data/multi_run_epoch_query_breakdown_raw/run01_epoch03.json
2026-05-27T21:54:30.043501+00:00,1,3,1001,1000000,0,1000000,es_large,p50,1000,es_cache_disabled,10,1669.2176,1615.8972,1754.1318,2151.6135,1527.8951,2151.6135,181.7357,51.2633,50.0000,data/multi_run_epoch_query_breakdown_raw/run01_epoch03.json
2026-05-27T21:54:30.043561+00:00,1,3,1001,1000000,0,1000000,server,p90,1000,na,10,3.3854,3.1729,3.4877,5.2711,3.0801,5.2711,0.6671,,,data/multi_run_epoch_query_breakdown_raw/run01_epoch03.json
2026-05-27T21:54:30.043617+00:00,1,3,1001,1000000,0,1000000,es_default,p90,1000,es_cache_disabled,10,1431.9718,1428.3695,1438.9813,1455.4918,1424.1252,1455.4918,9.1996,43.4233,43.0000,data/multi_run_epoch_query_breakdown_raw/run01_epoch03.json
2026-05-27T21:54:30.043677+00:00,1,3,1001,1000000,0,1000000,es_large,p90,1000,es_cache_disabled,10,1998.5008,1975.4025,2004.0277,2209.8118,1970.3255,2209.8118,74.3506,61.3067,61.0000,data/multi_run_epoch_query_breakdown_raw/run01_epoch03.json
2026-05-27T21:54:30.043733+00:00,1,3,1001,1000000,0,1000000,server,p100,1000,na,10,3.5360,3.2296,4.3068,5.4236,3.1694,5.4236,0.7298,,,data/multi_run_epoch_query_breakdown_raw/run01_epoch03.json
2026-05-27T21:54:30.043788+00:00,1,3,1001,1000000,0,1000000,es_default,p100,1000,es_cache_disabled,10,1427.6080,1426.4685,1432.6348,1436.9134,1423.8564,1436.9134,4.0158,43.2967,43.0000,data/multi_run_epoch_query_breakdown_raw/run01_epoch03.json
2026-05-27T21:54:30.043840+00:00,1,3,1001,1000000,0,1000000,es_large,p100,1000,es_cache_disabled,10,1987.7513,1975.8163,2010.9038,2050.4568,1972.0605,2050.4568,25.0790,61.7167,61.0000,data/multi_run_epoch_query_breakdown_raw/run01_epoch03.json
2026-05-27T21:54:30.043893+00:00,1,3,1001,1000000,0,1000000,server,all_quantile,1000,na,10,3.8213,3.4745,4.1848,6.3818,3.3618,6.3818,0.9160,,,data/multi_run_epoch_query_breakdown_raw/run01_epoch03.json
2026-05-27T21:54:30.043946+00:00,1,3,1001,1000000,0,1000000,es_default,all_quantile,1000,es_cache_disabled,10,1427.8028,1428.1577,1430.3123,1431.2292,1425.0997,1431.2292,1.9931,43.2833,43.0000,data/multi_run_epoch_query_breakdown_raw/run01_epoch03.json
2026-05-27T21:54:30.044001+00:00,1,3,1001,1000000,0,1000000,es_large,all_quantile,1000,es_cache_disabled,10,1973.7522,1973.0060,1976.2819,1982.2355,1968.9245,1982.2355,3.5256,61.2533,61.0000,data/multi_run_epoch_query_breakdown_raw/run01_epoch03.json
2026-05-27T21:54:30.044055+00:00,1,3,1001,1000000,0,1000000,server,sum,1000,na,10,3.1255,2.9109,3.1964,5.0258,2.8378,5.0258,0.6691,,,data/multi_run_epoch_query_breakdown_raw/run01_epoch03.json
2026-05-27T21:54:30.044105+00:00,1,3,1001,1000000,0,1000000,es_default,sum,1000,es_cache_disabled,10,379.5185,379.2158,380.3768,382.5208,378.2613,382.5208,1.1947,8.4367,8.0000,data/multi_run_epoch_query_breakdown_raw/run01_epoch03.json
2026-05-27T21:54:30.044157+00:00,1,3,1001,1000000,0,1000000,es_large,sum,1000,es_cache_disabled,10,379.0525,379.0607,380.0488,380.8173,377.4154,380.8173,1.0090,8.4267,8.0000,data/multi_run_epoch_query_breakdown_raw/run01_epoch03.json
2026-05-27T21:54:30.044208+00:00,1,3,1001,1000000,0,1000000,server,all_in,1000,na,10,3.9436,3.7374,4.3000,5.7054,3.6134,5.7054,0.6373,,,data/multi_run_epoch_query_breakdown_raw/run01_epoch03.json
2026-05-27T21:54:30.044261+00:00,1,3,1001,1000000,0,1000000,es_default,all_in,1000,es_cache_disabled,10,1647.8088,1648.0938,1650.4291,1653.5260,1642.0010,1653.5260,3.2541,50.5767,50.0000,data/multi_run_epoch_query_breakdown_raw/run01_epoch03.json
2026-05-27T21:54:30.044317+00:00,1,3,1001,1000000,0,1000000,es_large,all_in,1000,es_cache_disabled,10,2176.7508,2187.8358,2194.0459,2198.4823,2092.7183,2198.4823,32.0131,67.9167,68.0000,data/multi_run_epoch_query_breakdown_raw/run01_epoch03.json
2026-05-27T21:58:02.318051+00:00,1,4,1001,1000000,0,1000000,server,p50,1000,na,10,3.1586,2.9449,3.3175,5.1744,2.7324,5.1744,0.7167,,,data/multi_run_epoch_query_breakdown_raw/run01_epoch04.json
2026-05-27T21:58:02.318359+00:00,1,4,1001,1000000,0,1000000,es_default,p50,1000,es_cache_disabled,10,756.5506,753.6067,761.6974,784.7501,747.5768,784.7501,10.4850,21.0667,21.0000,data/multi_run_epoch_query_breakdown_raw/run01_epoch04.json
2026-05-27T21:58:02.318432+00:00,1,4,1001,1000000,0,1000000,es_large,p50,1000,es_cache_disabled,10,1574.9094,1574.2444,1577.6245,1581.3362,1570.6126,1581.3362,3.2813,48.0200,48.0000,data/multi_run_epoch_query_breakdown_raw/run01_epoch04.json
2026-05-27T21:58:02.318494+00:00,1,4,1001,1000000,0,1000000,server,p90,1000,na,10,3.3892,3.1687,3.4665,5.3754,3.1009,5.3754,0.6994,,,data/multi_run_epoch_query_breakdown_raw/run01_epoch04.json
2026-05-27T21:58:02.318549+00:00,1,4,1001,1000000,0,1000000,es_default,p90,1000,es_cache_disabled,10,753.8609,754.5344,757.6470,758.0796,748.0780,758.0796,3.6043,20.8967,20.0000,data/multi_run_epoch_query_breakdown_raw/run01_epoch04.json
2026-05-27T21:58:02.318603+00:00,1,4,1001,1000000,0,1000000,es_large,p90,1000,es_cache_disabled,10,1584.3263,1583.8646,1588.8567,1591.1625,1578.1659,1591.1625,4.2010,48.3633,48.0000,data/multi_run_epoch_query_breakdown_raw/run01_epoch04.json
2026-05-27T21:58:02.318654+00:00,1,4,1001,1000000,0,1000000,server,p100,1000,na,10,3.4480,3.2220,3.7421,5.3739,3.0717,5.3739,0.6896,,,data/multi_run_epoch_query_breakdown_raw/run01_epoch04.json
2026-05-27T21:58:02.318704+00:00,1,4,1001,1000000,0,1000000,es_default,p100,1000,es_cache_disabled,10,779.6902,780.1152,787.2679,790.8532,762.9407,790.8532,7.8287,21.9500,21.0000,data/multi_run_epoch_query_breakdown_raw/run01_epoch04.json
2026-05-27T21:58:02.318753+00:00,1,4,1001,1000000,0,1000000,es_large,p100,1000,es_cache_disabled,10,1643.6774,1592.2405,1725.6572,1814.2575,1585.0367,1814.2575,78.7446,49.4633,48.0000,data/multi_run_epoch_query_breakdown_raw/run01_epoch04.json
2026-05-27T21:58:02.318801+00:00,1,4,1001,1000000,0,1000000,server,all_quantile,1000,na,10,3.7799,3.5719,3.8193,5.7625,3.5037,5.7625,0.6973,,,data/multi_run_epoch_query_breakdown_raw/run01_epoch04.json
2026-05-27T21:58:02.318848+00:00,1,4,1001,1000000,0,1000000,es_default,all_quantile,1000,es_cache_disabled,10,768.4641,767.4255,779.0940,782.8505,753.8831,782.8505,8.9101,21.3267,20.0000,data/multi_run_epoch_query_breakdown_raw/run01_epoch04.json
2026-05-27T21:58:02.318896+00:00,1,4,1001,1000000,0,1000000,es_large,all_quantile,1000,es_cache_disabled,10,1591.0764,1591.4229,1601.2304,1603.7698,1581.0181,1603.7698,7.3416,48.5133,48.0000,data/multi_run_epoch_query_breakdown_raw/run01_epoch04.json
2026-05-27T21:58:02.318942+00:00,1,4,1001,1000000,0,1000000,server,sum,1000,na,10,3.2015,2.8866,4.0588,5.0512,2.8254,5.0512,0.7329,,,data/multi_run_epoch_query_breakdown_raw/run01_epoch04.json
2026-05-27T21:58:02.318984+00:00,1,4,1001,1000000,0,1000000,es_default,sum,1000,es_cache_disabled,10,244.6686,244.9010,246.3228,247.0087,242.2072,247.0087,1.5600,4.1633,4.0000,data/multi_run_epoch_query_breakdown_raw/run01_epoch04.json
2026-05-27T21:58:02.319028+00:00,1,4,1001,1000000,0,1000000,es_large,sum,1000,es_cache_disabled,10,244.3405,243.6650,246.8378,249.3810,241.9412,249.3810,2.1684,4.1367,4.0000,data/multi_run_epoch_query_breakdown_raw/run01_epoch04.json
2026-05-27T21:58:02.319071+00:00,1,4,1001,1000000,0,1000000,server,all_in,1000,na,10,3.6746,3.6540,3.8011,3.9065,3.5592,3.9065,0.1044,,,data/multi_run_epoch_query_breakdown_raw/run01_epoch04.json
2026-05-27T21:58:02.319125+00:00,1,4,1001,1000000,0,1000000,es_default,all_in,1000,es_cache_disabled,10,867.8472,865.6605,878.7150,891.8215,855.5632,891.8215,10.6066,24.8033,24.0000,data/multi_run_epoch_query_breakdown_raw/run01_epoch04.json
2026-05-27T21:58:02.319173+00:00,1,4,1001,1000000,0,1000000,es_large,all_in,1000,es_cache_disabled,10,1777.2790,1785.4612,1791.1139,1791.5578,1694.6855,1791.5578,29.2128,54.5233,54.0000,data/multi_run_epoch_query_breakdown_raw/run01_epoch04.json
2026-05-27T22:01:40.774326+00:00,1,5,1001,1000000,0,1000000,server,p50,1000,na,10,3.3471,3.1385,3.4342,5.3225,3.0390,5.3225,0.6972,,,data/multi_run_epoch_query_breakdown_raw/run01_epoch05.json
2026-05-27T22:01:40.774496+00:00,1,5,1001,1000000,0,1000000,es_default,p50,1000,es_cache_disabled,10,788.7326,783.8889,808.6815,816.5804,767.5397,816.5804,15.3558,22.1033,22.0000,data/multi_run_epoch_query_breakdown_raw/run01_epoch05.json
2026-05-27T22:01:40.774560+00:00,1,5,1001,1000000,0,1000000,es_large,p50,1000,es_cache_disabled,10,1614.0326,1610.9275,1623.1897,1631.5931,1607.3601,1631.5931,7.9644,49.2633,49.0000,data/multi_run_epoch_query_breakdown_raw/run01_epoch05.json
2026-05-27T22:01:40.774613+00:00,1,5,1001,1000000,0,1000000,server,p90,1000,na,10,3.9532,3.2475,5.6610,6.9989,3.1274,6.9989,1.3340,,,data/multi_run_epoch_query_breakdown_raw/run01_epoch05.json
2026-05-27T22:01:40.774660+00:00,1,5,1001,1000000,0,1000000,es_default,p90,1000,es_cache_disabled,10,784.4916,783.5668,789.8905,800.3411,774.8381,800.3411,7.4164,21.9600,21.0000,data/multi_run_epoch_query_breakdown_raw/run01_epoch05.json
2026-05-27T22:01:40.774708+00:00,1,5,1001,1000000,0,1000000,es_large,p90,1000,es_cache_disabled,10,1627.9615,1615.8252,1675.2321,1691.0464,1604.9127,1691.0464,29.5194,49.6800,49.0000,data/multi_run_epoch_query_breakdown_raw/run01_epoch05.json
2026-05-27T22:01:40.774754+00:00,1,5,1001,1000000,0,1000000,server,p100,1000,na,10,3.4207,3.2054,3.4959,5.3747,3.1230,5.3747,0.6888,,,data/multi_run_epoch_query_breakdown_raw/run01_epoch05.json
2026-05-27T22:01:40.774798+00:00,1,5,1001,1000000,0,1000000,es_default,p100,1000,es_cache_disabled,10,789.9288,789.3582,796.2773,800.7492,778.3117,800.7492,6.0975,22.1900,22.0000,data/multi_run_epoch_query_breakdown_raw/run01_epoch05.json
2026-05-27T22:01:40.774844+00:00,1,5,1001,1000000,0,1000000,es_large,p100,1000,es_cache_disabled,10,1675.8853,1699.2327,1710.9357,1719.4738,1610.9027,1719.4738,43.9417,51.2933,52.0000,data/multi_run_epoch_query_breakdown_raw/run01_epoch05.json
2026-05-27T22:01:40.774889+00:00,1,5,1001,1000000,0,1000000,server,all_quantile,1000,na,10,3.8347,3.6419,3.9505,5.5429,3.5325,5.5429,0.6036,,,data/multi_run_epoch_query_breakdown_raw/run01_epoch05.json
2026-05-27T22:01:40.774932+00:00,1,5,1001,1000000,0,1000000,es_default,all_quantile,1000,es_cache_disabled,10,777.3324,776.6312,783.8876,789.5147,765.3270,789.5147,6.5390,21.6867,21.0000,data/multi_run_epoch_query_breakdown_raw/run01_epoch05.json
2026-05-27T22:01:40.774978+00:00,1,5,1001,1000000,0,1000000,es_large,all_quantile,1000,es_cache_disabled,10,1632.6526,1615.2215,1641.7697,1818.7474,1603.4303,1818.7474,65.7304,49.1467,49.0000,data/multi_run_epoch_query_breakdown_raw/run01_epoch05.json
2026-05-27T22:01:40.775023+00:00,1,5,1001,1000000,0,1000000,server,sum,1000,na,10,3.1188,2.8979,3.1760,5.0860,2.8362,5.0860,0.6925,,,data/multi_run_epoch_query_breakdown_raw/run01_epoch05.json
2026-05-27T22:01:40.775066+00:00,1,5,1001,1000000,0,1000000,es_default,sum,1000,es_cache_disabled,10,255.4757,254.4512,258.5141,265.5891,250.9876,265.5891,4.2849,4.3233,4.0000,data/multi_run_epoch_query_breakdown_raw/run01_epoch05.json
2026-05-27T22:01:40.775126+00:00,1,5,1001,1000000,0,1000000,es_large,sum,1000,es_cache_disabled,10,254.6802,254.0134,257.1134,260.4784,251.9241,260.4784,2.6196,4.3200,4.0000,data/multi_run_epoch_query_breakdown_raw/run01_epoch05.json
2026-05-27T22:01:40.775176+00:00,1,5,1001,1000000,0,1000000,server,all_in,1000,na,10,3.5934,3.5327,3.7988,3.9660,3.4556,3.9660,0.1584,,,data/multi_run_epoch_query_breakdown_raw/run01_epoch05.json
2026-05-27T22:01:40.775219+00:00,1,5,1001,1000000,0,1000000,es_default,all_in,1000,es_cache_disabled,10,894.0731,895.0084,901.0846,901.3564,885.9416,901.3564,5.4102,25.7800,25.0000,data/multi_run_epoch_query_breakdown_raw/run01_epoch05.json
2026-05-27T22:01:40.775264+00:00,1,5,1001,1000000,0,1000000,es_large,all_in,1000,es_cache_disabled,10,1768.5021,1746.2568,1820.1412,1896.9936,1709.6361,1896.9936,62.4770,54.2533,53.0000,data/multi_run_epoch_query_breakdown_raw/run01_epoch05.json
2026-05-27T22:05:16.373049+00:00,1,6,1001,1000000,0,1000000,server,p50,1000,na,10,3.1819,2.9769,3.3375,5.1520,2.8351,5.1520,0.7018,,,data/multi_run_epoch_query_breakdown_raw/run01_epoch06.json
2026-05-27T22:05:16.373204+00:00,1,6,1001,1000000,0,1000000,es_default,p50,1000,es_cache_disabled,10,799.6558,797.9310,812.3144,815.6795,784.4738,815.6795,12.0207,22.5267,22.0000,data/multi_run_epoch_query_breakdown_raw/run01_epoch06.json
2026-05-27T22:05:16.373267+00:00,1,6,1001,1000000,0,1000000,es_large,p50,1000,es_cache_disabled,10,1642.3204,1633.7362,1679.2595,1693.4311,1624.0350,1693.4311,23.6751,50.1833,50.0000,data/multi_run_epoch_query_breakdown_raw/run01_epoch06.json
2026-05-27T22:05:16.373320+00:00,1,6,1001,1000000,0,1000000,server,p90,1000,na,10,3.4359,3.2312,3.5373,5.3258,3.0855,5.3258,0.6680,,,data/multi_run_epoch_query_breakdown_raw/run01_epoch06.json
2026-05-27T22:05:16.373366+00:00,1,6,1001,1000000,0,1000000,es_default,p90,1000,es_cache_disabled,10,788.9501,786.2699,797.6621,799.3829,781.2526,799.3829,6.4965,22.3000,22.0000,data/multi_run_epoch_query_breakdown_raw/run01_epoch06.json
2026-05-27T22:05:16.373412+00:00,1,6,1001,1000000,0,1000000,es_large,p90,1000,es_cache_disabled,10,1628.2756,1627.7004,1635.1101,1637.1908,1619.9572,1637.1908,5.1609,49.7367,50.0000,data/multi_run_epoch_query_breakdown_raw/run01_epoch06.json
2026-05-27T22:05:16.373458+00:00,1,6,1001,1000000,0,1000000,server,p100,1000,na,10,3.4277,3.1915,3.6176,5.4356,3.1252,5.4356,0.7097,,,data/multi_run_epoch_query_breakdown_raw/run01_epoch06.json
2026-05-27T22:05:16.373500+00:00,1,6,1001,1000000,0,1000000,es_default,p100,1000,es_cache_disabled,10,790.5165,791.5945,794.8661,803.1162,781.1702,803.1162,6.5351,22.3133,22.0000,data/multi_run_epoch_query_breakdown_raw/run01_epoch06.json
2026-05-27T22:05:16.373544+00:00,1,6,1001,1000000,0,1000000,es_large,p100,1000,es_cache_disabled,10,1632.1921,1630.4943,1638.7882,1654.4418,1621.5188,1654.4418,9.1315,49.8633,50.0000,data/multi_run_epoch_query_breakdown_raw/run01_epoch06.json
2026-05-27T22:05:16.373588+00:00,1,6,1001,1000000,0,1000000,server,all_quantile,1000,na,10,3.8566,3.6678,3.9549,5.6948,3.5594,5.6948,0.6502,,,data/multi_run_epoch_query_breakdown_raw/run01_epoch06.json
2026-05-27T22:05:16.373630+00:00,1,6,1001,1000000,0,1000000,es_default,all_quantile,1000,es_cache_disabled,10,795.3968,796.5713,805.2536,811.7819,783.0877,811.7819,10.3329,22.4800,22.0000,data/multi_run_epoch_query_breakdown_raw/run01_epoch06.json
2026-05-27T22:05:16.373674+00:00,1,6,1001,1000000,0,1000000,es_large,all_quantile,1000,es_cache_disabled,10,1677.6872,1642.2869,1749.6837,1780.9387,1626.0648,1780.9387,60.3633,51.3200,50.0000,data/multi_run_epoch_query_breakdown_raw/run01_epoch06.json
2026-05-27T22:05:16.373718+00:00,1,6,1001,1000000,0,1000000,server,sum,1000,na,10,3.0753,2.8628,3.1347,5.0939,2.8036,5.0939,0.7102,,,data/multi_run_epoch_query_breakdown_raw/run01_epoch06.json
2026-05-27T22:05:16.373760+00:00,1,6,1001,1000000,0,1000000,es_default,sum,1000,es_cache_disabled,10,253.9566,251.6736,260.8797,262.4779,248.3235,262.4779,5.5086,4.2200,4.0000,data/multi_run_epoch_query_breakdown_raw/run01_epoch06.json
2026-05-27T22:05:16.373803+00:00,1,6,1001,1000000,0,1000000,es_large,sum,1000,es_cache_disabled,10,251.2481,250.6262,253.3069,253.4298,249.1767,253.4298,1.5923,4.1433,4.0000,data/multi_run_epoch_query_breakdown_raw/run01_epoch06.json
2026-05-27T22:05:16.373846+00:00,1,6,1001,1000000,0,1000000,server,all_in,1000,na,10,3.7624,3.6302,3.9991,4.6013,3.5564,4.6013,0.3169,,,data/multi_run_epoch_query_breakdown_raw/run01_epoch06.json
2026-05-27T22:05:16.373887+00:00,1,6,1001,1000000,0,1000000,es_default,all_in,1000,es_cache_disabled,10,881.1168,877.1704,889.6379,900.1568,875.2763,900.1568,8.1998,25.2467,25.0000,data/multi_run_epoch_query_breakdown_raw/run01_epoch06.json
2026-05-27T22:05:16.373930+00:00,1,6,1001,1000000,0,1000000,es_large,all_in,1000,es_cache_disabled,10,1721.0097,1720.9937,1732.5050,1734.0287,1712.7185,1734.0287,7.8417,52.7633,53.0000,data/multi_run_epoch_query_breakdown_raw/run01_epoch06.json
2026-05-27T22:08:58.803617+00:00,1,7,1001,1000000,0,1000000,server,p50,1000,na,10,3.2162,3.0389,3.3537,5.2051,2.7714,5.2051,0.7089,,,data/multi_run_epoch_query_breakdown_raw/run01_epoch07.json
2026-05-27T22:08:58.803827+00:00,1,7,1001,1000000,0,1000000,es_default,p50,1000,es_cache_disabled,10,835.9484,836.3927,867.5424,876.3722,797.6706,876.3722,25.7081,23.6967,26.0000,data/multi_run_epoch_query_breakdown_raw/run01_epoch07.json
2026-05-27T22:08:58.803889+00:00,1,7,1001,1000000,0,1000000,es_large,p50,1000,es_cache_disabled,10,1647.2565,1638.6381,1658.7253,1773.9320,1611.8843,1773.9320,45.9859,50.0100,51.0000,data/multi_run_epoch_query_breakdown_raw/run01_epoch07.json
2026-05-27T22:08:58.803941+00:00,1,7,1001,1000000,0,1000000,server,p90,1000,na,10,3.4065,3.1972,3.4742,5.3869,3.1133,5.3869,0.6973,,,data/multi_run_epoch_query_breakdown_raw/run01_epoch07.json
2026-05-27T22:08:58.803988+00:00,1,7,1001,1000000,0,1000000,es_default,p90,1000,es_cache_disabled,10,843.4973,839.1767,861.5193,880.8404,815.2718,880.8404,17.3843,23.9267,26.0000,data/multi_run_epoch_query_breakdown_raw/run01_epoch07.json
2026-05-27T22:08:58.804036+00:00,1,7,1001,1000000,0,1000000,es_large,p90,1000,es_cache_disabled,10,1724.8908,1726.8781,1734.6985,1739.2047,1700.9082,1739.2047,11.2308,52.9500,54.0000,data/multi_run_epoch_query_breakdown_raw/run01_epoch07.json
2026-05-27T22:08:58.804080+00:00,1,7,1001,1000000,0,1000000,server,p100,1000,na,10,3.4210,3.2188,3.4862,5.2273,3.1490,5.2273,0.6370,,,data/multi_run_epoch_query_breakdown_raw/run01_epoch07.json
2026-05-27T22:08:58.804121+00:00,1,7,1001,1000000,0,1000000,es_default,p100,1000,es_cache_disabled,10,848.4941,849.1902,859.5963,867.5605,828.2850,867.5605,11.4858,24.2033,26.0000,data/multi_run_epoch_query_breakdown_raw/run01_epoch07.json
2026-05-27T22:08:58.804163+00:00,1,7,1001,1000000,0,1000000,es_large,p100,1000,es_cache_disabled,10,1647.7082,1647.8795,1664.6746,1687.6269,1616.0935,1687.6269,20.7025,50.4133,51.0000,data/multi_run_epoch_query_breakdown_raw/run01_epoch07.json
2026-05-27T22:08:58.804204+00:00,1,7,1001,1000000,0,1000000,server,all_quantile,1000,na,10,3.7719,3.5913,3.8644,5.6766,3.3798,5.6766,0.6755,,,data/multi_run_epoch_query_breakdown_raw/run01_epoch07.json
2026-05-27T22:08:58.804243+00:00,1,7,1001,1000000,0,1000000,es_default,all_quantile,1000,es_cache_disabled,10,833.9308,829.5677,860.0589,868.7478,799.1955,868.7478,22.9009,23.6200,26.0000,data/multi_run_epoch_query_breakdown_raw/run01_epoch07.json
2026-05-27T22:08:58.804284+00:00,1,7,1001,1000000,0,1000000,es_large,all_quantile,1000,es_cache_disabled,10,1663.3746,1644.1428,1716.3526,1791.0042,1608.9112,1791.0042,59.1404,50.9267,51.0000,data/multi_run_epoch_query_breakdown_raw/run01_epoch07.json
2026-05-27T22:08:58.804326+00:00,1,7,1001,1000000,0,1000000,server,sum,1000,na,10,3.2303,2.9331,4.0542,5.0708,2.8523,5.0708,0.7243,,,data/multi_run_epoch_query_breakdown_raw/run01_epoch07.json
2026-05-27T22:08:58.804371+00:00,1,7,1001,1000000,0,1000000,es_default,sum,1000,es_cache_disabled,10,272.6120,273.0641,278.7539,281.1736,265.6584,281.1736,5.1301,4.9167,5.0000,data/multi_run_epoch_query_breakdown_raw/run01_epoch07.json
2026-05-27T22:08:58.804413+00:00,1,7,1001,1000000,0,1000000,es_large,sum,1000,es_cache_disabled,10,274.2525,275.3759,279.5733,284.8227,264.2029,284.8227,6.1477,4.9700,5.0000,data/multi_run_epoch_query_breakdown_raw/run01_epoch07.json
2026-05-27T22:08:58.804453+00:00,1,7,1001,1000000,0,1000000,server,all_in,1000,na,10,3.7602,3.7410,3.8929,3.9226,3.6474,3.9226,0.0904,,,data/multi_run_epoch_query_breakdown_raw/run01_epoch07.json
2026-05-27T22:08:58.804491+00:00,1,7,1001,1000000,0,1000000,es_default,all_in,1000,es_cache_disabled,10,947.5193,947.7069,979.6454,986.0179,908.1232,986.0179,26.4102,27.2900,24.0000,data/multi_run_epoch_query_breakdown_raw/run01_epoch07.json
2026-05-27T22:08:58.804532+00:00,1,7,1001,1000000,0,1000000,es_large,all_in,1000,es_cache_disabled,10,1798.7108,1797.3108,1842.7616,1858.9996,1752.3657,1858.9996,39.3198,55.3633,56.0000,data/multi_run_epoch_query_breakdown_raw/run01_epoch07.json
2026-05-27T22:12:32.482832+00:00,1,8,1001,1000000,0,1000000,server,p50,1000,na,10,3.0875,2.8855,3.1952,4.9398,2.7214,4.9398,0.6560,,,data/multi_run_epoch_query_breakdown_raw/run01_epoch08.json
2026-05-27T22:12:32.483005+00:00,1,8,1001,1000000,0,1000000,es_default,p50,1000,es_cache_disabled,10,771.7148,768.5799,781.2174,792.7601,763.0044,792.7601,9.5151,21.5267,21.0000,data/multi_run_epoch_query_breakdown_raw/run01_epoch08.json
2026-05-27T22:12:32.483077+00:00,1,8,1001,1000000,0,1000000,es_large,p50,1000,es_cache_disabled,10,1593.7110,1593.1835,1598.6701,1599.8151,1586.3219,1599.8151,4.0161,48.7367,49.0000,data/multi_run_epoch_query_breakdown_raw/run01_epoch08.json
2026-05-27T22:12:32.483152+00:00,1,8,1001,1000000,0,1000000,server,p90,1000,na,10,3.4144,3.2227,3.4937,5.1151,3.1639,5.1151,0.5997,,,data/multi_run_epoch_query_breakdown_raw/run01_epoch08.json
2026-05-27T22:12:32.483206+00:00,1,8,1001,1000000,0,1000000,es_default,p90,1000,es_cache_disabled,10,770.6020,770.2284,775.9676,780.7606,764.1494,780.7606,5.8175,21.4000,21.0000,data/multi_run_epoch_query_breakdown_raw/run01_epoch08.json
2026-05-27T22:12:32.483259+00:00,1,8,1001,1000000,0,1000000,es_large,p90,1000,es_cache_disabled,10,1605.9510,1592.7825,1613.4433,1731.6621,1586.5284,1731.6621,44.4118,48.7467,49.0000,data/multi_run_epoch_query_breakdown_raw/run01_epoch08.json
2026-05-27T22:12:32.483310+00:00,1,8,1001,1000000,0,1000000,server,p100,1000,na,10,3.4264,3.1932,3.4850,5.4798,3.1479,5.4798,0.7225,,,data/multi_run_epoch_query_breakdown_raw/run01_epoch08.json
2026-05-27T22:12:32.483359+00:00,1,8,1001,1000000,0,1000000,es_default,p100,1000,es_cache_disabled,10,770.1514,769.6504,775.7867,778.6464,764.3419,778.6464,5.2826,21.3933,21.0000,data/multi_run_epoch_query_breakdown_raw/run01_epoch08.json
2026-05-27T22:12:32.483408+00:00,1,8,1001,1000000,0,1000000,es_large,p100,1000,es_cache_disabled,10,1604.8884,1592.3157,1617.7150,1698.5000,1587.9857,1698.5000,33.4813,49.1267,49.0000,data/multi_run_epoch_query_breakdown_raw/run01_epoch08.json
2026-05-27T22:12:32.483459+00:00,1,8,1001,1000000,0,1000000,server,all_quantile,1000,na,10,3.9159,3.6254,4.0685,6.6132,3.5091,6.6132,0.9508,,,data/multi_run_epoch_query_breakdown_raw/run01_epoch08.json
2026-05-27T22:12:32.483507+00:00,1,8,1001,1000000,0,1000000,es_default,all_quantile,1000,es_cache_disabled,10,768.6394,766.1387,775.4684,778.5525,764.2100,778.5525,5.1827,21.2633,21.0000,data/multi_run_epoch_query_breakdown_raw/run01_epoch08.json
2026-05-27T22:12:32.483558+00:00,1,8,1001,1000000,0,1000000,es_large,all_quantile,1000,es_cache_disabled,10,1593.6022,1592.9226,1599.1219,1600.7903,1589.3326,1600.7903,3.8014,48.7300,49.0000,data/multi_run_epoch_query_breakdown_raw/run01_epoch08.json
2026-05-27T22:12:32.483609+00:00,1,8,1001,1000000,0,1000000,server,sum,1000,na,10,3.1126,2.9020,3.1896,4.9310,2.8562,4.9310,0.6404,,,data/multi_run_epoch_query_breakdown_raw/run01_epoch08.json
2026-05-27T22:12:32.483656+00:00,1,8,1001,1000000,0,1000000,es_default,sum,1000,es_cache_disabled,10,246.3131,245.6684,248.6686,251.3324,243.9901,251.3324,2.2417,4.0367,4.0000,data/multi_run_epoch_query_breakdown_raw/run01_epoch08.json
2026-05-27T22:12:32.483705+00:00,1,8,1001,1000000,0,1000000,es_large,sum,1000,es_cache_disabled,10,245.5443,245.2791,246.4084,247.3607,244.6420,247.3607,0.8719,4.0167,4.0000,data/multi_run_epoch_query_breakdown_raw/run01_epoch08.json
2026-05-27T22:12:32.483754+00:00,1,8,1001,1000000,0,1000000,server,all_in,1000,na,10,3.6982,3.6954,3.7716,3.9524,3.5692,3.9524,0.1071,,,data/multi_run_epoch_query_breakdown_raw/run01_epoch08.json
2026-05-27T22:12:32.483801+00:00,1,8,1001,1000000,0,1000000,es_default,all_in,1000,es_cache_disabled,10,858.0567,857.6058,859.5871,859.5883,856.8963,859.5883,1.1115,24.1967,24.0000,data/multi_run_epoch_query_breakdown_raw/run01_epoch08.json
2026-05-27T22:12:32.483850+00:00,1,8,1001,1000000,0,1000000,es_large,all_in,1000,es_cache_disabled,10,1685.6618,1685.2536,1691.3551,1697.5870,1677.6111,1697.5870,6.0558,51.7333,52.0000,data/multi_run_epoch_query_breakdown_raw/run01_epoch08.json
2026-05-27T22:16:29.609012+00:00,1,9,1001,1000000,0,1000000,server,p50,1000,na,10,3.4357,3.0900,4.2389,5.5047,2.9813,5.5047,0.7976,,,data/multi_run_epoch_query_breakdown_raw/run01_epoch09.json
2026-05-27T22:16:29.609217+00:00,1,9,1001,1000000,0,1000000,es_default,p50,1000,es_cache_disabled,10,997.1873,998.6792,1019.9965,1028.1371,963.7486,1028.1371,20.4014,29.0933,28.0000,data/multi_run_epoch_query_breakdown_raw/run01_epoch09.json
2026-05-27T22:16:29.609297+00:00,1,9,1001,1000000,0,1000000,es_large,p50,1000,es_cache_disabled,10,1726.7641,1727.1206,1737.6173,1737.8638,1715.5681,1737.8638,8.4934,53.1500,53.0000,data/multi_run_epoch_query_breakdown_raw/run01_epoch09.json
2026-05-27T22:16:29.609362+00:00,1,9,1001,1000000,0,1000000,server,p90,1000,na,10,3.4214,3.1891,3.4921,5.5689,3.1129,5.5689,0.7559,,,data/multi_run_epoch_query_breakdown_raw/run01_epoch09.json
2026-05-27T22:16:29.609420+00:00,1,9,1001,1000000,0,1000000,es_default,p90,1000,es_cache_disabled,10,994.2766,995.2880,1003.5073,1008.6590,982.7235,1008.6590,9.5128,29.0533,28.0000,data/multi_run_epoch_query_breakdown_raw/run01_epoch09.json
2026-05-27T22:16:29.609479+00:00,1,9,1001,1000000,0,1000000,es_large,p90,1000,es_cache_disabled,10,1838.3179,1874.3806,1896.0065,1904.9459,1734.0373,1904.9459,70.5252,56.8167,56.0000,data/multi_run_epoch_query_breakdown_raw/run01_epoch09.json
2026-05-27T22:16:29.609536+00:00,1,9,1001,1000000,0,1000000,server,p100,1000,na,10,3.4861,3.2762,3.7647,5.2514,3.1578,5.2514,0.6324,,,data/multi_run_epoch_query_breakdown_raw/run01_epoch09.json
2026-05-27T22:16:29.609590+00:00,1,9,1001,1000000,0,1000000,es_default,p100,1000,es_cache_disabled,10,1022.9990,1022.8949,1037.6837,1041.0571,1003.1390,1041.0571,12.3180,30.0967,29.0000,data/multi_run_epoch_query_breakdown_raw/run01_epoch09.json
2026-05-27T22:16:29.609647+00:00,1,9,1001,1000000,0,1000000,es_large,p100,1000,es_cache_disabled,10,1806.2168,1761.4051,1908.4650,1935.6868,1734.0663,1935.6868,79.1855,55.2600,54.0000,data/multi_run_epoch_query_breakdown_raw/run01_epoch09.json
2026-05-27T22:16:29.609703+00:00,1,9,1001,1000000,0,1000000,server,all_quantile,1000,na,10,3.9538,3.6772,4.7095,5.9206,3.4941,5.9206,0.7555,,,data/multi_run_epoch_query_breakdown_raw/run01_epoch09.json
2026-05-27T22:16:29.609757+00:00,1,9,1001,1000000,0,1000000,es_default,all_quantile,1000,es_cache_disabled,10,993.3134,994.0174,1002.6757,1010.4045,976.3968,1010.4045,10.6413,28.9867,28.0000,data/multi_run_epoch_query_breakdown_raw/run01_epoch09.json
2026-05-27T22:16:29.609818+00:00,1,9,1001,1000000,0,1000000,es_large,all_quantile,1000,es_cache_disabled,10,1728.9582,1728.4390,1737.4735,1739.1038,1717.2129,1739.1038,7.0786,53.1967,53.0000,data/multi_run_epoch_query_breakdown_raw/run01_epoch09.json
2026-05-27T22:16:29.609878+00:00,1,9,1001,1000000,0,1000000,server,sum,1000,na,10,3.0992,2.8931,3.2405,5.0185,2.7650,5.0185,0.6802,,,data/multi_run_epoch_query_breakdown_raw/run01_epoch09.json
2026-05-27T22:16:29.609933+00:00,1,9,1001,1000000,0,1000000,es_default,sum,1000,es_cache_disabled,10,310.4334,309.3441,314.5877,316.2716,304.0854,316.2716,3.8930,6.2200,6.0000,data/multi_run_epoch_query_breakdown_raw/run01_epoch09.json
2026-05-27T22:16:29.609990+00:00,1,9,1001,1000000,0,1000000,es_large,sum,1000,es_cache_disabled,10,310.4551,309.1655,315.8078,318.6192,305.3588,318.6192,4.0229,6.1900,6.0000,data/multi_run_epoch_query_breakdown_raw/run01_epoch09.json
2026-05-27T22:16:29.610045+00:00,1,9,1001,1000000,0,1000000,server,all_in,1000,na,10,3.7200,3.7233,3.8018,3.9211,3.4932,3.9211,0.1086,,,data/multi_run_epoch_query_breakdown_raw/run01_epoch09.json
2026-05-27T22:16:29.610098+00:00,1,9,1001,1000000,0,1000000,es_default,all_in,1000,es_cache_disabled,10,1118.5608,1117.9777,1129.7470,1154.4976,1094.9159,1154.4976,16.0875,32.9233,32.0000,data/multi_run_epoch_query_breakdown_raw/run01_epoch09.json
2026-05-27T22:16:29.610154+00:00,1,9,1001,1000000,0,1000000,es_large,all_in,1000,es_cache_disabled,10,1998.1020,2034.4329,2062.6475,2080.1524,1851.1163,2080.1524,80.9383,62.1567,61.0000,data/multi_run_epoch_query_breakdown_raw/run01_epoch09.json
2026-05-27T22:20:52.010060+00:00,1,10,1001,1000000,0,1000000,server,p50,1000,na,10,3.1425,2.9661,3.2359,5.0396,2.8131,5.0396,0.6714,,,data/multi_run_epoch_query_breakdown_raw/run01_epoch10.json
2026-05-27T22:20:52.010230+00:00,1,10,1001,1000000,0,1000000,es_default,p50,1000,es_cache_disabled,10,1399.6659,1397.2586,1414.4473,1427.5263,1378.6380,1427.5263,13.5881,42.4867,42.0000,data/multi_run_epoch_query_breakdown_raw/run01_epoch10.json
2026-05-27T22:20:52.010304+00:00,1,10,1001,1000000,0,1000000,es_large,p50,1000,es_cache_disabled,10,1898.2425,1853.1946,1983.8469,1988.5277,1834.2889,1988.5277,72.5267,58.8367,57.0000,data/multi_run_epoch_query_breakdown_raw/run01_epoch10.json
2026-05-27T22:20:52.010363+00:00,1,10,1001,1000000,0,1000000,server,p90,1000,na,10,3.4459,3.2572,3.5318,5.1778,3.1758,5.1778,0.6110,,,data/multi_run_epoch_query_breakdown_raw/run01_epoch10.json
2026-05-27T22:20:52.010415+00:00,1,10,1001,1000000,0,1000000,es_default,p90,1000,es_cache_disabled,10,1367.7921,1366.6438,1374.1460,1375.6724,1363.2750,1375.6724,4.2150,41.3933,41.0000,data/multi_run_epoch_query_breakdown_raw/run01_epoch10.json
2026-05-27T22:20:52.010469+00:00,1,10,1001,1000000,0,1000000,es_large,p90,1000,es_cache_disabled,10,1837.3546,1833.4408,1845.9143,1862.8074,1830.7715,1862.8074,9.8851,56.8900,57.0000,data/multi_run_epoch_query_breakdown_raw/run01_epoch10.json
2026-05-27T22:20:52.010521+00:00,1,10,1001,1000000,0,1000000,server,p100,1000,na,10,3.4479,3.2336,3.5258,5.5504,3.1109,5.5504,0.7409,,,data/multi_run_epoch_query_breakdown_raw/run01_epoch10.json
2026-05-27T22:20:52.010569+00:00,1,10,1001,1000000,0,1000000,es_default,p100,1000,es_cache_disabled,10,1364.8205,1365.3200,1366.7456,1368.0354,1362.3598,1368.0354,1.9339,41.2833,41.0000,data/multi_run_epoch_query_breakdown_raw/run01_epoch10.json
2026-05-27T22:20:52.010621+00:00,1,10,1001,1000000,0,1000000,es_large,p100,1000,es_cache_disabled,10,1837.1349,1834.4158,1848.7751,1854.3792,1829.9693,1854.3792,8.1874,56.8833,57.0000,data/multi_run_epoch_query_breakdown_raw/run01_epoch10.json
2026-05-27T22:20:52.010671+00:00,1,10,1001,1000000,0,1000000,server,all_quantile,1000,na,10,3.8940,3.5707,4.6370,5.7768,3.4973,5.7768,0.7256,,,data/multi_run_epoch_query_breakdown_raw/run01_epoch10.json
2026-05-27T22:20:52.010719+00:00,1,10,1001,1000000,0,1000000,es_default,all_quantile,1000,es_cache_disabled,10,1392.1423,1386.7376,1404.9345,1454.0213,1370.8181,1454.0213,23.6976,42.2500,42.0000,data/multi_run_epoch_query_breakdown_raw/run01_epoch10.json
2026-05-27T22:20:52.010770+00:00,1,10,1001,1000000,0,1000000,es_large,all_quantile,1000,es_cache_disabled,10,1917.9621,1917.4054,1973.0588,2139.8730,1834.2301,2139.8730,95.3591,58.7467,60.0000,data/multi_run_epoch_query_breakdown_raw/run01_epoch10.json
2026-05-27T22:20:52.010820+00:00,1,10,1001,1000000,0,1000000,server,sum,1000,na,10,3.1067,2.9096,3.1687,5.0947,2.7874,5.0947,0.7006,,,data/multi_run_epoch_query_breakdown_raw/run01_epoch10.json
2026-05-27T22:20:52.010866+00:00,1,10,1001,1000000,0,1000000,es_default,sum,1000,es_cache_disabled,10,357.8277,357.2885,359.5405,359.7115,356.2300,359.7115,1.3031,8.0400,8.0000,data/multi_run_epoch_query_breakdown_raw/run01_epoch10.json
2026-05-27T22:20:52.010918+00:00,1,10,1001,1000000,0,1000000,es_large,sum,1000,es_cache_disabled,10,357.5549,357.4253,358.8296,358.8340,356.0422,358.8340,1.0170,8.0267,8.0000,data/multi_run_epoch_query_breakdown_raw/run01_epoch10.json
2026-05-27T22:20:52.010968+00:00,1,10,1001,1000000,0,1000000,server,all_in,1000,na,10,3.7210,3.6422,3.8650,4.1405,3.5773,4.1405,0.1716,,,data/multi_run_epoch_query_breakdown_raw/run01_epoch10.json
2026-05-27T22:20:52.011016+00:00,1,10,1001,1000000,0,1000000,es_default,all_in,1000,es_cache_disabled,10,1555.6553,1554.7384,1559.2618,1559.4120,1552.3274,1559.4120,2.5897,47.4800,47.0000,data/multi_run_epoch_query_breakdown_raw/run01_epoch10.json
2026-05-27T22:20:52.011067+00:00,1,10,1001,1000000,0,1000000,es_large,all_in,1000,es_cache_disabled,10,2022.7866,2022.1112,2025.5024,2029.8344,2019.0131,2029.8344,3.1902,63.0367,63.0000,data/multi_run_epoch_query_breakdown_raw/run01_epoch10.json
