timestamp,source_node_id,target_node_id,available_bandwidth_usage
2025-10-13T22:34:42,N005,N008,97.209
2025-10-13T22:34:57,N005,N003,96.073
2025-10-13T22:34:57,N005,N008,97.670
2025-10-13T22:35:12,N005,N003,95.583
2025-10-13T22:35:12,N005,N008,97.562
2025-10-13T22:35:17,N006,N004,93.129
2025-10-13T22:35:17,N006,N010,97.978
2025-10-13T22:35:27,N005,N003,95.287
2025-10-13T22:35:27,N005,N008,97.406
2025-10-13T22:35:32,N006,N004,94.131
2025-10-13T22:35:32,N006,N007,97.783
2025-10-13T22:35:32,N006,N010,98.337
2025-10-13T22:35:41,N009,N009,92.670
2025-10-13T22:35:42,N005,N003,96.550
2025-10-13T22:35:42,N005,N008,97.485
2025-10-13T22:35:44,N008,N001,93.171
2025-10-13T22:35:47,N006,N004,93.951
2025-10-13T22:35:47,N006,N007,97.955
2025-10-13T22:35:47,N006,N010,98.559
2025-10-13T22:35:56,N009,N007,94.398
2025-10-13T22:35:56,N009,N009,94.062
2025-10-13T22:35:57,N005,N003,96.673
2025-10-13T22:35:57,N005,N008,98.207
2025-10-13T22:35:59,N008,N001,92.842
2025-10-13T22:36:02,N006,N004,93.670
2025-10-13T22:36:02,N006,N007,98.243
2025-10-13T22:36:02,N006,N010,98.769
2025-10-13T22:36:11,N009,N007,94.640
2025-10-13T22:36:11,N009,N009,95.370
2025-10-13T22:36:12,N005,N003,97.573
2025-10-13T22:36:12,N005,N008,98.081
2025-10-13T22:36:14,N008,N001,91.482
2025-10-13T22:36:17,N006,N004,93.360
2025-10-13T22:36:17,N006,N007,98.011
2025-10-13T22:36:26,N009,N007,94.702
2025-10-13T22:36:27,N005,N003,98.028
2025-10-13T22:36:27,N005,N008,98.228
2025-10-13T22:36:29,N008,N001,91.810
2025-10-13T22:36:32,N006,N007,98.075
2025-10-13T22:36:32,N006,N010,98.006
2025-10-13T22:36:42,N005,N003,97.960
2025-10-13T22:36:42,N005,N008,98.164
2025-10-13T22:36:44,N008,N001,89.998
2025-10-13T22:36:47,N006,N004,93.432
2025-10-13T22:36:47,N006,N010,97.644
2025-10-13T22:36:56,N009,N009,96.562
2025-10-13T22:36:57,N005,N003,98.188
2025-10-13T22:36:57,N005,N008,98.264
2025-10-13T22:36:59,N008,N001,93.302
2025-10-13T22:37:02,N006,N004,92.937
2025-10-13T22:37:02,N006,N010,97.317
2025-10-13T22:37:12,N005,N003,98.105
2025-10-13T22:37:12,N005,N008,98.496
2025-10-13T22:37:14,N008,N001,94.307
2025-10-13T22:37:17,N006,N004,90.039
2025-10-13T22:37:17,N006,N007,98.332
2025-10-13T22:37:17,N006,N010,97.261
2025-10-13T22:37:26,N009,N007,95.445
2025-10-13T22:37:26,N009,N009,97.046
2025-10-13T22:37:27,N005,N003,98.218
2025-10-13T22:37:27,N005,N008,98.866
2025-10-13T22:37:29,N008,N001,93.926
2025-10-13T22:37:32,N006,N004,87.553
2025-10-13T22:37:32,N006,N007,98.490
2025-10-13T22:37:41,N001,N001,88.193
2025-10-13T22:37:41,N009,N007,96.377
2025-10-13T22:37:41,N009,N009,96.576
2025-10-13T22:37:42,N005,N003,98.290
2025-10-13T22:37:42,N005,N008,98.618
2025-10-13T22:37:44,N008,N001,95.097
2025-10-13T22:37:47,N006,N004,84.529
2025-10-13T22:37:47,N006,N010,95.812
2025-10-13T22:37:56,N001,N001,87.423
2025-10-13T22:37:56,N009,N007,96.590
2025-10-13T22:37:56,N009,N009,96.301
2025-10-13T22:37:57,N005,N003,98.284
2025-10-13T22:37:57,N005,N008,98.748
2025-10-13T22:38:02,N006,N004,84.293
2025-10-13T22:38:02,N006,N007,97.651
2025-10-13T22:38:02,N006,N010,96.219
2025-10-13T22:38:11,N001,N001,88.868
2025-10-13T22:38:11,N009,N007,95.744
2025-10-13T22:38:11,N009,N009,96.531
2025-10-13T22:38:12,N005,N003,98.037
2025-10-13T22:38:12,N005,N008,98.857
2025-10-13T22:38:14,N008,N001,95.762
2025-10-13T22:38:17,N006,N004,84.260
2025-10-13T22:38:17,N006,N007,97.652
2025-10-13T22:38:17,N006,N010,95.772
2025-10-13T22:38:26,N001,N001,89.943
2025-10-13T22:38:26,N009,N007,94.736
2025-10-13T22:38:26,N009,N009,96.354
2025-10-13T22:38:27,N005,N003,97.657
2025-10-13T22:38:27,N005,N008,98.954
2025-10-13T22:38:32,N006,N007,97.017
2025-10-13T22:38:32,N006,N010,95.771
2025-10-13T22:38:41,N001,N001,91.850
2025-10-13T22:38:41,N009,N007,94.421
2025-10-13T22:38:41,N009,N009,95.251
2025-10-13T22:38:42,N005,N008,98.889
2025-10-13T22:38:44,N008,N001,95.902
2025-10-13T22:38:47,N003,N001,93.114
2025-10-13T22:38:47,N003,N006,91.555
2025-10-13T22:38:47,N006,N004,88.158
2025-10-13T22:38:47,N006,N007,97.286
2025-10-13T22:38:47,N006,N010,96.512
2025-10-13T22:38:56,N001,N001,92.455
2025-10-13T22:38:56,N009,N007,93.525
2025-10-13T22:38:56,N009,N009,95.019
2025-10-13T22:38:57,N005,N003,97.882
2025-10-13T22:38:57,N005,N008,98.874
2025-10-13T22:38:59,N008,N001,96.812
2025-10-13T22:39:02,N003,N001,94.028
2025-10-13T22:39:02,N003,N004,98.179
2025-10-13T22:39:02,N003,N006,91.874
2025-10-13T22:39:02,N006,N004,91.009
2025-10-13T22:39:11,N001,N001,93.124
2025-10-13T22:39:11,N009,N007,90.544
2025-10-13T22:39:11,N009,N009,94.559
2025-10-13T22:39:12,N005,N003,97.434
2025-10-13T22:39:12,N005,N008,98.568
2025-10-13T22:39:14,N008,N001,96.761
2025-10-13T22:39:17,N003,N001,94.577
2025-10-13T22:39:17,N003,N004,97.936
2025-10-13T22:39:17,N003,N006,92.904
2025-10-13T22:39:17,N006,N004,89.547
2025-10-13T22:39:17,N006,N010,97.025
2025-10-13T22:39:26,N001,N001,94.854
2025-10-13T22:39:26,N009,N009,93.617
2025-10-13T22:39:27,N005,N003,97.279
2025-10-13T22:39:27,N005,N008,98.588
2025-10-13T22:39:29,N008,N001,97.441
2025-10-13T22:39:32,N003,N001,95.087
2025-10-13T22:39:32,N003,N004,98.254
2025-10-13T22:39:32,N006,N004,88.536
2025-10-13T22:39:32,N006,N010,97.724
2025-10-13T22:39:41,N001,N001,95.676
2025-10-13T22:39:41,N009,N007,87.618
2025-10-13T22:39:41,N009,N009,93.383
2025-10-13T22:39:44,N008,N001,97.305
2025-10-13T22:39:47,N003,N001,94.805
2025-10-13T22:39:47,N003,N006,94.170
2025-10-13T22:39:47,N006,N004,89.359
2025-10-13T22:39:47,N006,N007,95.587
2025-10-13T22:39:47,N006,N010,97.572
2025-10-13T22:39:52,N006,N001,93.313
2025-10-13T22:39:56,N001,N001,94.725
2025-10-13T22:39:56,N009,N007,88.045
2025-10-13T22:39:56,N009,N009,94.280
2025-10-13T22:39:59,N008,N001,97.355
2025-10-13T22:40:02,N003,N001,94.942
2025-10-13T22:40:02,N003,N004,97.829
2025-10-13T22:40:02,N003,N006,94.614
2025-10-13T22:40:02,N006,N004,90.917
2025-10-13T22:40:02,N006,N007,95.586
2025-10-13T22:40:02,N006,N010,97.825
2025-10-13T22:40:07,N006,N001,94.080
2025-10-13T22:40:11,N001,N001,94.234
2025-10-13T22:40:11,N009,N007,88.437
2025-10-13T22:40:11,N009,N009,95.065
2025-10-13T22:40:14,N008,N001,97.123
2025-10-13T22:40:17,N003,N001,94.914
2025-10-13T22:40:17,N003,N004,97.502
2025-10-13T22:40:17,N003,N006,95.045
2025-10-13T22:40:22,N006,N001,94.655
2025-10-13T22:40:26,N001,N001,93.218
2025-10-13T22:40:26,N009,N007,85.689
2025-10-13T22:40:26,N009,N009,95.341
2025-10-13T22:40:29,N004,N009,95.686
2025-10-13T22:40:29,N004,N010,94.649
2025-10-13T22:40:29,N008,N001,96.470
2025-10-13T22:40:31,N006,N003,97.417
2025-10-13T22:40:31,N006,N004,91.565
2025-10-13T22:40:32,N003,N001,95.607
2025-10-13T22:40:32,N003,N004,97.567
2025-10-13T22:40:32,N003,N006,95.140
2025-10-13T22:40:37,N006,N001,94.042
2025-10-13T22:40:41,N001,N001,91.742
2025-10-13T22:40:44,N004,N009,96.226
2025-10-13T22:40:44,N004,N010,94.112
2025-10-13T22:40:46,N006,N004,91.150
2025-10-13T22:40:47,N003,N001,95.515
2025-10-13T22:40:47,N003,N004,97.649
2025-10-13T22:40:47,N003,N006,94.637
2025-10-13T22:40:59,N004,N009,95.450
2025-10-13T22:41:01,N006,N003,97.869
2025-10-13T22:41:01,N006,N004,91.933
2025-10-13T22:41:02,N003,N001,95.267
2025-10-13T22:41:02,N003,N004,97.277
2025-10-13T22:41:02,N003,N006,95.018
2025-10-13T22:41:07,N006,N001,93.474
2025-10-13T22:41:11,N001,N001,91.196
2025-10-13T22:41:14,N004,N009,95.341
2025-10-13T22:41:14,N004,N010,94.617
2025-10-13T22:41:16,N006,N003,98.504
2025-10-13T22:41:16,N006,N004,93.221
2025-10-13T22:41:17,N003,N001,95.201
2025-10-13T22:41:17,N003,N006,94.612
2025-10-13T22:41:22,N006,N001,94.185
2025-10-13T22:41:26,N001,N001,89.499
2025-10-13T22:41:29,N004,N009,94.945
2025-10-13T22:41:31,N006,N003,98.715
2025-10-13T22:41:31,N006,N004,94.251
2025-10-13T22:41:32,N003,N001,95.294
2025-10-13T22:41:32,N003,N004,97.269
2025-10-13T22:41:32,N003,N006,93.808
2025-10-13T22:41:37,N006,N001,92.701
2025-10-13T22:41:38,N010,N004,92.959
2025-10-13T22:41:38,N010,N006,98.168
2025-10-13T22:41:41,N001,N001,88.036
2025-10-13T22:41:43,N006,N007,98.293
2025-10-13T22:41:43,N006,N009,94.050
2025-10-13T22:41:44,N004,N010,94.260
2025-10-13T22:41:46,N006,N003,98.962
2025-10-13T22:41:46,N006,N004,98.032
2025-10-13T22:41:47,N003,N006,92.402
2025-10-13T22:41:50,N003,N006,97.587
2025-10-13T22:41:52,N006,N001,91.982
2025-10-13T22:41:53,N010,N004,93.420
2025-10-13T22:41:53,N010,N006,97.733
2025-10-13T22:41:56,N001,N001,83.187
2025-10-13T22:41:58,N006,N007,98.018
2025-10-13T22:41:58,N006,N009,93.650
2025-10-13T22:41:59,N004,N009,95.338
2025-10-13T22:41:59,N004,N010,93.573
2025-10-13T22:42:01,N006,N003,99.210
2025-10-13T22:42:01,N006,N004,95.270
2025-10-13T22:42:02,N003,N001,94.143
2025-10-13T22:42:02,N003,N004,96.955
2025-10-13T22:42:02,N003,N006,92.427
2025-10-13T22:42:04,N003,N005,88.997
2025-10-13T22:42:05,N003,N006,97.883
2025-10-13T22:42:07,N006,N001,90.550
2025-10-13T22:42:08,N010,N004,93.227
2025-10-13T22:42:08,N010,N006,97.193
2025-10-13T22:42:11,N001,N001,82.579
2025-10-13T22:42:13,N006,N007,97.912
2025-10-13T22:42:13,N006,N009,94.394
2025-10-13T22:42:14,N004,N009,95.224
2025-10-13T22:42:14,N004,N010,93.640
2025-10-13T22:42:16,N006,N003,99.225
2025-10-13T22:42:16,N006,N004,95.495
2025-10-13T22:42:17,N003,N004,97.440
2025-10-13T22:42:17,N003,N006,92.009
2025-10-13T22:42:19,N003,N005,89.862
2025-10-13T22:42:22,N006,N001,90.533
2025-10-13T22:42:23,N010,N004,92.878
2025-10-13T22:42:26,N001,N001,83.173
2025-10-13T22:42:28,N006,N007,97.888
2025-10-13T22:42:28,N006,N009,94.499
2025-10-13T22:42:29,N004,N009,95.146
2025-10-13T22:42:31,N006,N003,99.109
2025-10-13T22:42:31,N006,N004,98.012
2025-10-13T22:42:32,N003,N001,93.304
2025-10-13T22:42:32,N003,N004,97.469
2025-10-13T22:42:32,N003,N006,91.850
2025-10-13T22:42:34,N003,N005,89.806
2025-10-13T22:42:35,N003,N006,98.091
2025-10-13T22:42:37,N006,N001,90.570
2025-10-13T22:42:38,N010,N004,93.016
2025-10-13T22:42:38,N010,N006,96.743
2025-10-13T22:42:43,N006,N007,98.088
2025-10-13T22:42:43,N006,N009,93.743
2025-10-13T22:42:44,N004,N009,93.486
2025-10-13T22:42:44,N004,N010,93.373
2025-10-13T22:42:46,N006,N003,98.979
2025-10-13T22:42:46,N006,N004,98.363
2025-10-13T22:42:47,N003,N001,91.571
2025-10-13T22:42:47,N003,N004,97.119
2025-10-13T22:42:47,N003,N006,91.244
2025-10-13T22:42:49,N003,N005,90.988
2025-10-13T22:42:50,N003,N006,97.199
2025-10-13T22:42:52,N006,N001,90.325
2025-10-13T22:42:53,N010,N004,93.445
2025-10-13T22:42:53,N010,N006,96.842
2025-10-13T22:42:55,N004,N004,91.855
2025-10-13T22:42:55,N004,N006,94.894
2025-10-13T22:42:58,N006,N007,98.088
2025-10-13T22:42:58,N006,N009,91.912
2025-10-13T22:42:59,N004,N009,93.658
2025-10-13T22:43:01,N006,N003,98.921
2025-10-13T22:43:01,N006,N004,96.347
2025-10-13T22:43:02,N003,N001,91.238
2025-10-13T22:43:02,N003,N004,97.335
2025-10-13T22:43:04,N003,N005,91.105
2025-10-13T22:43:05,N003,N006,96.647
2025-10-13T22:43:07,N006,N001,90.914
2025-10-13T22:43:08,N010,N004,93.345
2025-10-13T22:43:08,N010,N006,97.437
2025-10-13T22:43:10,N004,N004,91.048
2025-10-13T22:43:10,N004,N006,95.109
2025-10-13T22:43:13,N006,N007,98.513
2025-10-13T22:43:13,N006,N009,90.932
2025-10-13T22:43:14,N004,N009,93.267
2025-10-13T22:43:14,N004,N010,91.844
2025-10-13T22:43:16,N006,N003,98.768
2025-10-13T22:43:16,N006,N004,96.266
2025-10-13T22:43:17,N003,N001,89.710
2025-10-13T22:43:17,N003,N004,97.051
2025-10-13T22:43:17,N003,N006,91.349
2025-10-13T22:43:20,N003,N006,96.502
2025-10-13T22:43:22,N006,N001,92.844
2025-10-13T22:43:23,N010,N004,92.158
2025-10-13T22:43:23,N010,N006,97.547
2025-10-13T22:43:25,N004,N004,90.160
2025-10-13T22:43:28,N006,N007,98.474
2025-10-13T22:43:28,N006,N009,90.083
2025-10-13T22:43:29,N004,N009,93.510
2025-10-13T22:43:29,N004,N010,92.726
2025-10-13T22:43:31,N006,N003,98.730
2025-10-13T22:43:31,N006,N004,95.805
2025-10-13T22:43:32,N003,N001,86.550
2025-10-13T22:43:32,N003,N004,96.347
2025-10-13T22:43:32,N003,N006,92.222
2025-10-13T22:43:35,N003,N006,96.327
2025-10-13T22:43:35,N008,N005,90.521
2025-10-13T22:43:35,N008,N010,94.779
2025-10-13T22:43:38,N010,N004,92.306
2025-10-13T22:43:38,N010,N006,97.104
2025-10-13T22:43:40,N004,N004,89.798
2025-10-13T22:43:40,N004,N006,97.875
2025-10-13T22:43:43,N006,N007,98.611
2025-10-13T22:43:43,N006,N009,89.476
2025-10-13T22:43:44,N004,N009,95.016
2025-10-13T22:43:44,N004,N010,92.865
2025-10-13T22:43:46,N006,N003,98.186
2025-10-13T22:43:46,N006,N004,95.989
2025-10-13T22:43:49,N003,N005,91.989
2025-10-13T22:43:50,N003,N006,95.506
2025-10-13T22:43:50,N008,N005,91.874
2025-10-13T22:43:50,N008,N010,94.442
2025-10-13T22:43:52,N006,N001,93.393
2025-10-13T22:43:53,N010,N004,92.455
2025-10-13T22:43:53,N010,N006,97.599
2025-10-13T22:43:55,N004,N004,90.869
2025-10-13T22:43:58,N006,N007,98.369
2025-10-13T22:43:58,N006,N009,87.873
2025-10-13T22:43:59,N004,N009,95.116
2025-10-13T22:43:59,N004,N010,93.879
2025-10-13T22:44:01,N006,N003,98.341
2025-10-13T22:44:01,N006,N004,95.195
2025-10-13T22:44:04,N003,N005,94.060
2025-10-13T22:44:05,N003,N006,94.991
2025-10-13T22:44:05,N008,N005,91.709
2025-10-13T22:44:05,N008,N010,94.986
2025-10-13T22:44:07,N006,N001,92.319
2025-10-13T22:44:08,N010,N004,91.059
2025-10-13T22:44:08,N010,N006,97.737
2025-10-13T22:44:10,N004,N004,89.740
2025-10-13T22:44:13,N006,N007,98.367
2025-10-13T22:44:13,N006,N009,87.938
2025-10-13T22:44:14,N004,N009,95.520
2025-10-13T22:44:14,N004,N010,95.822
2025-10-13T22:44:16,N006,N003,98.087
2025-10-13T22:44:16,N006,N004,94.725
2025-10-13T22:44:19,N003,N005,94.180
2025-10-13T22:44:20,N003,N006,95.059
2025-10-13T22:44:20,N008,N005,92.155
2025-10-13T22:44:20,N008,N010,95.363
2025-10-13T22:44:22,N006,N001,90.827
2025-10-13T22:44:23,N010,N004,90.923
2025-10-13T22:44:23,N010,N006,97.635
2025-10-13T22:44:25,N004,N004,88.336
2025-10-13T22:44:25,N004,N006,97.820
2025-10-13T22:44:28,N006,N007,98.402
2025-10-13T22:44:28,N006,N009,89.967
2025-10-13T22:44:29,N004,N009,95.365
2025-10-13T22:44:29,N004,N010,96.121
2025-10-13T22:44:29,N005,N006,91.890
2025-10-13T22:44:31,N006,N003,98.025
2025-10-13T22:44:31,N006,N004,93.603
2025-10-13T22:44:34,N003,N005,92.446
2025-10-13T22:44:35,N003,N006,94.264
2025-10-13T22:44:35,N008,N005,91.597
2025-10-13T22:44:35,N008,N010,96.083
2025-10-13T22:44:38,N010,N004,91.915
2025-10-13T22:44:38,N010,N006,97.997
2025-10-13T22:44:40,N004,N004,87.940
2025-10-13T22:44:40,N004,N006,97.738
2025-10-13T22:44:42,N007,N006,95.842
2025-10-13T22:44:42,N007,N007,95.948
2025-10-13T22:44:43,N006,N007,98.273
2025-10-13T22:44:43,N006,N009,90.994
2025-10-13T22:44:44,N004,N009,95.293
2025-10-13T22:44:44,N004,N010,96.066
2025-10-13T22:44:44,N005,N006,91.622
2025-10-13T22:44:46,N006,N003,97.474
2025-10-13T22:44:46,N006,N004,96.990
2025-10-13T22:44:49,N003,N005,93.417
2025-10-13T22:44:50,N003,N006,93.737
2025-10-13T22:44:50,N008,N005,92.036
2025-10-13T22:44:50,N008,N010,95.964
2025-10-13T22:44:52,N003,N004,98.755
2025-10-13T22:44:52,N003,N005,95.144
2025-10-13T22:44:53,N010,N004,92.704
2025-10-13T22:44:53,N010,N006,98.063
2025-10-13T22:44:55,N004,N004,88.611
2025-10-13T22:44:55,N004,N006,98.550
2025-10-13T22:44:57,N007,N006,96.083
2025-10-13T22:44:58,N006,N007,98.350
2025-10-13T22:44:58,N006,N009,91.230
2025-10-13T22:44:59,N004,N009,96.336
2025-10-13T22:44:59,N004,N010,96.374
2025-10-13T22:45:01,N006,N003,97.479
2025-10-13T22:45:01,N006,N004,92.062
2025-10-13T22:45:05,N008,N005,90.945
2025-10-13T22:45:05,N008,N010,96.525
2025-10-13T22:45:07,N003,N004,98.684
2025-10-13T22:45:07,N003,N005,95.553
2025-10-13T22:45:08,N010,N004,92.226
2025-10-13T22:45:10,N004,N004,91.390
2025-10-13T22:45:10,N004,N006,98.514
2025-10-13T22:45:12,N007,N006,96.334
2025-10-13T22:45:12,N007,N007,95.779
2025-10-13T22:45:13,N006,N007,98.297
2025-10-13T22:45:14,N004,N009,95.689
2025-10-13T22:45:14,N005,N006,90.728
2025-10-13T22:45:16,N006,N003,97.708
2025-10-13T22:45:16,N006,N004,93.123
2025-10-13T22:45:19,N003,N005,93.089
2025-10-13T22:45:20,N003,N006,94.214
2025-10-13T22:45:20,N008,N005,91.328
2025-10-13T22:45:20,N008,N010,96.715
2025-10-13T22:45:22,N003,N004,98.379
2025-10-13T22:45:22,N003,N005,95.915
2025-10-13T22:45:23,N010,N004,91.022
2025-10-13T22:45:23,N010,N006,98.116
2025-10-13T22:45:25,N004,N006,98.279
2025-10-13T22:45:27,N007,N006,96.897
2025-10-13T22:45:27,N007,N007,95.801
2025-10-13T22:45:28,N006,N007,98.448
2025-10-13T22:45:28,N006,N009,93.117
2025-10-13T22:45:29,N005,N006,91.080
2025-10-13T22:45:29,N007,N003,93.039
2025-10-13T22:45:29,N007,N004,94.510
2025-10-13T22:45:29,N007,N006,96.881
2025-10-13T22:45:34,N003,N005,92.273
2025-10-13T22:45:35,N008,N005,88.602
2025-10-13T22:45:35,N008,N010,95.964
2025-10-13T22:45:37,N003,N004,97.649
2025-10-13T22:45:37,N003,N005,95.470
2025-10-13T22:45:38,N001,N003,98.548
2025-10-13T22:45:38,N001,N004,87.170
2025-10-13T22:45:38,N010,N004,91.339
2025-10-13T22:45:38,N010,N006,98.023
2025-10-13T22:45:40,N004,N004,92.059
2025-10-13T22:45:40,N004,N006,97.664
2025-10-13T22:45:42,N007,N006,96.830
2025-10-13T22:45:42,N007,N007,96.258
2025-10-13T22:45:43,N006,N007,98.498
2025-10-13T22:45:43,N006,N009,93.317
2025-10-13T22:45:44,N005,N006,93.632
2025-10-13T22:45:44,N007,N004,93.356
2025-10-13T22:45:44,N007,N006,97.011
2025-10-13T22:45:49,N003,N005,92.252
2025-10-13T22:45:50,N003,N006,97.148
2025-10-13T22:45:50,N008,N005,90.114
2025-10-13T22:45:50,N008,N010,96.131
2025-10-13T22:45:52,N003,N004,97.503
2025-10-13T22:45:53,N001,N003,98.610
2025-10-13T22:45:53,N001,N004,86.267
2025-10-13T22:45:53,N010,N004,90.353
2025-10-13T22:45:53,N010,N006,98.179
2025-10-13T22:45:55,N004,N004,92.616
2025-10-13T22:45:55,N004,N006,97.117
2025-10-13T22:45:57,N007,N006,96.849
2025-10-13T22:45:57,N007,N007,95.775
2025-10-13T22:45:58,N006,N007,98.098
2025-10-13T22:45:58,N006,N009,94.256
2025-10-13T22:45:59,N007,N003,94.332
2025-10-13T22:45:59,N007,N004,93.755
2025-10-13T22:45:59,N007,N006,97.074
2025-10-13T22:46:04,N003,N005,92.121
2025-10-13T22:46:05,N003,N006,97.396
2025-10-13T22:46:05,N008,N005,88.532
2025-10-13T22:46:05,N008,N010,95.634
2025-10-13T22:46:07,N003,N004,97.007
2025-10-13T22:46:07,N003,N005,95.435
2025-10-13T22:46:08,N001,N004,91.611
2025-10-13T22:46:08,N010,N004,90.768
2025-10-13T22:46:08,N010,N006,97.742
2025-10-13T22:46:10,N004,N004,93.013
2025-10-13T22:46:10,N004,N006,97.454
2025-10-13T22:46:12,N007,N006,96.322
2025-10-13T22:46:12,N007,N007,95.711
2025-10-13T22:46:13,N006,N007,97.584
2025-10-13T22:46:13,N006,N009,94.883
2025-10-13T22:46:14,N005,N006,95.589
2025-10-13T22:46:14,N007,N003,94.291
2025-10-13T22:46:14,N007,N004,92.917
2025-10-13T22:46:14,N007,N006,97.196
2025-10-13T22:46:17,N002,N006,97.251
2025-10-13T22:46:19,N003,N005,94.825
2025-10-13T22:46:20,N003,N006,97.443
2025-10-13T22:46:20,N008,N005,88.944
2025-10-13T22:46:20,N008,N010,94.380
2025-10-13T22:46:22,N003,N004,97.234
2025-10-13T22:46:22,N003,N005,95.833
2025-10-13T22:46:22,N004,N005,92.962
2025-10-13T22:46:22,N004,N010,98.870
2025-10-13T22:46:23,N001,N003,98.734
2025-10-13T22:46:23,N001,N004,90.252
2025-10-13T22:46:23,N010,N004,89.871
2025-10-13T22:46:25,N004,N004,93.883
2025-10-13T22:46:25,N004,N006,97.221
2025-10-13T22:46:27,N007,N006,96.191
2025-10-13T22:46:27,N007,N007,94.539
2025-10-13T22:46:28,N006,N007,96.921
2025-10-13T22:46:28,N006,N009,95.655
2025-10-13T22:46:29,N007,N003,93.714
2025-10-13T22:46:29,N007,N004,92.978
2025-10-13T22:46:29,N007,N006,97.500
2025-10-13T22:46:32,N002,N006,96.775
2025-10-13T22:46:32,N002,N010,93.822
2025-10-13T22:46:34,N003,N005,94.962
2025-10-13T22:46:35,N008,N005,89.975
2025-10-13T22:46:35,N008,N010,93.572
2025-10-13T22:46:37,N003,N004,96.377
2025-10-13T22:46:37,N003,N005,96.547
2025-10-13T22:46:37,N004,N005,93.106
2025-10-13T22:46:37,N004,N009,96.611
2025-10-13T22:46:37,N004,N010,98.917
2025-10-13T22:46:38,N001,N003,98.756
2025-10-13T22:46:38,N001,N004,86.159
2025-10-13T22:46:40,N004,N004,93.656
2025-10-13T22:46:40,N004,N006,97.779
2025-10-13T22:46:42,N007,N006,95.098
2025-10-13T22:46:42,N007,N007,94.109
2025-10-13T22:46:44,N005,N006,94.992
2025-10-13T22:46:44,N007,N003,92.557
2025-10-13T22:46:44,N007,N004,92.450
2025-10-13T22:46:47,N002,N006,96.890
2025-10-13T22:46:47,N002,N010,93.684
2025-10-13T22:46:49,N003,N005,94.626
2025-10-13T22:46:50,N008,N005,89.532
2025-10-13T22:46:52,N003,N004,95.380
2025-10-13T22:46:52,N003,N005,96.216
2025-10-13T22:46:52,N004,N009,96.430
2025-10-13T22:46:52,N004,N010,98.941
2025-10-13T22:46:53,N001,N003,98.900
2025-10-13T22:46:53,N001,N004,87.339
2025-10-13T22:46:55,N004,N004,93.115
2025-10-13T22:46:55,N004,N006,97.436
2025-10-13T22:46:57,N007,N006,95.478
2025-10-13T22:46:57,N007,N007,95.297
2025-10-13T22:46:59,N005,N006,94.755
2025-10-13T22:46:59,N007,N004,91.896
2025-10-13T22:46:59,N007,N006,98.222
2025-10-13T22:47:02,N002,N006,96.853
2025-10-13T22:47:02,N002,N010,94.247
2025-10-13T22:47:05,N008,N005,90.767
2025-10-13T22:47:05,N008,N010,93.070
2025-10-13T22:47:07,N003,N004,95.548
2025-10-13T22:47:07,N003,N005,96.655
2025-10-13T22:47:07,N004,N005,94.116
2025-10-13T22:47:07,N004,N009,96.623
2025-10-13T22:47:07,N004,N010,98.861
2025-10-13T22:47:08,N001,N003,98.690
2025-10-13T22:47:08,N001,N004,96.273
2025-10-13T22:47:10,N004,N004,90.413
2025-10-13T22:47:10,N004,N006,97.564
2025-10-13T22:47:12,N007,N006,94.657
2025-10-13T22:47:12,N007,N007,93.927
2025-10-13T22:47:14,N005,N006,94.834
2025-10-13T22:47:14,N007,N004,91.321
2025-10-13T22:47:14,N007,N006,98.254
2025-10-13T22:47:17,N002,N006,96.965
2025-10-13T22:47:17,N002,N010,93.371
2025-10-13T22:47:20,N008,N005,90.195
2025-10-13T22:47:20,N008,N010,91.956
2025-10-13T22:47:22,N003,N004,95.449
2025-10-13T22:47:22,N003,N005,96.702
2025-10-13T22:47:22,N004,N005,94.137
2025-10-13T22:47:22,N004,N010,99.023
2025-10-13T22:47:23,N001,N003,98.472
2025-10-13T22:47:23,N001,N004,90.580
2025-10-13T22:47:25,N004,N004,90.031
2025-10-13T22:47:25,N004,N006,97.274
2025-10-13T22:47:27,N007,N006,94.557
2025-10-13T22:47:27,N007,N007,92.119
2025-10-13T22:47:29,N005,N006,94.609
2025-10-13T22:47:29,N007,N004,90.089
2025-10-13T22:47:29,N007,N006,97.970
2025-10-13T22:47:32,N002,N006,97.282
2025-10-13T22:47:32,N002,N010,92.529
2025-10-13T22:47:35,N008,N005,91.934
2025-10-13T22:47:35,N008,N010,92.663
2025-10-13T22:47:37,N003,N004,95.441
2025-10-13T22:47:37,N003,N005,96.789
2025-10-13T22:47:37,N004,N005,93.633
2025-10-13T22:47:37,N004,N009,97.055
2025-10-13T22:47:37,N004,N010,99.172
2025-10-13T22:47:38,N001,N003,98.383
2025-10-13T22:47:38,N001,N004,90.909
2025-10-13T22:47:40,N004,N004,89.615
2025-10-13T22:47:40,N004,N006,97.149
2025-10-13T22:47:42,N007,N006,94.325
2025-10-13T22:47:42,N007,N007,94.031
2025-10-13T22:47:44,N005,N006,93.654
2025-10-13T22:47:44,N007,N003,87.816
2025-10-13T22:47:44,N007,N004,90.551
2025-10-13T22:47:44,N007,N006,97.878
2025-10-13T22:47:47,N002,N006,97.439
2025-10-13T22:47:47,N002,N010,92.359
2025-10-13T22:47:50,N008,N010,92.546
2025-10-13T22:47:52,N003,N004,96.033
2025-10-13T22:47:52,N004,N005,93.914
2025-10-13T22:47:52,N004,N010,99.095
2025-10-13T22:47:53,N001,N003,98.309
2025-10-13T22:47:53,N001,N004,91.418
2025-10-13T22:47:57,N007,N006,94.472
2025-10-13T22:47:57,N007,N007,94.163
2025-10-13T22:47:59,N005,N006,93.684
2025-10-13T22:47:59,N007,N003,88.607
2025-10-13T22:47:59,N007,N004,90.412
2025-10-13T22:47:59,N007,N006,97.638
2025-10-13T22:48:02,N002,N006,97.935
2025-10-13T22:48:02,N002,N010,94.297
2025-10-13T22:48:05,N008,N005,90.412
2025-10-13T22:48:05,N008,N010,91.576
2025-10-13T22:48:07,N003,N004,96.278
2025-10-13T22:48:07,N003,N005,96.156
2025-10-13T22:48:07,N004,N005,93.941
2025-10-13T22:48:07,N004,N009,96.923
2025-10-13T22:48:07,N004,N010,99.269
2025-10-13T22:48:08,N001,N003,98.391
2025-10-13T22:48:08,N001,N004,92.417
2025-10-13T22:48:09,N010,N008,95.007
2025-10-13T22:48:09,N010,N010,92.988
2025-10-13T22:48:12,N007,N006,95.830
2025-10-13T22:48:12,N007,N007,94.563
2025-10-13T22:48:14,N007,N003,87.065
2025-10-13T22:48:14,N007,N006,97.462
2025-10-13T22:48:17,N002,N006,97.421
2025-10-13T22:48:17,N002,N010,93.892
2025-10-13T22:48:20,N008,N005,91.858
2025-10-13T22:48:20,N008,N010,92.580
2025-10-13T22:48:22,N003,N004,96.715
2025-10-13T22:48:22,N003,N005,94.569
2025-10-13T22:48:22,N004,N005,94.931
2025-10-13T22:48:22,N004,N009,98.026
2025-10-13T22:48:22,N004,N010,99.257
2025-10-13T22:48:23,N001,N003,98.819
2025-10-13T22:48:23,N001,N004,93.125
2025-10-13T22:48:24,N010,N008,94.058
2025-10-13T22:48:24,N010,N010,93.386
2025-10-13T22:48:27,N007,N006,95.737
2025-10-13T22:48:27,N007,N007,94.230
2025-10-13T22:48:29,N005,N006,93.528
2025-10-13T22:48:29,N007,N003,87.755
2025-10-13T22:48:29,N007,N004,90.364
2025-10-13T22:48:29,N007,N006,97.466
2025-10-13T22:48:32,N002,N006,97.299
2025-10-13T22:48:32,N002,N010,95.604
2025-10-13T22:48:37,N003,N004,96.442
2025-10-13T22:48:37,N003,N005,94.130
2025-10-13T22:48:37,N004,N005,95.479
2025-10-13T22:48:37,N004,N010,99.297
2025-10-13T22:48:38,N001,N004,92.266
2025-10-13T22:48:39,N010,N008,92.989
2025-10-13T22:48:39,N010,N010,93.342
2025-10-13T22:48:42,N007,N006,96.122
2025-10-13T22:48:42,N007,N007,93.014
2025-10-13T22:48:44,N005,N006,94.161
2025-10-13T22:48:44,N007,N003,88.132
2025-10-13T22:48:44,N007,N004,91.507
2025-10-13T22:48:44,N007,N006,97.253
2025-10-13T22:48:47,N002,N006,96.559
2025-10-13T22:48:47,N002,N010,96.214
2025-10-13T22:48:52,N003,N004,97.699
2025-10-13T22:48:52,N003,N005,93.750
2025-10-13T22:48:52,N004,N005,95.778
2025-10-13T22:48:52,N004,N009,98.087
2025-10-13T22:48:52,N004,N010,99.373
2025-10-13T22:48:53,N001,N003,99.165
2025-10-13T22:48:53,N001,N004,91.280
2025-10-13T22:48:54,N010,N008,91.214
2025-10-13T22:48:54,N010,N010,93.470
2025-10-13T22:48:57,N007,N006,96.113
2025-10-13T22:48:57,N007,N007,92.940
2025-10-13T22:48:59,N005,N006,93.522
2025-10-13T22:48:59,N007,N003,87.491
2025-10-13T22:48:59,N007,N004,93.231
2025-10-13T22:48:59,N007,N006,96.764
2025-10-13T22:49:02,N002,N006,96.698
2025-10-13T22:49:02,N002,N010,96.782
2025-10-13T22:49:07,N003,N004,97.538
2025-10-13T22:49:07,N004,N005,95.897
2025-10-13T22:49:07,N004,N009,98.517
2025-10-13T22:49:07,N004,N010,99.399
2025-10-13T22:49:08,N001,N003,99.115
2025-10-13T22:49:08,N001,N004,89.494
2025-10-13T22:49:09,N010,N008,90.583
2025-10-13T22:49:09,N010,N010,93.218
2025-10-13T22:49:12,N007,N006,96.625
2025-10-13T22:49:12,N007,N007,94.624
2025-10-13T22:49:14,N005,N006,94.563
2025-10-13T22:49:14,N007,N003,89.032
2025-10-13T22:49:14,N007,N004,93.505
2025-10-13T22:49:14,N007,N006,96.857
2025-10-13T22:49:17,N002,N006,96.134
2025-10-13T22:49:17,N002,N010,97.889
2025-10-13T22:49:21,N010,N003,97.145
2025-10-13T22:49:21,N010,N004,98.179
2025-10-13T22:49:21,N010,N005,96.346
2025-10-13T22:49:22,N003,N004,97.864
2025-10-13T22:49:22,N003,N005,93.285
2025-10-13T22:49:22,N004,N005,95.471
2025-10-13T22:49:22,N004,N009,98.379
2025-10-13T22:49:23,N001,N003,99.199
2025-10-13T22:49:23,N001,N004,88.177
2025-10-13T22:49:24,N010,N008,90.727
2025-10-13T22:49:24,N010,N010,96.243
2025-10-13T22:49:26,N010,N010,92.832
2025-10-13T22:49:27,N007,N006,95.976
2025-10-13T22:49:27,N007,N007,96.140
2025-10-13T22:49:29,N007,N003,89.869
2025-10-13T22:49:29,N007,N006,96.818
2025-10-13T22:49:31,N001,N007,88.065
2025-10-13T22:49:31,N001,N008,94.647
2025-10-13T22:49:32,N002,N006,95.710
2025-10-13T22:49:36,N010,N004,98.053
2025-10-13T22:49:36,N010,N005,96.717
2025-10-13T22:49:37,N003,N005,92.384
2025-10-13T22:49:37,N010,N001,94.640
2025-10-13T22:49:37,N010,N002,97.177
2025-10-13T22:49:37,N010,N003,94.241
2025-10-13T22:49:38,N001,N003,99.282
2025-10-13T22:49:38,N001,N004,86.617
2025-10-13T22:49:39,N010,N008,89.526
2025-10-13T22:49:39,N010,N010,94.014
2025-10-13T22:49:41,N010,N010,93.637
2025-10-13T22:49:44,N007,N003,90.546
2025-10-13T22:49:44,N007,N004,93.243
2025-10-13T22:49:44,N007,N006,96.848
2025-10-13T22:49:46,N001,N007,88.766
2025-10-13T22:49:46,N001,N008,96.369
2025-10-13T22:49:47,N002,N006,95.043
2025-10-13T22:49:47,N002,N010,98.543
2025-10-13T22:49:51,N010,N003,95.463
2025-10-13T22:49:51,N010,N004,97.911
2025-10-13T22:49:52,N004,N005,97.059
2025-10-13T22:49:52,N004,N009,98.694
2025-10-13T22:49:52,N004,N010,99.354
2025-10-13T22:49:52,N010,N001,96.542
2025-10-13T22:49:52,N010,N002,97.227
2025-10-13T22:49:52,N010,N003,93.714
2025-10-13T22:49:53,N001,N004,87.026
2025-10-13T22:49:54,N010,N008,88.674
2025-10-13T22:49:54,N010,N010,92.974
2025-10-13T22:49:56,N010,N010,94.945
2025-10-13T22:49:59,N007,N003,93.774
2025-10-13T22:49:59,N007,N004,92.575
2025-10-13T22:49:59,N007,N006,96.739
2025-10-13T22:50:01,N001,N007,89.458
2025-10-13T22:50:01,N001,N008,96.197
2025-10-13T22:50:02,N002,N006,94.924
2025-10-13T22:50:02,N002,N010,98.325
2025-10-13T22:50:06,N010,N003,95.356
2025-10-13T22:50:06,N010,N004,97.841
2025-10-13T22:50:06,N010,N005,97.015
2025-10-13T22:50:07,N004,N005,96.638
2025-10-13T22:50:07,N004,N009,98.878
2025-10-13T22:50:07,N004,N010,99.432
2025-10-13T22:50:07,N010,N001,97.083
2025-10-13T22:50:07,N010,N003,93.624
2025-10-13T22:50:08,N001,N003,99.290
2025-10-13T22:50:08,N001,N004,86.125
2025-10-13T22:50:09,N010,N010,91.868
2025-10-13T22:50:11,N010,N010,93.676
2025-10-13T22:50:14,N007,N003,92.598
2025-10-13T22:50:14,N007,N006,96.458
2025-10-13T22:50:16,N001,N007,89.780
2025-10-13T22:50:16,N001,N008,96.465
2025-10-13T22:50:17,N002,N006,95.977
2025-10-13T22:50:17,N002,N010,98.351
2025-10-13T22:50:21,N010,N003,96.030
2025-10-13T22:50:21,N010,N004,97.158
2025-10-13T22:50:21,N010,N005,96.941
2025-10-13T22:50:22,N004,N005,97.001
2025-10-13T22:50:22,N004,N009,98.729
2025-10-13T22:50:22,N004,N010,99.458
2025-10-13T22:50:22,N010,N003,93.102
2025-10-13T22:50:23,N001,N003,99.263
2025-10-13T22:50:23,N001,N004,86.942
2025-10-13T22:50:24,N010,N008,91.315
2025-10-13T22:50:24,N010,N010,92.067
2025-10-13T22:50:26,N010,N010,92.570
2025-10-13T22:50:31,N001,N007,90.959
2025-10-13T22:50:31,N001,N008,96.119
2025-10-13T22:50:32,N002,N006,96.468
2025-10-13T22:50:36,N010,N003,96.043
2025-10-13T22:50:36,N010,N004,96.225
2025-10-13T22:50:36,N010,N005,96.664
2025-10-13T22:50:37,N004,N005,97.066
2025-10-13T22:50:37,N004,N009,98.568
2025-10-13T22:50:37,N008,N002,92.450
2025-10-13T22:50:37,N008,N008,92.704
2025-10-13T22:50:37,N008,N010,92.143
2025-10-13T22:50:37,N010,N001,97.232
2025-10-13T22:50:37,N010,N002,97.135
2025-10-13T22:50:37,N010,N003,92.004
2025-10-13T22:50:39,N010,N008,91.813
2025-10-13T22:50:39,N010,N010,91.573
2025-10-13T22:50:41,N010,N010,91.169
2025-10-13T22:50:46,N001,N007,91.452
2025-10-13T22:50:46,N001,N008,95.303
2025-10-13T22:50:46,N004,N007,96.777
2025-10-13T22:50:47,N002,N006,95.864
2025-10-13T22:50:47,N002,N010,98.749
2025-10-13T22:50:51,N010,N003,95.382
2025-10-13T22:50:51,N010,N004,96.129
2025-10-13T22:50:51,N010,N005,97.092
2025-10-13T22:50:52,N004,N005,96.431
2025-10-13T22:50:52,N004,N009,98.371
2025-10-13T22:50:52,N004,N010,99.460
2025-10-13T22:50:52,N008,N002,90.857
2025-10-13T22:50:52,N010,N001,97.492
2025-10-13T22:50:52,N010,N002,97.614
2025-10-13T22:50:52,N010,N003,91.107
2025-10-13T22:50:54,N010,N008,92.167
2025-10-13T22:50:54,N010,N010,91.182
2025-10-13T22:50:56,N010,N010,91.779
2025-10-13T22:51:01,N001,N007,90.709
2025-10-13T22:51:01,N001,N008,94.591
2025-10-13T22:51:01,N004,N007,96.411
2025-10-13T22:51:02,N002,N006,96.658
2025-10-13T22:51:02,N002,N010,98.767
2025-10-13T22:51:06,N010,N003,94.925
2025-10-13T22:51:06,N010,N004,96.147
2025-10-13T22:51:06,N010,N005,97.559
2025-10-13T22:51:07,N004,N005,95.441
2025-10-13T22:51:07,N004,N009,98.335
2025-10-13T22:51:07,N004,N010,99.464
2025-10-13T22:51:07,N008,N002,92.012
2025-10-13T22:51:07,N008,N010,92.487
2025-10-13T22:51:07,N010,N001,97.375
2025-10-13T22:51:07,N010,N003,92.221
2025-10-13T22:51:09,N010,N001,92.756
2025-10-13T22:51:09,N010,N007,96.126
2025-10-13T22:51:09,N010,N008,92.968
2025-10-13T22:51:09,N010,N009,97.017
2025-10-13T22:51:09,N010,N010,98.748
2025-10-13T22:51:11,N010,N010,90.618
2025-10-13T22:51:16,N001,N007,90.526
2025-10-13T22:51:16,N001,N008,94.407
2025-10-13T22:51:16,N004,N007,96.417
2025-10-13T22:51:21,N010,N003,94.307
2025-10-13T22:51:21,N010,N004,95.759
2025-10-13T22:51:21,N010,N005,97.509
2025-10-13T22:51:22,N008,N002,91.809
2025-10-13T22:51:22,N008,N008,92.906
2025-10-13T22:51:22,N008,N010,92.513
2025-10-13T22:51:22,N010,N001,97.952
2025-10-13T22:51:22,N010,N002,97.920
2025-10-13T22:51:22,N010,N003,93.946
2025-10-13T22:51:24,N010,N007,95.331
2025-10-13T22:51:24,N010,N008,92.589
2025-10-13T22:51:24,N010,N010,90.840
2025-10-13T22:51:26,N010,N010,87.424
2025-10-13T22:51:31,N001,N007,91.464
2025-10-13T22:51:31,N001,N008,91.594
2025-10-13T22:51:31,N004,N007,95.788
2025-10-13T22:51:36,N010,N003,94.191
2025-10-13T22:51:36,N010,N005,97.426
2025-10-13T22:51:37,N008,N002,90.311
2025-10-13T22:51:37,N008,N008,92.795
2025-10-13T22:51:37,N008,N010,92.817
2025-10-13T22:51:37,N010,N002,98.194
2025-10-13T22:51:37,N010,N003,95.389
2025-10-13T22:51:39,N010,N001,91.178
2025-10-13T22:51:39,N010,N007,94.693
2025-10-13T22:51:39,N010,N008,93.249
2025-10-13T22:51:39,N010,N009,96.227
2025-10-13T22:51:39,N010,N010,90.601
2025-10-13T22:51:41,N010,N010,85.449
2025-10-13T22:51:46,N001,N007,90.872
2025-10-13T22:51:46,N001,N008,90.923
2025-10-13T22:51:46,N004,N007,96.193
2025-10-13T22:51:51,N010,N003,94.202
2025-10-13T22:51:51,N010,N004,96.357
2025-10-13T22:51:51,N010,N005,96.535
2025-10-13T22:51:52,N008,N002,91.561
2025-10-13T22:51:52,N008,N008,95.422
2025-10-13T22:51:52,N008,N010,92.701
2025-10-13T22:51:52,N010,N001,97.904
2025-10-13T22:51:52,N010,N002,98.010
2025-10-13T22:51:52,N010,N003,96.100
2025-10-13T22:51:54,N010,N001,92.836
2025-10-13T22:51:54,N010,N007,95.004
2025-10-13T22:51:54,N010,N008,94.588
2025-10-13T22:51:54,N010,N009,96.188
2025-10-13T22:51:54,N010,N010,91.524
2025-10-13T22:51:56,N010,N010,82.683
2025-10-13T22:52:01,N001,N007,89.344
2025-10-13T22:52:01,N001,N008,90.257
2025-10-13T22:52:01,N004,N007,95.811
2025-10-13T22:52:04,N006,N006,92.809
2025-10-13T22:52:04,N006,N009,93.870
2025-10-13T22:52:06,N010,N003,94.547
2025-10-13T22:52:06,N010,N004,96.545
2025-10-13T22:52:06,N010,N005,96.566
2025-10-13T22:52:07,N008,N002,89.046
2025-10-13T22:52:07,N008,N008,94.703
2025-10-13T22:52:07,N008,N010,93.561
2025-10-13T22:52:07,N010,N001,98.144
2025-10-13T22:52:07,N010,N002,97.885
2025-10-13T22:52:07,N010,N003,96.813
2025-10-13T22:52:09,N010,N001,92.718
2025-10-13T22:52:09,N010,N007,94.635
2025-10-13T22:52:09,N010,N008,95.845
2025-10-13T22:52:09,N010,N009,95.676
2025-10-13T22:52:09,N010,N010,92.156
2025-10-13T22:52:11,N010,N010,86.163
2025-10-13T22:52:16,N001,N007,90.280
2025-10-13T22:52:16,N004,N007,96.017
2025-10-13T22:52:19,N006,N006,91.996
2025-10-13T22:52:19,N006,N009,94.223
2025-10-13T22:52:21,N010,N003,95.083
2025-10-13T22:52:21,N010,N004,96.547
2025-10-13T22:52:21,N010,N005,95.942
2025-10-13T22:52:22,N008,N002,89.769
2025-10-13T22:52:22,N008,N008,95.618
2025-10-13T22:52:22,N008,N010,93.658
2025-10-13T22:52:22,N010,N001,97.618
2025-10-13T22:52:22,N010,N002,97.592
2025-10-13T22:52:22,N010,N003,96.803
2025-10-13T22:52:24,N010,N001,93.538
2025-10-13T22:52:24,N010,N007,96.364
2025-10-13T22:52:24,N010,N008,96.163
2025-10-13T22:52:24,N010,N010,93.865
2025-10-13T22:52:26,N010,N010,87.381
2025-10-13T22:52:31,N001,N007,89.364
2025-10-13T22:52:31,N001,N008,87.891
2025-10-13T22:52:31,N001,N010,97.443
2025-10-13T22:52:31,N004,N007,98.716
2025-10-13T22:52:34,N006,N006,91.133
2025-10-13T22:52:34,N006,N009,94.612
2025-10-13T22:52:36,N010,N003,95.877
2025-10-13T22:52:36,N010,N004,96.872
2025-10-13T22:52:36,N010,N005,95.173
2025-10-13T22:52:37,N008,N008,95.770
2025-10-13T22:52:37,N008,N010,94.533
2025-10-13T22:52:37,N010,N001,97.630
2025-10-13T22:52:37,N010,N002,97.627
2025-10-13T22:52:37,N010,N003,96.888
2025-10-13T22:52:39,N010,N001,94.822
2025-10-13T22:52:39,N010,N007,96.048
2025-10-13T22:52:39,N010,N008,95.881
2025-10-13T22:52:39,N010,N009,96.147
2025-10-13T22:52:39,N010,N010,91.640
2025-10-13T22:52:41,N010,N010,88.643
2025-10-13T22:52:46,N001,N007,88.638
2025-10-13T22:52:46,N001,N008,87.746
2025-10-13T22:52:46,N001,N010,97.882
2025-10-13T22:52:46,N004,N007,96.079
2025-10-13T22:52:49,N006,N009,94.617
2025-10-13T22:52:51,N010,N003,96.057
2025-10-13T22:52:51,N010,N004,97.685
2025-10-13T22:52:51,N010,N005,95.251
2025-10-13T22:52:52,N008,N002,90.195
2025-10-13T22:52:52,N008,N010,94.801
2025-10-13T22:52:52,N010,N001,97.711
2025-10-13T22:52:52,N010,N002,97.380
2025-10-13T22:52:54,N010,N001,95.177
2025-10-13T22:52:54,N010,N007,96.960
2025-10-13T22:52:54,N010,N008,96.734
2025-10-13T22:52:54,N010,N009,95.722
2025-10-13T22:52:54,N010,N010,99.116
2025-10-13T22:52:56,N010,N010,89.435
2025-10-13T22:53:01,N001,N008,89.329
2025-10-13T22:53:01,N001,N010,98.207
2025-10-13T22:53:01,N004,N007,96.208
2025-10-13T22:53:04,N006,N006,91.363
2025-10-13T22:53:04,N006,N009,95.416
2025-10-13T22:53:06,N010,N003,96.456
2025-10-13T22:53:06,N010,N005,95.274
2025-10-13T22:53:07,N008,N002,93.190
2025-10-13T22:53:07,N008,N010,96.385
2025-10-13T22:53:07,N010,N001,97.523
2025-10-13T22:53:09,N010,N001,95.244
2025-10-13T22:53:09,N010,N009,96.603
2025-10-13T22:53:11,N010,N010,91.366
2025-10-13T22:53:16,N001,N007,85.380
2025-10-13T22:53:16,N001,N008,90.467
2025-10-13T22:53:16,N001,N010,98.026
2025-10-13T22:53:16,N004,N007,96.782
2025-10-13T22:53:19,N006,N006,91.235
2025-10-13T22:53:19,N006,N009,96.023
2025-10-13T22:53:21,N010,N003,96.423
2025-10-13T22:53:21,N010,N004,97.497
2025-10-13T22:53:22,N008,N002,94.023
2025-10-13T22:53:22,N008,N008,98.004
2025-10-13T22:53:22,N008,N010,96.424
2025-10-13T22:53:22,N010,N001,97.125
2025-10-13T22:53:22,N010,N002,96.506
2025-10-13T22:53:22,N010,N003,96.922
2025-10-13T22:53:24,N010,N001,95.503
2025-10-13T22:53:24,N010,N007,97.546
2025-10-13T22:53:24,N010,N009,96.762
2025-10-13T22:53:26,N010,N010,91.564
2025-10-13T22:53:31,N001,N007,85.134
2025-10-13T22:53:31,N001,N008,88.926
2025-10-13T22:53:31,N001,N010,99.089
2025-10-13T22:53:31,N004,N007,97.002
2025-10-13T22:53:34,N006,N006,89.858
2025-10-13T22:53:34,N006,N009,96.711
2025-10-13T22:53:36,N010,N003,96.120
2025-10-13T22:53:36,N010,N004,97.607
2025-10-13T22:53:36,N010,N005,95.270
2025-10-13T22:53:37,N008,N002,93.182
2025-10-13T22:53:37,N008,N008,98.178
2025-10-13T22:53:37,N008,N010,97.348
2025-10-13T22:53:37,N010,N001,97.313
2025-10-13T22:53:37,N010,N002,96.976
2025-10-13T22:53:37,N010,N003,96.716
2025-10-13T22:53:38,N008,N002,91.629
2025-10-13T22:53:38,N008,N004,96.865
2025-10-13T22:53:39,N010,N001,96.075
2025-10-13T22:53:39,N010,N007,97.326
2025-10-13T22:53:39,N010,N009,97.320
2025-10-13T22:53:41,N010,N010,91.878
2025-10-13T22:53:46,N001,N007,79.899
2025-10-13T22:53:46,N001,N008,89.502
2025-10-13T22:53:46,N001,N010,97.984
2025-10-13T22:53:46,N004,N007,97.312
2025-10-13T22:53:49,N006,N006,89.667
2025-10-13T22:53:51,N010,N003,96.756
2025-10-13T22:53:51,N010,N004,97.644
2025-10-13T22:53:51,N010,N005,94.845
2025-10-13T22:53:52,N008,N002,94.562
2025-10-13T22:53:52,N008,N008,97.985
2025-10-13T22:53:52,N008,N010,97.342
2025-10-13T22:53:52,N010,N001,97.514
2025-10-13T22:53:52,N010,N002,96.895
2025-10-13T22:53:53,N008,N002,90.309
2025-10-13T22:53:53,N008,N004,96.760
2025-10-13T22:53:54,N010,N001,96.069
2025-10-13T22:53:54,N010,N007,97.664
2025-10-13T22:53:54,N010,N009,97.225
2025-10-13T22:53:56,N010,N010,92.218
2025-10-13T22:54:01,N001,N007,77.681
2025-10-13T22:54:01,N001,N010,98.045
2025-10-13T22:54:01,N004,N007,99.216
2025-10-13T22:54:04,N006,N006,88.452
2025-10-13T22:54:04,N006,N009,96.859
2025-10-13T22:54:06,N010,N003,96.753
2025-10-13T22:54:06,N010,N004,97.973
2025-10-13T22:54:06,N010,N005,94.458
2025-10-13T22:54:07,N008,N002,94.627
2025-10-13T22:54:07,N008,N008,97.349
2025-10-13T22:54:07,N008,N010,97.703
2025-10-13T22:54:07,N010,N001,97.383
2025-10-13T22:54:07,N010,N002,96.611
2025-10-13T22:54:07,N010,N003,95.754
2025-10-13T22:54:08,N008,N002,91.887
2025-10-13T22:54:08,N008,N004,96.884
2025-10-13T22:54:09,N010,N001,95.636
2025-10-13T22:54:09,N010,N007,97.262
2025-10-13T22:54:09,N010,N009,97.217
2025-10-13T22:54:11,N010,N010,93.159
2025-10-13T22:54:15,N003,N007,95.858
2025-10-13T22:54:16,N001,N007,80.105
2025-10-13T22:54:16,N001,N008,90.389
2025-10-13T22:54:16,N001,N010,98.566
2025-10-13T22:54:16,N004,N007,97.542
2025-10-13T22:54:19,N006,N006,88.510
2025-10-13T22:54:19,N006,N009,96.614
2025-10-13T22:54:22,N008,N010,97.873
2025-10-13T22:54:22,N010,N001,97.716
2025-10-13T22:54:22,N010,N002,96.864
2025-10-13T22:54:22,N010,N003,95.006
2025-10-13T22:54:23,N008,N002,89.787
2025-10-13T22:54:23,N008,N004,97.509
2025-10-13T22:54:24,N010,N007,97.424
2025-10-13T22:54:24,N010,N009,97.072
2025-10-13T22:54:26,N007,N005,90.420
2025-10-13T22:54:26,N007,N006,91.971
2025-10-13T22:54:26,N007,N010,92.625
2025-10-13T22:54:29,N005,N004,91.059
2025-10-13T22:54:29,N006,N008,98.367
2025-10-13T22:54:30,N003,N007,96.257
2025-10-13T22:54:30,N003,N010,93.715
2025-10-13T22:54:31,N001,N010,97.799
2025-10-13T22:54:31,N004,N007,97.549
2025-10-13T22:54:34,N006,N009,96.675
2025-10-13T22:54:37,N008,N002,95.028
2025-10-13T22:54:37,N008,N008,96.520
2025-10-13T22:54:37,N008,N010,97.830
2025-10-13T22:54:38,N008,N002,89.677
2025-10-13T22:54:39,N010,N001,95.672
2025-10-13T22:54:39,N010,N009,96.811
2025-10-13T22:54:41,N007,N005,88.628
2025-10-13T22:54:41,N007,N006,92.579
2025-10-13T22:54:41,N007,N010,92.420
2025-10-13T22:54:44,N005,N004,92.656
2025-10-13T22:54:44,N006,N008,98.480
2025-10-13T22:54:45,N003,N007,96.775
2025-10-13T22:54:45,N003,N010,95.007
2025-10-13T22:54:46,N001,N010,97.692
2025-10-13T22:54:46,N004,N007,97.909
2025-10-13T22:54:49,N006,N006,91.925
2025-10-13T22:54:49,N006,N009,97.299
2025-10-13T22:54:52,N008,N002,94.007
2025-10-13T22:54:52,N008,N008,95.895
2025-10-13T22:54:53,N008,N002,87.359
2025-10-13T22:54:53,N008,N004,97.940
2025-10-13T22:54:54,N010,N001,95.657
2025-10-13T22:54:54,N010,N007,97.867
2025-10-13T22:54:54,N010,N009,96.338
2025-10-13T22:54:56,N007,N005,89.982
2025-10-13T22:54:56,N007,N006,92.632
2025-10-13T22:54:59,N005,N004,93.836
2025-10-13T22:54:59,N006,N008,98.462
2025-10-13T22:55:00,N003,N010,95.200
2025-10-13T22:55:00,N007,N002,91.554
2025-10-13T22:55:00,N007,N005,91.258
2025-10-13T22:55:01,N001,N010,97.396
2025-10-13T22:55:01,N004,N007,97.981
2025-10-13T22:55:04,N006,N006,93.493
2025-10-13T22:55:04,N006,N009,97.240
2025-10-13T22:55:07,N008,N002,95.196
2025-10-13T22:55:07,N008,N008,95.593
2025-10-13T22:55:07,N008,N010,98.056
2025-10-13T22:55:08,N008,N002,85.678
2025-10-13T22:55:08,N008,N004,98.292
2025-10-13T22:55:09,N010,N001,96.003
2025-10-13T22:55:09,N010,N007,97.838
2025-10-13T22:55:09,N010,N009,96.123
2025-10-13T22:55:11,N007,N005,90.763
2025-10-13T22:55:11,N007,N006,93.576
2025-10-13T22:55:11,N007,N010,93.851
2025-10-13T22:55:14,N005,N004,94.984
2025-10-13T22:55:14,N006,N003,93.369
2025-10-13T22:55:14,N006,N008,97.957
2025-10-13T22:55:15,N003,N007,96.185
2025-10-13T22:55:15,N003,N010,96.010
2025-10-13T22:55:15,N007,N002,92.728
2025-10-13T22:55:15,N007,N005,89.826
2025-10-13T22:55:16,N001,N010,97.093
2025-10-13T22:55:16,N004,N007,97.879
2025-10-13T22:55:19,N006,N006,93.452
2025-10-13T22:55:19,N006,N009,96.608
2025-10-13T22:55:22,N008,N002,95.707
2025-10-13T22:55:22,N008,N008,95.712
2025-10-13T22:55:22,N008,N010,97.960
2025-10-13T22:55:23,N008,N002,83.746
2025-10-13T22:55:23,N008,N004,98.754
2025-10-13T22:55:24,N010,N001,95.714
2025-10-13T22:55:24,N010,N007,96.793
2025-10-13T22:55:24,N010,N009,96.324
2025-10-13T22:55:26,N007,N005,91.074
2025-10-13T22:55:26,N007,N006,93.223
2025-10-13T22:55:26,N007,N010,93.532
2025-10-13T22:55:29,N005,N004,95.645
2025-10-13T22:55:29,N006,N003,93.212
2025-10-13T22:55:29,N006,N008,97.701
2025-10-13T22:55:30,N003,N007,96.156
2025-10-13T22:55:30,N003,N010,95.725
2025-10-13T22:55:30,N007,N002,93.457
2025-10-13T22:55:30,N007,N005,87.888
2025-10-13T22:55:31,N001,N010,97.060
2025-10-13T22:55:31,N004,N007,97.651
2025-10-13T22:55:34,N006,N006,93.357
2025-10-13T22:55:34,N006,N009,97.182
2025-10-13T22:55:38,N008,N002,84.427
2025-10-13T22:55:38,N008,N004,98.892
2025-10-13T22:55:39,N010,N001,94.783
2025-10-13T22:55:39,N010,N009,95.202
2025-10-13T22:55:41,N007,N005,92.108
2025-10-13T22:55:41,N007,N006,92.401
2025-10-13T22:55:41,N007,N010,94.347
2025-10-13T22:55:44,N005,N004,95.998
2025-10-13T22:55:44,N006,N003,92.462
2025-10-13T22:55:44,N006,N008,97.595
2025-10-13T22:55:45,N003,N007,95.708
2025-10-13T22:55:45,N003,N010,95.258
2025-10-13T22:55:45,N007,N002,93.627
2025-10-13T22:55:45,N007,N005,87.923
2025-10-13T22:55:46,N001,N010,96.992
2025-10-13T22:55:49,N006,N006,93.949
2025-10-13T22:55:49,N006,N009,97.300
2025-10-13T22:55:53,N008,N002,84.891
2025-10-13T22:55:53,N008,N004,98.979
2025-10-13T22:55:54,N010,N001,94.873
2025-10-13T22:55:54,N010,N007,96.203
2025-10-13T22:55:54,N010,N009,94.183
2025-10-13T22:55:56,N007,N005,91.186
2025-10-13T22:55:56,N007,N006,93.011
2025-10-13T22:55:56,N007,N010,96.526
2025-10-13T22:55:59,N005,N004,95.700
2025-10-13T22:55:59,N006,N003,91.845
2025-10-13T22:56:00,N003,N007,95.755
2025-10-13T22:56:00,N003,N010,96.114
2025-10-13T22:56:00,N007,N002,93.924
2025-10-13T22:56:00,N007,N005,86.268
2025-10-13T22:56:01,N001,N010,96.732
2025-10-13T22:56:04,N006,N006,93.191
2025-10-13T22:56:04,N006,N009,96.722
2025-10-13T22:56:08,N008,N002,85.321
2025-10-13T22:56:08,N008,N004,98.766
2025-10-13T22:56:11,N007,N005,91.536
2025-10-13T22:56:11,N007,N006,94.309
2025-10-13T22:56:14,N005,N004,95.798
2025-10-13T22:56:14,N006,N003,91.600
2025-10-13T22:56:14,N006,N008,96.878
2025-10-13T22:56:15,N003,N007,95.296
2025-10-13T22:56:15,N003,N010,96.565
2025-10-13T22:56:15,N007,N005,88.496
2025-10-13T22:56:16,N001,N010,96.893
2025-10-13T22:56:19,N006,N006,91.365
2025-10-13T22:56:19,N006,N009,97.656
2025-10-13T22:56:23,N008,N002,82.872
2025-10-13T22:56:23,N008,N004,98.705
2025-10-13T22:56:26,N007,N005,92.751
2025-10-13T22:56:26,N007,N006,95.145
2025-10-13T22:56:26,N007,N010,97.273
2025-10-13T22:56:29,N005,N004,96.320
2025-10-13T22:56:29,N006,N003,88.830
2025-10-13T22:56:29,N006,N008,97.232
2025-10-13T22:56:30,N003,N007,95.653
2025-10-13T22:56:30,N003,N010,96.729
2025-10-13T22:56:30,N007,N002,95.746
2025-10-13T22:56:30,N007,N005,86.971
2025-10-13T22:56:31,N001,N010,97.079
2025-10-13T22:56:34,N006,N006,90.439
2025-10-13T22:56:34,N006,N009,97.009
2025-10-13T22:56:38,N008,N002,85.728
2025-10-13T22:56:41,N007,N005,93.400
2025-10-13T22:56:41,N007,N006,94.717
2025-10-13T22:56:44,N005,N004,96.319
2025-10-13T22:56:44,N006,N003,90.537
2025-10-13T22:56:44,N006,N008,97.153
2025-10-13T22:56:45,N003,N007,94.682
2025-10-13T22:56:45,N003,N010,97.184
2025-10-13T22:56:45,N007,N002,95.606
2025-10-13T22:56:45,N007,N005,85.955
2025-10-13T22:56:46,N001,N010,98.079
2025-10-13T22:56:49,N006,N009,96.437
2025-10-13T22:56:53,N008,N002,88.301
2025-10-13T22:56:53,N008,N004,98.721
2025-10-13T22:56:56,N007,N005,94.053
2025-10-13T22:56:56,N007,N006,94.848
2025-10-13T22:56:56,N007,N010,98.571
2025-10-13T22:56:59,N006,N003,87.956
2025-10-13T22:56:59,N006,N008,97.408
2025-10-13T22:57:00,N003,N007,95.197
2025-10-13T22:57:00,N007,N002,95.530
2025-10-13T22:57:00,N007,N005,83.789
2025-10-13T22:57:01,N001,N010,98.185
2025-10-13T22:57:08,N008,N004,98.984
2025-10-13T22:57:10,N007,N010,87.084
2025-10-13T22:57:11,N007,N005,95.428
2025-10-13T22:57:11,N007,N006,93.456
2025-10-13T22:57:11,N007,N010,98.937
2025-10-13T22:57:14,N005,N004,97.248
2025-10-13T22:57:14,N006,N008,96.754
2025-10-13T22:57:15,N003,N007,94.949
2025-10-13T22:57:15,N007,N002,93.820
2025-10-13T22:57:15,N007,N005,84.753
2025-10-13T22:57:16,N001,N010,98.183
2025-10-13T22:57:23,N008,N002,91.906
2025-10-13T22:57:23,N008,N004,98.904
2025-10-13T22:57:25,N007,N009,98.458
2025-10-13T22:57:25,N007,N010,86.409
2025-10-13T22:57:26,N007,N006,92.030
2025-10-13T22:57:26,N007,N010,98.998
2025-10-13T22:57:29,N005,N004,96.546
2025-10-13T22:57:29,N006,N003,89.844
2025-10-13T22:57:29,N006,N008,97.670
2025-10-13T22:57:30,N003,N007,94.528
2025-10-13T22:57:30,N007,N002,93.467
2025-10-13T22:57:30,N007,N005,88.725
2025-10-13T22:57:38,N008,N002,92.751
2025-10-13T22:57:38,N008,N004,99.075
2025-10-13T22:57:40,N007,N009,98.196
2025-10-13T22:57:40,N007,N010,86.942
2025-10-13T22:57:41,N007,N005,94.237
2025-10-13T22:57:41,N007,N006,91.509
2025-10-13T22:57:41,N007,N010,99.033
2025-10-13T22:57:44,N005,N004,96.878
2025-10-13T22:57:44,N006,N003,91.995
2025-10-13T22:57:44,N006,N008,97.666
2025-10-13T22:57:45,N003,N007,93.670
2025-10-13T22:57:45,N003,N010,96.468
2025-10-13T22:57:45,N007,N002,92.542
2025-10-13T22:57:45,N007,N005,87.792
2025-10-13T22:57:53,N008,N002,92.679
2025-10-13T22:57:53,N008,N004,99.008
2025-10-13T22:57:55,N007,N009,97.635
2025-10-13T22:57:55,N007,N010,87.775
2025-10-13T22:57:56,N001,N001,90.180
2025-10-13T22:57:56,N001,N004,93.766
2025-10-13T22:57:56,N001,N010,92.692
2025-10-13T22:57:56,N007,N005,93.175
2025-10-13T22:57:56,N007,N006,90.552
2025-10-13T22:57:56,N007,N010,98.940
2025-10-13T22:57:59,N005,N004,96.931
2025-10-13T22:57:59,N006,N003,92.407
2025-10-13T22:57:59,N006,N008,98.004
2025-10-13T22:58:00,N003,N010,95.429
2025-10-13T22:58:00,N007,N002,89.679
2025-10-13T22:58:00,N007,N005,88.224
2025-10-13T22:58:08,N008,N002,92.940
2025-10-13T22:58:08,N008,N004,98.856
2025-10-13T22:58:10,N007,N009,97.833
2025-10-13T22:58:10,N007,N010,86.432
2025-10-13T22:58:11,N001,N001,90.196
2025-10-13T22:58:11,N001,N004,94.956
2025-10-13T22:58:11,N001,N010,93.093
2025-10-13T22:58:11,N007,N006,90.482
2025-10-13T22:58:11,N007,N010,98.773
2025-10-13T22:58:14,N005,N004,97.399
2025-10-13T22:58:14,N006,N003,93.076
2025-10-13T22:58:14,N006,N008,97.949
2025-10-13T22:58:15,N003,N007,95.052
2025-10-13T22:58:15,N003,N010,95.670
2025-10-13T22:58:15,N007,N002,87.498
2025-10-13T22:58:15,N007,N005,89.357
2025-10-13T22:58:23,N008,N002,92.929
2025-10-13T22:58:23,N008,N004,98.697
2025-10-13T22:58:25,N007,N009,97.838
2025-10-13T22:58:25,N007,N010,84.605
2025-10-13T22:58:26,N001,N001,90.174
2025-10-13T22:58:26,N001,N004,96.189
2025-10-13T22:58:26,N001,N010,94.631
2025-10-13T22:58:26,N007,N005,94.018
2025-10-13T22:58:26,N007,N006,87.639
2025-10-13T22:58:26,N007,N010,98.797
2025-10-13T22:58:29,N005,N004,97.314
2025-10-13T22:58:29,N006,N003,94.188
2025-10-13T22:58:30,N003,N007,94.146
2025-10-13T22:58:30,N003,N010,95.824
2025-10-13T22:58:30,N007,N002,86.018
2025-10-13T22:58:30,N007,N005,86.707
2025-10-13T22:58:40,N007,N009,97.689
2025-10-13T22:58:40,N007,N010,80.443
2025-10-13T22:58:41,N001,N001,90.206
2025-10-13T22:58:41,N001,N004,96.464
2025-10-13T22:58:41,N001,N010,93.790
2025-10-13T22:58:41,N007,N005,92.868
2025-10-13T22:58:41,N007,N006,86.983
2025-10-13T22:58:41,N007,N010,98.650
2025-10-13T22:58:44,N005,N004,97.512
2025-10-13T22:58:44,N006,N003,94.947
2025-10-13T22:58:44,N006,N008,97.605
2025-10-13T22:58:45,N003,N010,96.198
2025-10-13T22:58:45,N007,N002,82.618
2025-10-13T22:58:45,N007,N005,86.702
2025-10-13T22:58:55,N007,N009,97.543
2025-10-13T22:58:55,N007,N010,76.984
2025-10-13T22:58:56,N001,N001,93.050
2025-10-13T22:58:56,N001,N004,95.598
2025-10-13T22:58:56,N001,N010,93.852
2025-10-13T22:58:56,N007,N005,92.108
2025-10-13T22:58:56,N007,N006,87.865
2025-10-13T22:58:56,N007,N010,98.523
2025-10-13T22:58:59,N002,N005,95.120
2025-10-13T22:58:59,N006,N003,95.435
2025-10-13T22:58:59,N006,N008,98.073
2025-10-13T22:59:00,N003,N007,96.293
2025-10-13T22:59:00,N003,N010,96.877
2025-10-13T22:59:00,N007,N002,82.395
2025-10-13T22:59:00,N007,N005,86.290
2025-10-13T22:59:01,N010,N001,91.430
2025-10-13T22:59:01,N010,N002,93.071
2025-10-13T22:59:01,N010,N006,92.253
2025-10-13T22:59:10,N007,N009,96.327
2025-10-13T22:59:10,N007,N010,74.643
2025-10-13T22:59:11,N001,N001,94.151
2025-10-13T22:59:11,N001,N004,94.702
2025-10-13T22:59:11,N001,N010,94.199
2025-10-13T22:59:11,N007,N005,91.378
2025-10-13T22:59:11,N007,N006,87.364
2025-10-13T22:59:11,N007,N010,98.366
2025-10-13T22:59:14,N002,N005,95.667
2025-10-13T22:59:14,N005,N004,97.692
2025-10-13T22:59:15,N007,N002,82.800
2025-10-13T22:59:15,N007,N005,82.886
2025-10-13T22:59:16,N010,N001,91.010
2025-10-13T22:59:16,N010,N002,94.802
2025-10-13T22:59:16,N010,N006,91.028
2025-10-13T22:59:25,N007,N009,96.977
2025-10-13T22:59:25,N007,N010,84.232
2025-10-13T22:59:26,N001,N001,93.843
2025-10-13T22:59:26,N001,N004,94.797
2025-10-13T22:59:26,N001,N010,95.444
2025-10-13T22:59:29,N002,N005,96.255
2025-10-13T22:59:30,N007,N002,85.874
2025-10-13T22:59:30,N007,N005,81.453
2025-10-13T22:59:31,N010,N001,90.495
2025-10-13T22:59:31,N010,N002,95.225
2025-10-13T22:59:31,N010,N006,90.639
2025-10-13T22:59:40,N007,N009,96.686
2025-10-13T22:59:40,N007,N010,74.344
2025-10-13T22:59:41,N001,N001,95.947
2025-10-13T22:59:41,N001,N004,94.354
2025-10-13T22:59:41,N001,N010,94.844
2025-10-13T22:59:41,N009,N002,89.115
2025-10-13T22:59:41,N009,N003,98.616
2025-10-13T22:59:44,N002,N005,95.669
2025-10-13T22:59:45,N007,N002,86.470
2025-10-13T22:59:45,N007,N005,77.304
2025-10-13T22:59:46,N010,N001,89.475
2025-10-13T22:59:46,N010,N002,94.759
2025-10-13T22:59:46,N010,N006,89.262
2025-10-13T22:59:49,N002,N007,87.254
2025-10-13T22:59:55,N007,N009,96.497
2025-10-13T22:59:55,N007,N010,71.988
2025-10-13T22:59:56,N001,N001,95.562
2025-10-13T22:59:56,N001,N004,94.272
2025-10-13T22:59:56,N001,N010,94.501
2025-10-13T22:59:56,N009,N002,89.017
2025-10-13T22:59:56,N009,N003,98.308
2025-10-13T22:59:59,N002,N005,94.703
2025-10-13T22:59:59,N004,N010,88.361
2025-10-13T23:00:01,N010,N001,87.496
2025-10-13T23:00:01,N010,N002,95.222
2025-10-13T23:00:01,N010,N006,87.429
2025-10-13T23:00:04,N002,N007,86.455
2025-10-13T23:00:10,N007,N009,96.706
2025-10-13T23:00:10,N007,N010,68.554
2025-10-13T23:00:11,N001,N001,95.944
2025-10-13T23:00:11,N001,N004,93.765
2025-10-13T23:00:11,N001,N010,93.602
2025-10-13T23:00:11,N009,N002,90.524
2025-10-13T23:00:11,N009,N003,98.247
2025-10-13T23:00:14,N002,N005,92.957
2025-10-13T23:00:14,N004,N010,89.894
2025-10-13T23:00:16,N010,N001,88.288
2025-10-13T23:00:16,N010,N002,96.090
2025-10-13T23:00:16,N010,N006,89.117
2025-10-13T23:00:19,N002,N007,86.904
2025-10-13T23:00:25,N007,N009,97.070
2025-10-13T23:00:25,N007,N010,72.353
2025-10-13T23:00:26,N001,N001,95.939
2025-10-13T23:00:26,N001,N004,91.753
2025-10-13T23:00:26,N001,N010,93.253
2025-10-13T23:00:26,N009,N002,89.738
2025-10-13T23:00:26,N009,N003,98.089
2025-10-13T23:00:29,N002,N005,93.297
2025-10-13T23:00:29,N004,N010,90.508
2025-10-13T23:00:31,N010,N002,96.421
2025-10-13T23:00:31,N010,N006,88.888
2025-10-13T23:00:34,N002,N007,87.790
2025-10-13T23:00:35,N005,N004,94.736
2025-10-13T23:00:35,N005,N006,92.806
2025-10-13T23:00:35,N005,N007,95.977
2025-10-13T23:00:40,N007,N009,98.098
2025-10-13T23:00:40,N007,N010,78.900
2025-10-13T23:00:41,N001,N001,95.524
2025-10-13T23:00:41,N001,N004,92.548
2025-10-13T23:00:41,N001,N010,91.974
2025-10-13T23:00:41,N009,N002,90.393
2025-10-13T23:00:41,N009,N003,97.822
2025-10-13T23:00:44,N004,N010,89.757
2025-10-13T23:00:46,N010,N002,96.480
2025-10-13T23:00:46,N010,N006,87.649
2025-10-13T23:00:49,N002,N007,89.173
2025-10-13T23:00:50,N005,N007,95.058
2025-10-13T23:00:55,N007,N009,98.200
2025-10-13T23:00:55,N007,N010,80.750
2025-10-13T23:00:56,N001,N001,95.560
2025-10-13T23:00:56,N001,N004,92.320
2025-10-13T23:00:56,N009,N002,90.455
2025-10-13T23:00:56,N009,N003,98.025
2025-10-13T23:00:59,N004,N010,90.750
2025-10-13T23:01:01,N010,N001,89.861
2025-10-13T23:01:01,N010,N002,95.945
2025-10-13T23:01:01,N010,N006,87.895
2025-10-13T23:01:04,N002,N007,86.965
2025-10-13T23:01:05,N005,N004,91.707
2025-10-13T23:01:05,N005,N006,91.547
2025-10-13T23:01:05,N005,N007,95.829
2025-10-13T23:01:10,N007,N009,98.262
2025-10-13T23:01:10,N007,N010,81.766
2025-10-13T23:01:11,N001,N001,93.464
2025-10-13T23:01:11,N001,N004,94.393
2025-10-13T23:01:11,N001,N010,93.039
2025-10-13T23:01:11,N009,N002,89.411
2025-10-13T23:01:11,N009,N003,97.710
2025-10-13T23:01:14,N002,N005,85.785
2025-10-13T23:01:14,N004,N010,90.071
2025-10-13T23:01:15,N009,N004,98.732
2025-10-13T23:01:15,N009,N006,98.630
2025-10-13T23:01:15,N009,N008,98.601
2025-10-13T23:01:16,N010,N001,89.488
2025-10-13T23:01:16,N010,N002,95.122
2025-10-13T23:01:16,N010,N006,86.053
2025-10-13T23:01:19,N002,N007,84.361
2025-10-13T23:01:20,N005,N004,90.567
2025-10-13T23:01:20,N005,N006,91.837
2025-10-13T23:01:20,N005,N007,95.464
2025-10-13T23:01:25,N007,N009,97.976
2025-10-13T23:01:25,N007,N010,92.683
2025-10-13T23:01:26,N001,N001,91.269
2025-10-13T23:01:26,N001,N004,95.312
2025-10-13T23:01:26,N001,N010,91.426
2025-10-13T23:01:26,N009,N002,88.893
2025-10-13T23:01:26,N009,N003,98.268
2025-10-13T23:01:29,N004,N010,89.520
2025-10-13T23:01:30,N009,N004,98.369
2025-10-13T23:01:30,N009,N006,98.626
2025-10-13T23:01:30,N009,N008,98.301
2025-10-13T23:01:31,N010,N001,89.737
2025-10-13T23:01:31,N010,N002,94.762
2025-10-13T23:01:31,N010,N006,87.069
2025-10-13T23:01:34,N002,N007,85.029
2025-10-13T23:01:35,N005,N004,91.398
2025-10-13T23:01:35,N005,N006,92.174
2025-10-13T23:01:35,N005,N007,96.395
2025-10-13T23:01:40,N007,N009,98.019
2025-10-13T23:01:40,N007,N010,84.523
2025-10-13T23:01:41,N001,N001,90.675
2025-10-13T23:01:41,N001,N004,95.770
2025-10-13T23:01:41,N001,N010,90.833
2025-10-13T23:01:41,N009,N002,87.546
2025-10-13T23:01:41,N009,N003,98.324
2025-10-13T23:01:44,N002,N005,83.734
2025-10-13T23:01:44,N004,N010,88.881
2025-10-13T23:01:45,N009,N004,98.276
2025-10-13T23:01:45,N009,N006,98.856
2025-10-13T23:01:45,N009,N008,97.960
2025-10-13T23:01:46,N010,N001,89.611
2025-10-13T23:01:46,N010,N002,94.710
2025-10-13T23:01:46,N010,N006,87.237
2025-10-13T23:01:48,N006,N006,96.899
2025-10-13T23:01:49,N002,N007,83.130
2025-10-13T23:01:50,N005,N004,89.780
2025-10-13T23:01:50,N005,N006,91.679
2025-10-13T23:01:50,N005,N007,96.651
2025-10-13T23:01:55,N007,N009,97.876
2025-10-13T23:01:55,N007,N010,85.741
2025-10-13T23:01:56,N001,N001,89.127
2025-10-13T23:01:56,N001,N004,97.103
2025-10-13T23:01:56,N001,N010,91.053
2025-10-13T23:01:56,N009,N002,80.994
2025-10-13T23:01:56,N009,N003,98.592
2025-10-13T23:01:59,N002,N005,83.149
2025-10-13T23:01:59,N004,N010,88.198
2025-10-13T23:02:00,N004,N005,93.828
2025-10-13T23:02:00,N009,N004,98.182
2025-10-13T23:02:00,N009,N006,98.879
2025-10-13T23:02:00,N009,N008,98.062
2025-10-13T23:02:01,N010,N001,91.288
2025-10-13T23:02:01,N010,N002,94.748
2025-10-13T23:02:01,N010,N006,85.615
2025-10-13T23:02:03,N006,N006,96.985
2025-10-13T23:02:04,N002,N007,80.302
2025-10-13T23:02:05,N005,N004,88.408
2025-10-13T23:02:05,N005,N006,91.481
2025-10-13T23:02:05,N005,N007,96.823
2025-10-13T23:02:11,N001,N004,96.590
2025-10-13T23:02:11,N001,N010,92.051
2025-10-13T23:02:11,N009,N002,84.664
2025-10-13T23:02:11,N009,N003,98.928
2025-10-13T23:02:14,N002,N005,84.289
2025-10-13T23:02:14,N004,N010,88.346
2025-10-13T23:02:15,N004,N005,92.798
2025-10-13T23:02:15,N009,N004,98.265
2025-10-13T23:02:15,N009,N006,98.894
2025-10-13T23:02:16,N010,N002,94.339
2025-10-13T23:02:16,N010,N006,85.137
2025-10-13T23:02:18,N006,N006,96.219
2025-10-13T23:02:19,N002,N007,78.178
2025-10-13T23:02:20,N005,N004,90.728
2025-10-13T23:02:20,N005,N006,91.092
2025-10-13T23:02:20,N005,N007,96.480
2025-10-13T23:02:26,N001,N001,86.909
2025-10-13T23:02:26,N001,N004,97.547
2025-10-13T23:02:26,N001,N010,90.154
2025-10-13T23:02:26,N009,N002,81.518
2025-10-13T23:02:26,N009,N003,99.029
2025-10-13T23:02:28,N004,N001,86.445
2025-10-13T23:02:28,N004,N010,94.737
2025-10-13T23:02:29,N002,N005,84.457
2025-10-13T23:02:29,N004,N010,93.161
2025-10-13T23:02:30,N004,N005,90.508
2025-10-13T23:02:30,N009,N004,98.259
2025-10-13T23:02:30,N009,N006,99.148
2025-10-13T23:02:31,N010,N001,91.221
2025-10-13T23:02:31,N010,N002,94.653
2025-10-13T23:02:31,N010,N006,87.311
2025-10-13T23:02:34,N002,N007,75.761
2025-10-13T23:02:35,N005,N004,91.135
2025-10-13T23:02:35,N005,N006,93.193
2025-10-13T23:02:35,N005,N007,96.271
2025-10-13T23:02:41,N001,N001,87.117
2025-10-13T23:02:41,N001,N004,97.843
2025-10-13T23:02:41,N001,N010,91.750
2025-10-13T23:02:41,N009,N002,82.296
2025-10-13T23:02:41,N009,N003,99.139
2025-10-13T23:02:43,N004,N001,88.349
2025-10-13T23:02:43,N004,N010,94.398
2025-10-13T23:02:44,N002,N005,85.670
2025-10-13T23:02:44,N004,N010,86.173
2025-10-13T23:02:45,N004,N005,87.777
2025-10-13T23:02:45,N009,N004,98.411
2025-10-13T23:02:45,N009,N006,99.212
2025-10-13T23:02:45,N009,N008,98.023
2025-10-13T23:02:46,N010,N002,94.625
2025-10-13T23:02:46,N010,N006,87.590
2025-10-13T23:02:48,N006,N006,94.899
2025-10-13T23:02:49,N002,N007,72.085
2025-10-13T23:02:50,N005,N004,90.514
2025-10-13T23:02:50,N005,N006,93.296
2025-10-13T23:02:56,N009,N002,81.578
2025-10-13T23:02:56,N009,N003,99.131
2025-10-13T23:02:58,N004,N010,93.964
2025-10-13T23:02:59,N002,N005,87.252
2025-10-13T23:02:59,N004,N010,84.539
2025-10-13T23:03:00,N004,N005,86.453
2025-10-13T23:03:00,N009,N004,98.617
2025-10-13T23:03:00,N009,N006,99.389
2025-10-13T23:03:00,N009,N008,98.248
2025-10-13T23:03:01,N010,N001,90.872
2025-10-13T23:03:01,N010,N002,94.398
2025-10-13T23:03:03,N006,N006,93.825
2025-10-13T23:03:04,N002,N007,72.303
2025-10-13T23:03:05,N005,N004,89.352
2025-10-13T23:03:05,N005,N006,93.633
2025-10-13T23:03:11,N009,N002,81.961
2025-10-13T23:03:11,N009,N003,99.095
2025-10-13T23:03:13,N004,N001,89.510
2025-10-13T23:03:13,N004,N010,93.756
2025-10-13T23:03:14,N002,N005,89.188
2025-10-13T23:03:14,N004,N010,81.240
2025-10-13T23:03:15,N004,N005,80.384
2025-10-13T23:03:15,N009,N004,98.858
2025-10-13T23:03:15,N009,N006,99.439
2025-10-13T23:03:15,N009,N008,98.487
2025-10-13T23:03:16,N010,N001,89.438
2025-10-13T23:03:16,N010,N002,94.537
2025-10-13T23:03:16,N010,N006,87.560
2025-10-13T23:03:19,N002,N007,73.734
2025-10-13T23:03:20,N005,N004,89.107
2025-10-13T23:03:20,N005,N006,93.985
2025-10-13T23:03:20,N005,N007,97.423
2025-10-13T23:03:26,N009,N002,88.304
2025-10-13T23:03:26,N009,N003,99.237
2025-10-13T23:03:28,N004,N001,89.442
2025-10-13T23:03:28,N004,N010,92.851
2025-10-13T23:03:29,N002,N005,92.063
2025-10-13T23:03:29,N004,N010,80.604
2025-10-13T23:03:30,N004,N005,73.396
2025-10-13T23:03:30,N009,N004,99.015
2025-10-13T23:03:30,N009,N006,99.434
2025-10-13T23:03:30,N009,N008,98.400
2025-10-13T23:03:31,N010,N001,85.963
2025-10-13T23:03:31,N010,N002,95.128
2025-10-13T23:03:31,N010,N006,86.431
2025-10-13T23:03:33,N006,N006,93.953
2025-10-13T23:03:34,N002,N007,72.377
2025-10-13T23:03:35,N005,N004,90.260
2025-10-13T23:03:35,N005,N006,92.380
2025-10-13T23:03:35,N005,N007,97.254
2025-10-13T23:03:41,N009,N002,91.634
2025-10-13T23:03:41,N009,N003,99.147
2025-10-13T23:03:43,N004,N010,91.423
2025-10-13T23:03:44,N004,N010,89.626
2025-10-13T23:03:45,N004,N005,70.713
2025-10-13T23:03:45,N009,N004,99.101
2025-10-13T23:03:45,N009,N006,99.203
2025-10-13T23:03:45,N009,N008,98.713
2025-10-13T23:03:46,N010,N001,81.725
2025-10-13T23:03:46,N010,N002,95.461
2025-10-13T23:03:46,N010,N006,84.393
2025-10-13T23:03:49,N002,N007,74.489
2025-10-13T23:03:50,N005,N007,97.250
2025-10-13T23:03:56,N009,N002,91.755
2025-10-13T23:03:56,N009,N003,99.071
2025-10-13T23:03:58,N004,N001,94.260
2025-10-13T23:03:58,N004,N010,90.168
2025-10-13T23:03:59,N004,N010,79.952
2025-10-13T23:04:00,N004,N005,73.103
2025-10-13T23:04:00,N009,N004,99.135
2025-10-13T23:04:00,N009,N006,98.969
2025-10-13T23:04:00,N009,N008,98.861
2025-10-13T23:04:03,N006,N006,94.719
2025-10-13T23:04:04,N002,N007,76.293
2025-10-13T23:04:05,N005,N004,92.787
2025-10-13T23:04:05,N005,N006,93.681
2025-10-13T23:04:05,N005,N007,97.294
2025-10-13T23:04:11,N009,N002,93.388
2025-10-13T23:04:11,N009,N003,99.048
2025-10-13T23:04:13,N004,N001,94.889
2025-10-13T23:04:13,N004,N010,93.589
2025-10-13T23:04:14,N004,N010,83.071
2025-10-13T23:04:15,N004,N005,64.182
2025-10-13T23:04:15,N009,N004,99.229
2025-10-13T23:04:15,N009,N008,99.035
2025-10-13T23:04:18,N006,N006,94.699
2025-10-13T23:04:19,N002,N007,95.126
2025-10-13T23:04:20,N005,N004,94.590
2025-10-13T23:04:20,N005,N006,91.713
2025-10-13T23:04:20,N005,N007,97.734
2025-10-13T23:04:26,N009,N002,93.497
2025-10-13T23:04:26,N009,N003,98.909
2025-10-13T23:04:28,N004,N001,94.980
2025-10-13T23:04:28,N004,N010,92.625
2025-10-13T23:04:29,N004,N010,85.369
2025-10-13T23:04:30,N004,N005,65.079
2025-10-13T23:04:30,N009,N004,99.310
2025-10-13T23:04:30,N009,N006,98.548
2025-10-13T23:04:30,N009,N008,99.238
2025-10-13T23:04:33,N006,N006,96.061
2025-10-13T23:04:34,N002,N007,83.212
2025-10-13T23:04:35,N005,N006,92.241
2025-10-13T23:04:35,N005,N007,97.513
2025-10-13T23:04:43,N004,N001,95.024
2025-10-13T23:04:44,N004,N010,86.476
2025-10-13T23:04:45,N004,N005,65.821
2025-10-13T23:04:45,N009,N004,99.446
2025-10-13T23:04:45,N009,N006,98.034
2025-10-13T23:04:45,N009,N008,99.294
2025-10-13T23:04:48,N006,N006,96.127
2025-10-13T23:04:50,N005,N004,95.835
2025-10-13T23:04:50,N005,N006,91.894
2025-10-13T23:04:50,N005,N007,97.509
2025-10-13T23:04:58,N004,N010,92.732
2025-10-13T23:05:00,N004,N005,60.210
2025-10-13T23:05:00,N009,N004,99.363
2025-10-13T23:05:00,N009,N008,99.287
2025-10-13T23:05:03,N006,N006,96.399
2025-10-13T23:05:05,N005,N004,95.944
2025-10-13T23:05:05,N005,N006,91.096
2025-10-13T23:05:05,N005,N007,97.027
2025-10-13T23:05:13,N004,N001,95.290
2025-10-13T23:05:13,N004,N010,94.155
2025-10-13T23:05:15,N004,N005,68.902
2025-10-13T23:05:15,N009,N004,99.243
2025-10-13T23:05:15,N009,N006,98.189
2025-10-13T23:05:20,N005,N004,97.067
2025-10-13T23:05:20,N005,N006,90.621
2025-10-13T23:05:28,N004,N001,95.032
2025-10-13T23:05:30,N009,N004,99.220
2025-10-13T23:05:30,N009,N006,97.963
2025-10-13T23:05:30,N009,N008,99.393
2025-10-13T23:05:33,N006,N006,96.952
2025-10-13T23:05:43,N004,N001,94.717
2025-10-13T23:05:43,N004,N010,93.381
2025-10-13T23:05:45,N004,N005,75.172
2025-10-13T23:05:45,N009,N004,99.190
2025-10-13T23:05:45,N009,N006,97.840
2025-10-13T23:05:45,N009,N008,99.537
2025-10-13T23:05:48,N006,N006,96.906
2025-10-13T23:05:58,N004,N001,94.409
2025-10-13T23:05:58,N004,N010,93.752
2025-10-13T23:06:00,N004,N005,82.185
2025-10-13T23:06:00,N009,N004,99.272
2025-10-13T23:06:00,N009,N006,97.894
2025-10-13T23:06:00,N009,N008,99.534
2025-10-13T23:06:03,N006,N006,97.209
2025-10-13T23:06:13,N004,N001,93.992
2025-10-13T23:06:13,N004,N010,94.215
2025-10-13T23:06:18,N006,N006,97.409
2025-10-13T23:06:28,N004,N001,94.026
2025-10-13T23:06:28,N004,N010,95.265
2025-10-13T23:06:33,N006,N006,97.119
2025-10-13T23:06:43,N004,N001,95.015
2025-10-13T23:06:43,N004,N010,95.439
2025-10-13T23:06:45,N004,N005,85.330
2025-10-13T23:06:58,N004,N001,95.553
2025-10-13T23:06:58,N004,N010,95.480
2025-10-13T23:07:13,N004,N001,95.880
2025-10-13T23:07:13,N004,N010,94.410
