group,epoch,node,agg_name,time_ns,build_ns,collect_ns,post_ns,reduce_ns
all,1,N001,cpu_pct,60908308,106274,60463286,3430,0
all,1,N001,mem_pct,21545291,411544,21078246,229,0
all,1,N001,net_pct,67021345,41917,66930618,155,0
all,1,N001,cpu_sum,2844864,8484,2729824,208,0
all,1,N001,mem_sum,2656243,2280,2593686,158,0
all,1,N001,net_sum,2636832,2089,2560813,156,0
all,1,N002,cpu_pct,8061555,79334,7891250,925,0
all,1,N002,mem_pct,14804662,57661,14718331,163,0
all,1,N002,net_pct,9921795,48599,9844561,144,0
all,1,N002,cpu_sum,2339669,5152,2266491,213,0
all,1,N002,mem_sum,2309230,2128,2277189,157,0
all,1,N002,net_sum,2337235,2323,2299784,177,0
all,1,N003,cpu_pct,26760919,77436,26574537,1029,0
all,1,N003,mem_pct,26665212,41945,26587235,220,0
all,1,N003,net_pct,17098434,32083,17016459,194,0
all,1,N003,cpu_sum,4188187,6904,4131757,289,0
all,1,N003,mem_sum,4105170,2651,4065458,177,0
all,1,N003,net_sum,4258486,124599,4083386,192,0
all,1,N004,cpu_pct,14486499,100580,14231092,866,0
all,1,N004,mem_pct,17409803,52068,17307040,243,0
all,1,N004,net_pct,16958355,39811,16884153,208,0
all,1,N004,cpu_sum,4253101,11586,4192495,255,0
all,1,N004,mem_sum,4274892,1539,4242756,173,0
all,1,N004,net_sum,4508164,1263,4463985,184,0
all,1,N005,cpu_pct,10077690,49298,9910687,1016,0
all,1,N005,mem_pct,26819880,41064,26741866,247,0
all,1,N005,net_pct,11312638,28601,11249474,187,0
all,1,N005,cpu_sum,4196202,4835,4136874,263,0
all,1,N005,mem_sum,4233782,1503,4185013,187,0
all,1,N005,net_sum,4143460,1338,4112267,199,0
all,1,N006,cpu_pct,8699337,80851,8454232,1064,0
all,1,N006,mem_pct,9655717,20687,9479889,196,0
all,1,N006,net_pct,16762171,50639,16636266,198,0
all,1,N006,cpu_sum,4401504,5481,4291756,283,0
all,1,N006,mem_sum,4258290,1420,4214987,201,0
all,1,N006,net_sum,4260980,1273,4220148,189,0
all,1,N007,cpu_pct,8311545,56118,8129706,899,0
all,1,N007,mem_pct,10295987,33407,10226442,265,0
all,1,N007,net_pct,11475608,109827,11321644,266,0
all,1,N007,cpu_sum,4209133,5406,4147847,400,0
all,1,N007,mem_sum,4081635,2826,4034377,293,0
all,1,N007,net_sum,4072477,1843,4040911,270,0
all,1,N008,cpu_pct,13362393,104379,13129778,984,0
all,1,N008,mem_pct,14597428,46035,14500925,269,0
all,1,N008,net_pct,8440623,86937,8310858,244,0
all,1,N008,cpu_sum,3668215,4603,3617250,315,0
all,1,N008,mem_sum,3818146,1736,3778628,246,0
all,1,N008,net_sum,3642025,1654,3606671,240,0
all,1,N009,cpu_pct,11852912,61239,11646601,841,0
all,1,N009,mem_pct,10785813,36751,10684212,208,0
all,1,N009,net_pct,13673345,74862,13559054,196,0
all,1,N009,cpu_sum,4223918,4868,4177044,285,0
all,1,N009,mem_sum,4181282,1374,4140130,186,0
all,1,N009,net_sum,4178821,1352,4143032,198,0
all,1,N010,cpu_pct,11224655,71882,11047316,678,0
all,1,N010,mem_pct,10684032,52471,10597009,166,0
all,1,N010,net_pct,11942430,24101,11873222,151,0
all,1,N010,cpu_sum,3463533,3887,3421911,246,0
all,1,N010,mem_sum,3676711,1155,3645035,166,0
all,1,N010,net_sum,3485498,1096,3451836,163,0
all,1,N011,cpu_pct,9536758,51003,9393113,583,0
all,1,N011,mem_pct,9026068,43694,8946921,192,0
all,1,N011,net_pct,12333243,9115,12290798,146,0
all,1,N011,cpu_sum,2989705,3057,2948549,206,0
all,1,N011,mem_sum,2983131,1028,2958942,164,0
all,1,N011,net_sum,2972403,1063,2945099,140,0
all,1,N012,cpu_pct,14069253,44871,13906602,928,0
all,1,N012,mem_pct,15390746,53247,15277766,208,0
all,1,N012,net_pct,11960246,57240,11851361,200,0
all,1,N012,cpu_sum,4329930,3960,4280061,346,0
all,1,N012,mem_sum,4445309,2718,4409103,217,0
all,1,N012,net_sum,4338766,1348,4298455,201,0
all,1,N013,cpu_pct,32082418,63222,31826952,10343,0
all,1,N013,mem_pct,13357484,33002,13267637,114,0
all,1,N013,net_pct,13620952,41474,13526256,60,0
all,1,N013,cpu_sum,4524257,10857,4438472,5074,0
all,1,N013,mem_sum,4560611,1283,4525096,126,0
all,1,N013,net_sum,4484682,1068,4436780,57,0
all,1,N014,cpu_pct,11915299,93433,11707362,813,0
all,1,N014,mem_pct,19431964,36706,19345693,65,0
all,1,N014,net_pct,21543308,71024,21436023,66,0
all,1,N014,cpu_sum,4372030,4714,4316035,165,0
all,1,N014,mem_sum,4297345,1250,4256142,65,0
all,1,N014,net_sum,4313756,1130,4256562,62,0
all,1,N015,cpu_pct,11543497,85772,11297847,700,0
all,1,N015,mem_pct,15007189,78906,14864791,76,0
all,1,N015,net_pct,13249506,31870,13174301,66,0
all,1,N015,cpu_sum,4245551,4008,4207109,182,0
all,1,N015,mem_sum,4311659,4246,4273711,66,0
all,1,N015,net_sum,4254471,1190,4217397,64,0
all,1,N016,cpu_pct,8343293,73948,8160737,524,0
all,1,N016,mem_pct,15479820,78805,15354560,96,0
all,1,N016,net_pct,16695334,33640,16623043,67,0
all,1,N016,cpu_sum,4325770,3720,4289329,149,0
all,1,N016,mem_sum,4829321,1413,4791774,55,0
all,1,N016,net_sum,4265922,1309,4224434,79,0
all,1,N017,cpu_pct,10552131,64968,10374512,694,0
all,1,N017,mem_pct,15694548,92048,15547761,58,0
all,1,N017,net_pct,15028304,77709,14905537,90,0
all,1,N017,cpu_sum,4316171,3902,4272522,130,0
all,1,N017,mem_sum,4348135,1190,4313722,86,0
all,1,N017,net_sum,4362946,1093,4329044,55,0
all,1,N018,cpu_pct,12754143,54347,12582603,456,0
all,1,N018,mem_pct,19899982,31816,19822320,93,0
all,1,N018,net_pct,10208991,63208,10098296,82,0
all,1,N018,cpu_sum,4296978,3566,4255745,175,0
all,1,N018,mem_sum,4381571,1350,4345708,67,0
all,1,N018,net_sum,4552246,1196,4516636,70,0
all,1,N019,cpu_pct,16911699,34401,16744312,623,0
all,1,N019,mem_pct,10371141,81379,10250719,81,0
all,1,N019,net_pct,10921058,53586,10834621,80,0
all,1,N019,cpu_sum,4351203,2986,4304053,158,0
all,1,N019,mem_sum,4364016,1297,4321796,74,0
all,1,N019,net_sum,4376170,1120,4336527,71,0
all,1,N020,cpu_pct,16656453,84111,16459892,468,0
all,1,N020,mem_pct,7143651,47001,7058061,85,0
all,1,N020,net_pct,10959987,44343,10870309,57,0
all,1,N020,cpu_sum,4346371,3335,4303922,140,0
all,1,N020,mem_sum,4340911,1222,4313671,68,0
all,1,N020,net_sum,4364542,1041,4334343,70,0
all,1,N021,cpu_pct,11754773,58236,11596668,465,0
all,1,N021,mem_pct,10752821,27137,10685387,61,0
all,1,N021,net_pct,6328498,60845,6237773,74,0
all,1,N021,cpu_sum,3591381,3524,3550729,126,0
all,1,N021,mem_sum,3522000,1080,3494851,51,0
all,1,N021,net_sum,3587017,941,3553926,57,0
all,1,N022,cpu_pct,18827894,73659,18633301,521,0
all,1,N022,mem_pct,18523426,33406,18447279,67,0
all,1,N022,net_pct,17354396,39434,17276698,67,0
all,1,N022,cpu_sum,4361524,3408,4312419,155,0
all,1,N022,mem_sum,4350022,1344,4321453,68,0
all,1,N022,net_sum,4360354,1148,4323900,67,0
all,1,N023,cpu_pct,10170868,68086,9990990,586,0
all,1,N023,mem_pct,12722518,38969,12635743,80,0
all,1,N023,net_pct,23164026,31788,23094706,64,0
all,1,N023,cpu_sum,4311990,4136,4265946,142,0
all,1,N023,mem_sum,4296995,1310,4250152,70,0
all,1,N023,net_sum,4392647,1106,4360498,64,0
all,1,N024,cpu_pct,12907835,52233,12753773,563,0
all,1,N024,mem_pct,9402024,41935,9316140,54,0
all,1,N024,net_pct,11105623,17213,11051372,52,0
all,1,N024,cpu_sum,3515232,6183,3478220,137,0
all,1,N024,mem_sum,3579869,1068,3547085,52,0
all,1,N024,net_sum,3513937,904,3489761,52,0
all,1,N025,cpu_pct,11570153,53896,11408591,648,0
all,1,N025,mem_pct,12491611,36306,12413169,78,0
all,1,N025,net_pct,13698170,27069,13630743,61,0
all,1,N025,cpu_sum,4234309,39312,4161791,127,0
all,1,N025,mem_sum,4210657,1843,4174900,67,0
all,1,N025,net_sum,4450822,1071,4407786,57,0
all,1,N026,cpu_pct,25310745,91702,25083239,660,0
all,1,N026,mem_pct,26010322,63596,25895164,94,0
all,1,N026,net_pct,21506429,65786,21392955,94,0
all,1,N026,cpu_sum,4656462,21428,4574934,174,0
all,1,N026,mem_sum,4558248,751,4511101,94,0
all,1,N026,net_sum,4502054,334,4458430,83,0
all,1,N027,cpu_pct,23818407,73212,23633082,772,0
all,1,N027,mem_pct,8817976,60131,8722907,74,0
all,1,N027,net_pct,18699122,27158,18629123,76,0
all,1,N027,cpu_sum,4616269,1553,4572581,182,0
all,1,N027,mem_sum,4623026,371,4583960,72,0
all,1,N027,net_sum,4601434,263,4559051,74,0
all,1,N028,cpu_pct,9360275,54685,9218384,608,0
all,1,N028,mem_pct,14676943,40568,14600944,62,0
all,1,N028,net_pct,8865877,68627,8767605,51,0
all,1,N028,cpu_sum,3309851,1457,3272732,111,0
all,1,N028,mem_sum,3322056,288,3294102,80,0
all,1,N028,net_sum,3311851,199,3289894,49,0
all,1,N029,cpu_pct,11322303,79476,11167269,482,0
all,1,N029,mem_pct,9138892,53071,9049323,56,0
all,1,N029,net_pct,5195460,18957,5143891,64,0
all,1,N029,cpu_sum,2610356,870,2577464,132,0
all,1,N029,mem_sum,2621170,258,2597332,57,0
all,1,N029,net_sum,2606159,226,2576337,54,0
all,1,N030,cpu_pct,19295191,41781,19161334,636,0
all,1,N030,mem_pct,11811275,37062,11740009,74,0
all,1,N030,net_pct,7670258,69957,7560885,57,0
all,1,N030,cpu_sum,3837494,1222,3784977,115,0
all,1,N030,mem_sum,3833797,332,3802210,53,0
all,1,N030,net_sum,3874985,2680,3839800,53,0
single,1,N001,cpu_pct,15843766,33825,15706537,861,0
single,1,N001,mem_pct,8400417,46947,8315082,77,0
single,1,N001,net_pct,17085759,21038,16986025,61,0
single,1,N001,cpu_sum,4229034,1019,4189153,126,0
single,1,N001,mem_sum,4315972,242,4285224,82,0
single,1,N001,net_sum,4539034,369,4503915,57,0
all,2,N001,cpu_pct,9942330,56866,9812302,669,0
all,2,N001,mem_pct,9160715,23206,9116982,80,0
all,2,N001,net_pct,28789110,60837,28700951,80,0
all,2,N001,cpu_sum,4123445,1159,4098450,110,0
all,2,N001,mem_sum,4077295,326,4055639,95,0
all,2,N001,net_sum,4041442,205,4023938,78,0
all,2,N002,cpu_pct,14522180,86323,14365412,969,0
all,2,N002,mem_pct,21782358,88225,21667519,66,0
all,2,N002,net_pct,23172698,56473,23080740,85,0
all,2,N002,cpu_sum,4394318,1754,4371604,137,0
all,2,N002,mem_sum,4294098,290,4275618,91,0
all,2,N002,net_sum,4374373,301,4354803,82,0
all,2,N003,cpu_pct,15507545,41318,15406620,704,0
all,2,N003,mem_pct,17424347,58711,17330537,86,0
all,2,N003,net_pct,15460476,80207,15355146,89,0
all,2,N003,cpu_sum,4347452,1360,4323261,145,0
all,2,N003,mem_sum,4628598,446,4608590,99,0
all,2,N003,net_sum,4510053,379,4490732,84,0
all,2,N004,cpu_pct,13895265,84380,13737847,809,0
all,2,N004,mem_pct,7524207,79117,7411885,84,0
all,2,N004,net_pct,10623584,67174,10532765,80,0
all,2,N004,cpu_sum,4484365,1502,4448941,177,0
all,2,N004,mem_sum,4265935,338,4242163,80,0
all,2,N004,net_sum,4271483,212,4244917,78,0
all,2,N005,cpu_pct,5913135,53340,5803310,642,0
all,2,N005,mem_pct,12917298,39617,12856674,82,0
all,2,N005,net_pct,14769898,22245,14721149,83,0
all,2,N005,cpu_sum,4317709,1206,4292491,134,0
all,2,N005,mem_sum,4305610,365,4280249,100,0
all,2,N005,net_sum,4308145,229,4285696,82,0
all,2,N006,cpu_pct,27973715,106859,27809374,904,0
all,2,N006,mem_pct,16562548,105265,16419956,83,0
all,2,N006,net_pct,16378899,89935,16264342,158,0
all,2,N006,cpu_sum,4289286,2294,4253613,158,0
all,2,N006,mem_sum,4304941,392,4284769,128,0
all,2,N006,net_sum,4303743,468,4279623,134,0
all,2,N007,cpu_pct,8627552,91537,8475449,763,0
all,2,N007,mem_pct,21928889,18772,21882506,97,0
all,2,N007,net_pct,9312210,33359,9259040,86,0
all,2,N007,cpu_sum,4374306,1800,4344308,141,0
all,2,N007,mem_sum,4250106,346,4232684,92,0
all,2,N007,net_sum,4289730,240,4264831,82,0
all,2,N008,cpu_pct,17181694,60205,17065681,696,0
all,2,N008,mem_pct,10343655,37828,10283646,109,0
all,2,N008,net_pct,17398217,45904,17331054,86,0
all,2,N008,cpu_sum,4400220,1145,4370873,134,0
all,2,N008,mem_sum,4385180,401,4363562,86,0
all,2,N008,net_sum,4378873,362,4351022,85,0
all,2,N009,cpu_pct,18286587,34346,18194419,694,0
all,2,N009,mem_pct,5534608,74616,5433279,104,0
all,2,N009,net_pct,11355767,50294,11284439,104,0
all,2,N009,cpu_sum,4333723,1530,4305009,162,0
all,2,N009,mem_sum,4322940,414,4304907,88,0
all,2,N009,net_sum,4345402,232,4319238,86,0
all,2,N010,cpu_pct,38105395,105346,37937936,960,0
all,2,N010,mem_pct,21674325,53558,21587503,113,0
all,2,N010,net_pct,6954082,60882,6857895,111,0
all,2,N010,cpu_sum,4661315,1847,4637821,162,0
all,2,N010,mem_sum,4653570,350,4623692,120,0
all,2,N010,net_sum,4639812,275,4617298,102,0
all,2,N011,cpu_pct,24825137,34197,24732548,738,0
all,2,N011,mem_pct,15016487,12411,14982933,92,0
all,2,N011,net_pct,15002529,34981,14932462,91,0
all,2,N011,cpu_sum,4247065,1822,4226565,129,0
all,2,N011,mem_sum,4252917,351,4230953,89,0
all,2,N011,net_sum,4268094,226,4243384,56,0
all,2,N012,cpu_pct,14989887,30865,14891967,970,0
all,2,N012,mem_pct,6540343,56476,6460549,83,0
all,2,N012,net_pct,9169793,53111,9088628,84,0
all,2,N012,cpu_sum,4303775,1404,4279726,160,0
all,2,N012,mem_sum,4543587,312,4525640,63,0
all,2,N012,net_sum,4512926,222,4498750,81,0
all,2,N013,cpu_pct,6512334,35636,6424104,796,0
all,2,N013,mem_pct,16882136,23638,16834486,66,0
all,2,N013,net_pct,6641586,73501,6539134,65,0
all,2,N013,cpu_sum,4275586,1233,4250505,140,0
all,2,N013,mem_sum,4669504,313,4652518,97,0
all,2,N013,net_sum,4249456,230,4224102,56,0
all,2,N014,cpu_pct,18506864,93085,18348689,892,0
all,2,N014,mem_pct,23044823,33450,22987071,99,0
all,2,N014,net_pct,20916861,88879,20796442,97,0
all,2,N014,cpu_sum,4327958,1383,4305651,133,0
all,2,N014,mem_sum,4377136,339,4346817,96,0
all,2,N014,net_sum,4326934,269,4311326,57,0
all,2,N015,cpu_pct,6744644,50728,6642624,926,0
all,2,N015,mem_pct,7487902,30049,7425467,117,0
all,2,N015,net_pct,10577926,56736,10494193,94,0
all,2,N015,cpu_sum,4270932,1305,4250986,126,0
all,2,N015,mem_sum,4243889,455,4229033,109,0
all,2,N015,net_sum,4285918,231,4246227,84,0
all,2,N016,cpu_pct,9488189,79588,9354184,895,0
all,2,N016,mem_pct,12211680,65763,12119329,94,0
all,2,N016,net_pct,9896892,84299,9776637,83,0
all,2,N016,cpu_sum,4364992,1264,4338414,106,0
all,2,N016,mem_sum,4391194,449,4364741,100,0
all,2,N016,net_sum,4352287,220,4331659,91,0
all,2,N017,cpu_pct,14532225,61936,14411307,870,0
all,2,N017,mem_pct,6313660,47208,6236644,85,0
all,2,N017,net_pct,13451808,15286,13408106,83,0
all,2,N017,cpu_sum,4319737,1278,4300992,117,0
all,2,N017,mem_sum,4306768,275,4287315,94,0
all,2,N017,net_sum,4459943,233,4441338,84,0
all,2,N018,cpu_pct,15460589,79959,15332328,798,0
all,2,N018,mem_pct,14233691,78218,14134426,81,0
all,2,N018,net_pct,8635919,18056,8594746,78,0
all,2,N018,cpu_sum,3298966,1418,3278660,125,0
all,2,N018,mem_sum,3290703,246,3274749,64,0
all,2,N018,net_sum,3314031,324,3294384,81,0
all,2,N019,cpu_pct,11788831,89213,11637121,819,0
all,2,N019,mem_pct,10556812,54122,10472875,83,0
all,2,N019,net_pct,15866253,54395,15789508,81,0
all,2,N019,cpu_sum,4324592,1332,4299541,124,0
all,2,N019,mem_sum,4897001,272,4878575,85,0
all,2,N019,net_sum,7096691,248,7076256,83,0
all,2,N020,cpu_pct,4206266,42471,4103501,570,0
all,2,N020,mem_pct,13444796,41714,13383230,80,0
all,2,N020,net_pct,6546435,47529,6470643,80,0
all,2,N020,cpu_sum,2820149,950,2787348,154,0
all,2,N020,mem_sum,2761877,371,2740217,117,0
all,2,N020,net_sum,2960134,217,2946856,82,0
all,2,N021,cpu_pct,21030254,66821,20913236,752,0
all,2,N021,mem_pct,7447172,59616,7367399,85,0
all,2,N021,net_pct,14821197,31592,14768363,108,0
all,2,N021,cpu_sum,4530936,1128,4514574,142,0
all,2,N021,mem_sum,4415344,317,4399906,97,0
all,2,N021,net_sum,4361807,249,4340212,85,0
all,2,N022,cpu_pct,17283756,42853,17197262,854,0
all,2,N022,mem_pct,8192365,19113,8152218,100,0
all,2,N022,net_pct,20924736,54766,20842299,80,0
all,2,N022,cpu_sum,4334017,1298,4313190,268,0
all,2,N022,mem_sum,4384320,334,4363129,90,0
all,2,N022,net_sum,4337607,246,4320035,82,0
all,2,N023,cpu_pct,9118909,41208,9029431,1020,0
all,2,N023,mem_pct,18016451,75670,17915656,79,0
all,2,N023,net_pct,15575014,43838,15502607,84,0
all,2,N023,cpu_sum,4185369,1009,4166973,180,0
all,2,N023,mem_sum,4196835,358,4172943,78,0
all,2,N023,net_sum,4205692,214,4191325,78,0
all,2,N024,cpu_pct,17720250,49095,17627004,710,0
all,2,N024,mem_pct,15223744,48492,15150843,100,0
all,2,N024,net_pct,23501540,68092,23413224,122,0
all,2,N024,cpu_sum,4381292,956,4355439,152,0
all,2,N024,mem_sum,4342294,386,4322707,95,0
all,2,N024,net_sum,5122852,242,5103783,88,0
all,2,N025,cpu_pct,8993748,52369,8898211,565,0
all,2,N025,mem_pct,7957988,63319,7874513,92,0
all,2,N025,net_pct,21088320,30435,21035742,73,0
all,2,N025,cpu_sum,3634150,943,3614601,111,0
all,2,N025,mem_sum,3551359,295,3528957,73,0
all,2,N025,net_sum,3582693,218,3563492,53,0
all,2,N026,cpu_pct,28218486,63628,28108758,603,0
all,2,N026,mem_pct,17998126,69322,17907537,92,0
all,2,N026,net_pct,12316321,34396,12260690,91,0
all,2,N026,cpu_sum,4352002,1201,4326621,170,0
all,2,N026,mem_sum,4369752,372,4358263,81,0
all,2,N026,net_sum,4331036,234,4309350,71,0
all,2,N027,cpu_pct,10813628,60182,10713972,703,0
all,2,N027,mem_pct,5846651,19116,5803637,120,0
all,2,N027,net_pct,9971714,58211,9891866,67,0
all,2,N027,cpu_sum,3561928,1251,3541845,123,0
all,2,N027,mem_sum,3574492,320,3547599,72,0
all,2,N027,net_sum,3554819,183,3536741,73,0
all,2,N028,cpu_pct,20336045,68533,20215325,1058,0
all,2,N028,mem_pct,9112949,86900,8995338,83,0
all,2,N028,net_pct,13527971,17319,13483689,85,0
all,2,N028,cpu_sum,4329164,1403,4308741,165,0
all,2,N028,mem_sum,4338631,477,4324669,103,0
all,2,N028,net_sum,4352904,270,4325520,81,0
all,2,N029,cpu_pct,25766704,59705,25655075,1015,0
all,2,N029,mem_pct,6140620,52215,6058189,83,0
all,2,N029,net_pct,16634884,26837,16582131,92,0
all,2,N029,cpu_sum,4334726,1322,4315978,149,0
all,2,N029,mem_sum,4324481,348,4311648,82,0
all,2,N029,net_sum,4289821,330,4270756,81,0
all,2,N030,cpu_pct,17975023,97702,17832269,954,0
all,2,N030,mem_pct,9386613,86522,9274017,94,0
all,2,N030,net_pct,5887566,44622,5822202,90,0
all,2,N030,cpu_sum,4319445,1416,4298953,178,0
all,2,N030,mem_sum,4295850,308,4279718,98,0
all,2,N030,net_sum,4258592,260,4242413,92,0
single,2,N001,cpu_pct,8445779,52243,8349937,737,0
single,2,N001,mem_pct,7679310,20119,7638334,74,0
single,2,N001,net_pct,24516930,55674,24437780,71,0
single,2,N001,cpu_sum,3593816,1380,3580558,142,0
single,2,N001,mem_sum,3709546,2217,3687569,71,0
single,2,N001,net_sum,3557862,226,3543185,72,0
all,3,N001,cpu_pct,19480452,64771,19334659,1238,0
all,3,N001,mem_pct,9195009,49305,9094962,90,0
all,3,N001,net_pct,15186707,75959,15080925,82,0
all,3,N001,cpu_sum,4171073,2460,4134138,306,0
all,3,N001,mem_sum,4125122,269,4104387,80,0
all,3,N001,net_sum,4116861,238,4085374,51,0
all,3,N002,cpu_pct,10550292,32800,10457940,955,0
all,3,N002,mem_pct,22691951,86719,22577520,89,0
all,3,N002,net_pct,20570676,35960,20502831,93,0
all,3,N002,cpu_sum,4134848,1824,4115268,316,0
all,3,N002,mem_sum,4109826,269,4092898,80,0
all,3,N002,net_sum,4096915,211,4069542,58,0
all,3,N003,cpu_pct,4461567,23300,4393639,726,0
all,3,N003,mem_pct,4951342,30940,4892162,92,0
all,3,N003,net_pct,8795352,58355,8698261,68,0
all,3,N003,cpu_sum,2574444,1203,2553020,143,0
all,3,N003,mem_sum,2581420,326,2545468,68,0
all,3,N003,net_sum,2570546,187,2535787,70,0
all,3,N004,cpu_pct,17248757,86002,17107703,808,0
all,3,N004,mem_pct,26294451,45344,26223985,102,0
all,3,N004,net_pct,13299262,62590,13213796,86,0
all,3,N004,cpu_sum,4261747,1712,4241800,246,0
all,3,N004,mem_sum,4267593,428,4243786,88,0
all,3,N004,net_sum,4310835,362,4292360,84,0
all,3,N005,cpu_pct,13394942,42968,13302585,912,0
all,3,N005,mem_pct,10877865,52465,10800196,94,0
all,3,N005,net_pct,22813406,24832,22767873,77,0
all,3,N005,cpu_sum,3863966,1595,3838872,190,0
all,3,N005,mem_sum,3860207,197,3841223,86,0
all,3,N005,net_sum,3834768,226,3822784,62,0
all,3,N006,cpu_pct,14201193,38913,14107087,980,0
all,3,N006,mem_pct,14790281,29826,14735362,83,0
all,3,N006,net_pct,10309514,82615,10204887,80,0
all,3,N006,cpu_sum,4211131,1661,4189401,177,0
all,3,N006,mem_sum,4245708,295,4226604,58,0
all,3,N006,net_sum,4212402,217,4193457,83,0
all,3,N007,cpu_pct,26970377,51903,26865383,922,0
all,3,N007,mem_pct,16910258,30518,16860144,81,0
all,3,N007,net_pct,13385116,73089,13282066,83,0
all,3,N007,cpu_sum,4388478,1400,4368502,463,0
all,3,N007,mem_sum,4305389,354,4287737,91,0
all,3,N007,net_sum,4295554,229,4268862,83,0
all,3,N008,cpu_pct,26564409,70568,26437729,807,0
all,3,N008,mem_pct,14999855,66694,14903674,82,0
all,3,N008,net_pct,9831756,38972,9769027,84,0
all,3,N008,cpu_sum,4306850,1458,4286959,223,0
all,3,N008,mem_sum,4305017,349,4280563,83,0
all,3,N008,net_sum,4278592,214,4261956,84,0
all,3,N009,cpu_pct,6649634,29025,6573044,750,0
all,3,N009,mem_pct,9390518,46616,9325918,75,0
all,3,N009,net_pct,18710961,42409,18641528,78,0
all,3,N009,cpu_sum,3530594,1353,3509991,156,0
all,3,N009,mem_sum,3582896,249,3569326,73,0
all,3,N009,net_sum,3547065,410,3527027,52,0
all,3,N010,cpu_pct,15539659,27540,15457360,799,0
all,3,N010,mem_pct,23022085,20740,22983698,115,0
all,3,N010,net_pct,12661367,38222,12598842,86,0
all,3,N010,cpu_sum,4300646,1338,4279346,151,0
all,3,N010,mem_sum,4293912,308,4279291,94,0
all,3,N010,net_sum,4302225,288,4280927,85,0
all,3,N011,cpu_pct,12499735,54576,12402386,939,0
all,3,N011,mem_pct,21245172,72154,21145118,88,0
all,3,N011,net_pct,14222011,83994,14111789,86,0
all,3,N011,cpu_sum,4485843,1752,4467715,190,0
all,3,N011,mem_sum,4261789,346,4241990,109,0
all,3,N011,net_sum,4305577,237,4284955,90,0
all,3,N012,cpu_pct,18905665,70752,18779193,647,0
all,3,N012,mem_pct,18362665,36991,18301046,105,0
all,3,N012,net_pct,10778056,44342,10708993,85,0
all,3,N012,cpu_sum,4277387,1065,4256338,141,0
all,3,N012,mem_sum,4294780,305,4277661,104,0
all,3,N012,net_sum,4387435,197,4371009,80,0
all,3,N013,cpu_pct,15537443,29153,15460078,809,0
all,3,N013,mem_pct,15962890,40394,15899831,100,0
all,3,N013,net_pct,10947957,30482,10895207,85,0
all,3,N013,cpu_sum,4275930,1759,4251931,277,0
all,3,N013,mem_sum,4426401,266,4403058,100,0
all,3,N013,net_sum,4267115,231,4249666,93,0
all,3,N014,cpu_pct,19374097,59840,19270330,830,0
all,3,N014,mem_pct,14112663,61882,14030525,92,0
all,3,N014,net_pct,10759727,57774,10655973,63,0
all,3,N014,cpu_sum,4262600,1458,4238153,174,0
all,3,N014,mem_sum,4264087,244,4236843,90,0
all,3,N014,net_sum,4274001,234,4258562,63,0
all,3,N015,cpu_pct,9270263,78983,9119891,1004,0
all,3,N015,mem_pct,10812380,60217,10722526,84,0
all,3,N015,net_pct,10544106,61391,10432791,83,0
all,3,N015,cpu_sum,4289993,1466,4274026,2639,0
all,3,N015,mem_sum,4380238,309,4360178,123,0
all,3,N015,net_sum,4331632,243,4294929,100,0
all,3,N016,cpu_pct,13989128,45815,13901063,838,0
all,3,N016,mem_pct,12277688,49228,12202042,101,0
all,3,N016,net_pct,22358444,44713,22285695,82,0
all,3,N016,cpu_sum,4614078,1352,4590036,112,0
all,3,N016,mem_sum,4355986,364,4342702,94,0
all,3,N016,net_sum,4399435,238,4370862,81,0
all,3,N017,cpu_pct,27360567,25811,27294502,810,0
all,3,N017,mem_pct,16748819,73332,16646270,100,0
all,3,N017,net_pct,17784153,75010,17683351,79,0
all,3,N017,cpu_sum,4278728,1407,4253081,185,0
all,3,N017,mem_sum,4286546,317,4267758,83,0
all,3,N017,net_sum,4283734,225,4266956,89,0
all,3,N018,cpu_pct,29242153,64306,29131909,728,0
all,3,N018,mem_pct,12124101,29338,12076789,94,0
all,3,N018,net_pct,18764508,27346,18704715,88,0
all,3,N018,cpu_sum,4280718,1212,4258657,272,0
all,3,N018,mem_sum,4369912,258,4350635,100,0
all,3,N018,net_sum,4290359,234,4272790,88,0
all,3,N019,cpu_pct,9675801,94081,9534759,579,0
all,3,N019,mem_pct,16982733,54141,16906992,94,0
all,3,N019,net_pct,18643331,47745,18547965,88,0
all,3,N019,cpu_sum,4317606,928,4290329,175,0
all,3,N019,mem_sum,4337697,375,4315915,88,0
all,3,N019,net_sum,4327871,224,4310872,84,0
all,3,N020,cpu_pct,11499555,32104,11432882,542,0
all,3,N020,mem_pct,21140798,43297,21078598,76,0
all,3,N020,net_pct,15752368,30352,15695378,73,0
all,3,N020,cpu_sum,3592825,990,3567253,244,0
all,3,N020,mem_sum,3578098,369,3560339,90,0
all,3,N020,net_sum,3604376,192,3580496,74,0
all,3,N021,cpu_pct,9204666,45730,9110576,626,0
all,3,N021,mem_pct,35898070,77951,35800226,94,0
all,3,N021,net_pct,27941483,84516,27831752,90,0
all,3,N021,cpu_sum,4353194,1182,4327536,242,0
all,3,N021,mem_sum,4300666,334,4281862,112,0
all,3,N021,net_sum,4287897,240,4270600,96,0
all,3,N022,cpu_pct,17930843,44378,17844258,732,0
all,3,N022,mem_pct,11915430,37043,11857567,94,0
all,3,N022,net_pct,16645739,66235,16555949,77,0
all,3,N022,cpu_sum,3516003,1123,3496568,180,0
all,3,N022,mem_sum,3508858,383,3492068,75,0
all,3,N022,net_sum,3819720,377,3800503,75,0
all,3,N023,cpu_pct,22036144,29999,21951683,1018,0
all,3,N023,mem_pct,16224143,42250,16148085,124,0
all,3,N023,net_pct,21420834,75906,21303318,84,0
all,3,N023,cpu_sum,4321242,1248,4267281,204,0
all,3,N023,mem_sum,4323883,367,4288217,103,0
all,3,N023,net_sum,4263023,237,4241589,84,0
all,3,N024,cpu_pct,25839229,47081,25744518,807,0
all,3,N024,mem_pct,16256206,69522,16142484,88,0
all,3,N024,net_pct,7928431,62248,7847683,95,0
all,3,N024,cpu_sum,4409012,1274,4374490,148,0
all,3,N024,mem_sum,4285598,370,4265017,88,0
all,3,N024,net_sum,4291386,234,4267366,86,0
all,3,N025,cpu_pct,5825704,29405,5741490,662,0
all,3,N025,mem_pct,16360260,47831,16288892,126,0
all,3,N025,net_pct,9581326,36282,9518786,80,0
all,3,N025,cpu_sum,4299196,1176,4282332,170,0
all,3,N025,mem_sum,4370780,438,4346645,81,0
all,3,N025,net_sum,4297763,233,4278964,56,0
all,3,N026,cpu_pct,12044480,64197,11936328,813,0
all,3,N026,mem_pct,11902015,33882,11848239,86,0
all,3,N026,net_pct,7023946,36162,6956570,80,0
all,3,N026,cpu_sum,4131139,1391,4109355,180,0
all,3,N026,mem_sum,4215413,397,4190760,86,0
all,3,N026,net_sum,4127602,234,4114048,102,0
all,3,N027,cpu_pct,7137650,69394,7004089,814,0
all,3,N027,mem_pct,19352980,62532,19261846,102,0
all,3,N027,net_pct,9101943,52836,9020573,84,0
all,3,N027,cpu_sum,4289616,1702,4268272,190,0
all,3,N027,mem_sum,4417584,437,4388870,94,0
all,3,N027,net_sum,4247280,274,4226524,60,0
all,3,N028,cpu_pct,24306604,65083,24198426,775,0
all,3,N028,mem_pct,13211378,63269,13127168,109,0
all,3,N028,net_pct,24274852,47026,24203311,85,0
all,3,N028,cpu_sum,4313091,1773,4286632,165,0
all,3,N028,mem_sum,4383721,229,4361101,94,0
all,3,N028,net_sum,4320956,219,4301092,89,0
all,3,N029,cpu_pct,10044345,59370,9942612,692,0
all,3,N029,mem_pct,16920260,74130,16824343,96,0
all,3,N029,net_pct,15430584,39615,15373680,96,0
all,3,N029,cpu_sum,4329286,1275,4302018,228,0
all,3,N029,mem_sum,4274732,243,4248880,66,0
all,3,N029,net_sum,4302064,234,4281226,92,0
all,3,N030,cpu_pct,18979848,107347,18827134,695,0
all,3,N030,mem_pct,23418501,47968,23344982,98,0
all,3,N030,net_pct,9871657,64894,9767453,86,0
all,3,N030,cpu_sum,4444650,1382,4419730,278,0
all,3,N030,mem_sum,4214131,432,4197549,90,0
all,3,N030,net_sum,4217780,236,4202415,86,0
single,3,N001,cpu_pct,20321109,61876,20217024,682,0
single,3,N001,mem_pct,8528815,48829,8452409,105,0
single,3,N001,net_pct,15024553,64775,14916652,86,0
single,3,N001,cpu_sum,4294235,1247,4254035,198,0
single,3,N001,mem_sum,4331997,353,4303198,87,0
single,3,N001,net_sum,4267549,381,4252912,84,0
all,4,N001,cpu_pct,7428977,64730,7313092,1289,0
all,4,N001,mem_pct,12090861,27808,12027819,96,0
all,4,N001,net_pct,21847451,25546,21793976,88,0
all,4,N001,cpu_sum,4306442,1466,4285089,189,0
all,4,N001,mem_sum,4289010,280,4272210,83,0
all,4,N001,net_sum,4289572,345,4268794,81,0
all,4,N002,cpu_pct,10125374,74462,9993398,1648,0
all,4,N002,mem_pct,18773194,13154,18739390,84,0
all,4,N002,net_pct,21275003,19672,21228887,87,0
all,4,N002,cpu_sum,4289143,1703,4270647,284,0
all,4,N002,mem_sum,4267493,292,4235574,84,0
all,4,N002,net_sum,4284161,217,4266743,83,0
all,4,N003,cpu_pct,8137662,42713,8029998,1050,0
all,4,N003,mem_pct,14161326,58109,14067747,76,0
all,4,N003,net_pct,15996373,34134,15908998,73,0
all,4,N003,cpu_sum,3285418,1397,3266312,112,0
all,4,N003,mem_sum,3300168,212,3274168,72,0
all,4,N003,net_sum,3271262,200,3252329,72,0
all,4,N004,cpu_pct,17331836,67324,17218592,865,0
all,4,N004,mem_pct,7874057,81410,7769372,90,0
all,4,N004,net_pct,17680729,62226,17588451,88,0
all,4,N004,cpu_sum,4402691,1450,4380406,150,0
all,4,N004,mem_sum,4367426,389,4337777,82,0
all,4,N004,net_sum,4328173,287,4311420,85,0
all,4,N005,cpu_pct,17424129,54492,17321823,866,0
all,4,N005,mem_pct,8753009,63592,8667100,114,0
all,4,N005,net_pct,30710412,51428,30640188,83,0
all,4,N005,cpu_sum,4523793,1562,4503061,200,0
all,4,N005,mem_sum,4313782,255,4294229,81,0
all,4,N005,net_sum,4349453,225,4320834,82,0
all,4,N006,cpu_pct,12794069,36507,12707647,675,0
all,4,N006,mem_pct,10014743,55100,9931583,88,0
all,4,N006,net_pct,9130119,66456,9035354,93,0
all,4,N006,cpu_sum,4417543,1326,4395509,165,0
all,4,N006,mem_sum,4324244,262,4303814,100,0
all,4,N006,net_sum,4417178,240,4390111,87,0
all,4,N007,cpu_pct,10488617,18620,10423568,705,0
all,4,N007,mem_pct,10203866,69189,10106454,118,0
all,4,N007,net_pct,20865634,62773,20780796,129,0
all,4,N007,cpu_sum,4414447,1247,4396925,176,0
all,4,N007,mem_sum,4364864,374,4349099,102,0
all,4,N007,net_sum,4351877,237,4330536,89,0
all,4,N008,cpu_pct,26294500,70131,26185213,879,0
all,4,N008,mem_pct,26749647,31992,26692109,110,0
all,4,N008,net_pct,24011619,79032,23904603,88,0
all,4,N008,cpu_sum,4375863,1954,4354483,173,0
all,4,N008,mem_sum,4360501,222,4339572,84,0
all,4,N008,net_sum,4352697,234,4334849,86,0
all,4,N009,cpu_pct,6482904,50830,6385537,711,0
all,4,N009,mem_pct,23494384,35037,23436025,81,0
all,4,N009,net_pct,29422740,76098,29320378,83,0
all,4,N009,cpu_sum,4318882,1454,4286532,226,0
all,4,N009,mem_sum,4317089,374,4295269,105,0
all,4,N009,net_sum,4284574,203,4267280,55,0
all,4,N010,cpu_pct,15637342,30828,15555089,630,0
all,4,N010,mem_pct,10354225,40644,10276980,98,0
all,4,N010,net_pct,11002032,42321,10940004,88,0
all,4,N010,cpu_sum,4327179,1358,4305886,176,0
all,4,N010,mem_sum,4338506,321,4323186,88,0
all,4,N010,net_sum,4294298,252,4267027,86,0
all,4,N011,cpu_pct,27000827,57745,26903263,591,0
all,4,N011,mem_pct,16465269,67548,16375866,81,0
all,4,N011,net_pct,7745805,78941,7632841,92,0
all,4,N011,cpu_sum,4307289,1216,4282591,185,0
all,4,N011,mem_sum,5133484,440,5104631,95,0
all,4,N011,net_sum,4267963,242,4250234,81,0
all,4,N012,cpu_pct,9211518,60665,9111469,960,0
all,4,N012,mem_pct,6277504,51580,6203345,99,0
all,4,N012,net_pct,13110221,60069,13019648,68,0
all,4,N012,cpu_sum,4444685,1942,4412635,220,0
all,4,N012,mem_sum,4350338,338,4326634,93,0
all,4,N012,net_sum,4291945,237,4272200,54,0
all,4,N013,cpu_pct,7589002,105127,7420222,584,0
all,4,N013,mem_pct,18065316,48514,17984784,94,0
all,4,N013,net_pct,36216735,50701,36137476,94,0
all,4,N013,cpu_sum,4299151,1523,4274897,149,0
all,4,N013,mem_sum,4298410,248,4284090,89,0
all,4,N013,net_sum,4428746,255,4394813,89,0
all,4,N014,cpu_pct,12965874,49637,12866742,835,0
all,4,N014,mem_pct,16138533,36929,16074146,83,0
all,4,N014,net_pct,25230696,32508,25171180,86,0
all,4,N014,cpu_sum,4521249,1588,4500585,200,0
all,4,N014,mem_sum,4384637,338,4366464,85,0
all,4,N014,net_sum,4327238,371,4310600,83,0
all,4,N015,cpu_pct,12084807,58288,11973038,749,0
all,4,N015,mem_pct,21048084,66411,20963484,80,0
all,4,N015,net_pct,16818482,40154,16743819,79,0
all,4,N015,cpu_sum,4253791,1604,4235947,186,0
all,4,N015,mem_sum,4252366,244,4229902,80,0
all,4,N015,net_sum,4229174,230,4203651,80,0
all,4,N016,cpu_pct,10357518,38568,10273934,680,0
all,4,N016,mem_pct,15392615,29424,15340345,117,0
all,4,N016,net_pct,5899937,46977,5831617,86,0
all,4,N016,cpu_sum,4480193,1240,4451922,213,0
all,4,N016,mem_sum,4374718,263,4359693,94,0
all,4,N016,net_sum,4447199,228,4417914,86,0
all,4,N017,cpu_pct,7547687,70088,7434471,646,0
all,4,N017,mem_pct,28473080,38024,28412411,94,0
all,4,N017,net_pct,26115870,61624,26033808,86,0
all,4,N017,cpu_sum,4331525,1210,4313902,169,0
all,4,N017,mem_sum,4352604,354,4323869,103,0
all,4,N017,net_sum,4325841,255,4307139,86,0
all,4,N018,cpu_pct,10371656,26223,10279708,846,0
all,4,N018,mem_pct,16793069,40598,16720851,87,0
all,4,N018,net_pct,12596225,37807,12527202,74,0
all,4,N018,cpu_sum,4942347,1403,4908031,102,0
all,4,N018,mem_sum,4706229,360,4673647,73,0
all,4,N018,net_sum,4646209,193,4623511,74,0
all,4,N019,cpu_pct,67785333,76982,67664546,686,0
all,4,N019,mem_pct,15686288,37771,15616807,86,0
all,4,N019,net_pct,15175485,22857,15134919,81,0
all,4,N019,cpu_sum,4395688,1434,4371472,237,0
all,4,N019,mem_sum,4294355,326,4279263,82,0
all,4,N019,net_sum,4281406,230,4263620,88,0
all,4,N020,cpu_pct,23878686,69065,23767778,1004,0
all,4,N020,mem_pct,21798468,67727,21712191,101,0
all,4,N020,net_pct,26461147,77431,26365586,82,0
all,4,N020,cpu_sum,4049545,1464,4025516,201,0
all,4,N020,mem_sum,4028329,296,4001409,84,0
all,4,N020,net_sum,3952431,226,3930631,81,0
all,4,N021,cpu_pct,6490774,57834,6377194,614,0
all,4,N021,mem_pct,9518483,43030,9451207,101,0
all,4,N021,net_pct,8724115,34772,8664849,87,0
all,4,N021,cpu_sum,4440553,1500,4418967,219,0
all,4,N021,mem_sum,4361898,464,4340887,67,0
all,4,N021,net_sum,4355783,244,4338249,90,0
all,4,N022,cpu_pct,10007067,37737,9926123,608,0
all,4,N022,mem_pct,11848273,17446,11806279,82,0
all,4,N022,net_pct,16826532,34590,16751184,80,0
all,4,N022,cpu_sum,4232463,1275,4212040,133,0
all,4,N022,mem_sum,4154274,354,4136242,89,0
all,4,N022,net_sum,4181721,213,4156898,78,0
all,4,N023,cpu_pct,13616353,42690,13533741,603,0
all,4,N023,mem_pct,20345217,35442,20287445,85,0
all,4,N023,net_pct,22713545,38718,22655370,81,0
all,4,N023,cpu_sum,4379836,1200,4356617,172,0
all,4,N023,mem_sum,4536413,379,4512150,86,0
all,4,N023,net_sum,4371039,222,4346870,81,0
all,4,N024,cpu_pct,25780895,53727,25666416,573,0
all,4,N024,mem_pct,19684436,55685,19612172,83,0
all,4,N024,net_pct,19018517,26446,18969951,83,0
all,4,N024,cpu_sum,4301838,1037,4279353,188,0
all,4,N024,mem_sum,4875706,282,4855947,88,0
all,4,N024,net_sum,4259285,208,4236677,88,0
all,4,N025,cpu_pct,10084280,42286,10000121,602,0
all,4,N025,mem_pct,12499693,47939,12427502,88,0
all,4,N025,net_pct,17612096,39953,17552543,87,0
all,4,N025,cpu_sum,4474652,1290,4457529,194,0
all,4,N025,mem_sum,4327841,291,4309659,101,0
all,4,N025,net_sum,4353962,225,4323640,83,0
all,4,N026,cpu_pct,9440599,18914,9380545,650,0
all,4,N026,mem_pct,18629926,35348,18575450,97,0
all,4,N026,net_pct,18220479,66984,18129523,85,0
all,4,N026,cpu_sum,4358338,1162,4320109,186,0
all,4,N026,mem_sum,4340483,393,4320634,88,0
all,4,N026,net_sum,4370073,225,4347389,93,0
all,4,N027,cpu_pct,12173061,66048,12064743,644,0
all,4,N027,mem_pct,16257443,31957,16192652,89,0
all,4,N027,net_pct,16353908,72295,16260041,85,0
all,4,N027,cpu_sum,4415599,1335,4390678,211,0
all,4,N027,mem_sum,4441615,359,4426936,101,0
all,4,N027,net_sum,4247844,364,4229660,85,0
all,4,N028,cpu_pct,7693879,37801,7612578,588,0
all,4,N028,mem_pct,15708511,24619,15666284,86,0
all,4,N028,net_pct,24984341,29300,24918978,86,0
all,4,N028,cpu_sum,4458288,1424,4433504,198,0
all,4,N028,mem_sum,4403041,230,4381414,86,0
all,4,N028,net_sum,4499604,214,4481824,86,0
all,4,N029,cpu_pct,9934197,50198,9840628,585,0
all,4,N029,mem_pct,7404413,60910,7318379,88,0
all,4,N029,net_pct,12817919,27124,12744022,89,0
all,4,N029,cpu_sum,4331425,1426,4314704,190,0
all,4,N029,mem_sum,4264146,270,4244864,90,0
all,4,N029,net_sum,4283071,232,4271234,86,0
all,4,N030,cpu_pct,9832561,84621,9702013,610,0
all,4,N030,mem_pct,10790685,63945,10704509,88,0
all,4,N030,net_pct,7097604,72002,6990858,116,0
all,4,N030,cpu_sum,4336861,1516,4319631,134,0
all,4,N030,mem_sum,4338829,274,4313026,90,0
all,4,N030,net_sum,4329285,214,4309250,84,0
single,4,N001,cpu_pct,5935322,49567,5841443,525,0
single,4,N001,mem_pct,7068693,24991,7014901,71,0
single,4,N001,net_pct,16458928,19549,16420246,74,0
single,4,N001,cpu_sum,3566142,3235,3540483,162,0
single,4,N001,mem_sum,3820980,362,3806338,81,0
single,4,N001,net_sum,3545856,194,3523424,69,0
all,5,N001,cpu_pct,13649858,37079,13559235,531,0
all,5,N001,mem_pct,9080373,30452,9028491,97,0
all,5,N001,net_pct,17422350,20663,17376777,75,0
all,5,N001,cpu_sum,4126761,251,4111450,175,0
all,5,N001,mem_sum,4170429,191,4153595,84,0
all,5,N001,net_sum,4157687,146,4130427,82,0
all,5,N002,cpu_pct,7328542,39100,7242419,648,0
all,5,N002,mem_pct,12835059,56780,12756256,87,0
all,5,N002,net_pct,22639344,62083,22546004,73,0
all,5,N002,cpu_sum,4490004,283,4469000,192,0
all,5,N002,mem_sum,4302758,173,4279927,83,0
all,5,N002,net_sum,4490372,130,4478097,74,0
all,5,N003,cpu_pct,23656441,72615,23540551,549,0
all,5,N003,mem_pct,7218371,74158,7117517,86,0
all,5,N003,net_pct,13765785,68705,13677191,66,0
all,5,N003,cpu_sum,4403446,256,4375337,153,0
all,5,N003,mem_sum,4427727,160,4404942,82,0
all,5,N003,net_sum,4391205,128,4365560,74,0
all,5,N004,cpu_pct,18198817,70280,18082766,493,0
all,5,N004,mem_pct,7972452,56692,7896675,92,0
all,5,N004,net_pct,5768151,63610,5675848,75,0
all,5,N004,cpu_sum,3815990,268,3797513,155,0
all,5,N004,mem_sum,3819377,168,3800524,88,0
all,5,N004,net_sum,3748186,112,3732502,75,0
all,5,N005,cpu_pct,14585195,34340,14510688,397,0
all,5,N005,mem_pct,8978742,21221,8938535,86,0
all,5,N005,net_pct,16572334,59029,16494638,73,0
all,5,N005,cpu_sum,4187278,220,4163006,153,0
all,5,N005,mem_sum,4172260,168,4150226,80,0
all,5,N005,net_sum,4134063,112,4107451,71,0
all,5,N006,cpu_pct,7783865,46893,7687827,566,0
all,5,N006,mem_pct,17401586,39880,17339637,86,0
all,5,N006,net_pct,10229864,38971,10165285,74,0
all,5,N006,cpu_sum,4482456,214,4439402,163,0
all,5,N006,mem_sum,4396161,166,4380560,81,0
all,5,N006,net_sum,4380861,121,4359050,66,0
all,5,N007,cpu_pct,19226498,30676,19148475,622,0
all,5,N007,mem_pct,18711640,45230,18647127,94,0
all,5,N007,net_pct,8839128,64290,8744577,78,0
all,5,N007,cpu_sum,4026870,363,4008333,270,0
all,5,N007,mem_sum,4009805,210,3989738,86,0
all,5,N007,net_sum,3991616,123,3975471,52,0
all,5,N008,cpu_pct,10025558,39949,9939774,692,0
all,5,N008,mem_pct,9475183,43362,9408591,90,0
all,5,N008,net_pct,6432244,65291,6334434,66,0
all,5,N008,cpu_sum,4193823,299,4167194,214,0
all,5,N008,mem_sum,4154700,153,4135390,82,0
all,5,N008,net_sum,4195214,114,4138886,68,0
all,5,N009,cpu_pct,14225744,72595,14102675,587,0
all,5,N009,mem_pct,25489207,49170,25413547,92,0
all,5,N009,net_pct,24917371,82034,24807192,76,0
all,5,N009,cpu_sum,4386440,306,4366147,185,0
all,5,N009,mem_sum,4402251,162,4381366,84,0
all,5,N009,net_sum,4389305,138,4367115,87,0
all,5,N010,cpu_pct,22740743,68894,22624864,519,0
all,5,N010,mem_pct,23838417,16063,23802517,87,0
all,5,N010,net_pct,8298137,59552,8209790,74,0
all,5,N010,cpu_sum,3821552,230,3804278,179,0
all,5,N010,mem_sum,3782917,185,3766241,83,0
all,5,N010,net_sum,3755120,107,3736276,49,0
all,5,N011,cpu_pct,12129245,73265,12023970,461,0
all,5,N011,mem_pct,10227721,42920,10163787,88,0
all,5,N011,net_pct,3932958,64032,3847093,69,0
all,5,N011,cpu_sum,2847124,188,2824581,158,0
all,5,N011,mem_sum,2759675,144,2737194,78,0
all,5,N011,net_sum,2755070,102,2732665,45,0
all,5,N012,cpu_pct,8892588,34316,8823611,480,0
all,5,N012,mem_pct,15170226,53976,15087738,88,0
all,5,N012,net_pct,19312091,47808,19245035,74,0
all,5,N012,cpu_sum,4328331,223,4308335,144,0
all,5,N012,mem_sum,5188109,180,5166106,85,0
all,5,N012,net_sum,4370380,110,4348764,74,0
all,5,N013,cpu_pct,13948039,14442,13900676,548,0
all,5,N013,mem_pct,9263618,54474,9187061,89,0
all,5,N013,net_pct,6370738,70731,6276614,75,0
all,5,N013,cpu_sum,3951789,319,3928402,190,0
all,5,N013,mem_sum,3933326,158,3912768,83,0
all,5,N013,net_sum,4081060,109,4066657,61,0
all,5,N014,cpu_pct,20529360,64812,20414908,592,0
all,5,N014,mem_pct,7995230,89026,7875875,91,0
all,5,N014,net_pct,12972957,72488,12868421,75,0
all,5,N014,cpu_sum,4398404,336,4380627,140,0
all,5,N014,mem_sum,4335794,192,4312817,88,0
all,5,N014,net_sum,4322001,148,4300540,52,0
all,5,N015,cpu_pct,5700320,90156,5563376,442,0
all,5,N015,mem_pct,14974811,72155,14872763,92,0
all,5,N015,net_pct,7733421,92770,7623281,74,0
all,5,N015,cpu_sum,4386078,234,4358871,158,0
all,5,N015,mem_sum,4388790,180,4363759,84,0
all,5,N015,net_sum,4349116,136,4330079,72,0
all,5,N016,cpu_pct,32410466,37316,32322107,816,0
all,5,N016,mem_pct,20458559,68858,20371642,94,0
all,5,N016,net_pct,21001487,55810,20923042,82,0
all,5,N016,cpu_sum,4191596,334,4174221,166,0
all,5,N016,mem_sum,4146694,180,4117868,90,0
all,5,N016,net_sum,4100570,123,4078150,90,0
all,5,N017,cpu_pct,14246580,56459,14137488,480,0
all,5,N017,mem_pct,28596896,69539,28506590,85,0
all,5,N017,net_pct,10477639,63454,10383618,75,0
all,5,N017,cpu_sum,4367975,321,4350811,170,0
all,5,N017,mem_sum,4313431,168,4285302,104,0
all,5,N017,net_sum,4296602,118,4280885,100,0
all,5,N018,cpu_pct,18986577,38473,18913321,685,0
all,5,N018,mem_pct,5839904,35380,5782686,94,0
all,5,N018,net_pct,26600213,57191,26512763,74,0
all,5,N018,cpu_sum,4265649,306,4246961,165,0
all,5,N018,mem_sum,4301979,187,4275894,82,0
all,5,N018,net_sum,4238997,102,4223765,65,0
all,5,N019,cpu_pct,18027348,83676,17902148,451,0
all,5,N019,mem_pct,9488174,19751,9447052,89,0
all,5,N019,net_pct,10997536,46389,10935039,77,0
all,5,N019,cpu_sum,3967241,363,3943162,171,0
all,5,N019,mem_sum,3949064,197,3929667,84,0
all,5,N019,net_sum,3935450,114,3920946,80,0
all,5,N020,cpu_pct,26728458,93828,26591668,683,0
all,5,N020,mem_pct,12304993,73556,12207848,153,0
all,5,N020,net_pct,18179639,42803,18110817,130,0
all,5,N020,cpu_sum,4418173,374,4393617,264,0
all,5,N020,mem_sum,4404345,213,4382380,147,0
all,5,N020,net_sum,4387586,193,4368269,90,0
all,5,N021,cpu_pct,25609983,22839,25525042,609,0
all,5,N021,mem_pct,24100503,27068,24035468,77,0
all,5,N021,net_pct,9892797,42341,9825767,76,0
all,5,N021,cpu_sum,4537822,453,4493090,251,0
all,5,N021,mem_sum,4453863,203,4425105,90,0
all,5,N021,net_sum,4454958,101,4430471,96,0
all,5,N022,cpu_pct,19139449,45566,19054009,419,0
all,5,N022,mem_pct,12727272,65342,12637154,89,0
all,5,N022,net_pct,5346515,77336,5242578,77,0
all,5,N022,cpu_sum,2844540,214,2826337,167,0
all,5,N022,mem_sum,2849154,168,2830553,86,0
all,5,N022,net_sum,2893101,133,2873058,48,0
all,5,N023,cpu_pct,10980291,60015,10875505,440,0
all,5,N023,mem_pct,30620437,45362,30546333,99,0
all,5,N023,net_pct,12448497,32640,12393076,69,0
all,5,N023,cpu_sum,4312401,314,4288412,195,0
all,5,N023,mem_sum,4270365,157,4255019,83,0
all,5,N023,net_sum,4240433,134,4218268,82,0
all,5,N024,cpu_pct,6125967,67384,6013954,452,0
all,5,N024,mem_pct,18426532,31740,18372001,92,0
all,5,N024,net_pct,29625480,62286,29533166,76,0
all,5,N024,cpu_sum,4332529,332,4319013,188,0
all,5,N024,mem_sum,4350289,176,4327563,88,0
all,5,N024,net_sum,4312062,128,4295995,86,0
all,5,N025,cpu_pct,7305599,28837,7223397,393,0
all,5,N025,mem_pct,19784065,71658,19691982,74,0
all,5,N025,net_pct,5685653,65663,5588207,66,0
all,5,N025,cpu_sum,4393204,255,4379261,134,0
all,5,N025,mem_sum,4382626,182,4358052,83,0
all,5,N025,net_sum,4358967,151,4340188,70,0
all,5,N026,cpu_pct,26796150,84496,26674340,586,0
all,5,N026,mem_pct,15692388,53836,15611008,87,0
all,5,N026,net_pct,13776323,40954,13715780,74,0
all,5,N026,cpu_sum,4431408,333,4397623,172,0
all,5,N026,mem_sum,4395004,172,4379471,82,0
all,5,N026,net_sum,4547000,120,4524914,71,0
all,5,N027,cpu_pct,14164487,59809,14061838,483,0
all,5,N027,mem_pct,7245625,83266,7136640,86,0
all,5,N027,net_pct,6767222,56031,6684868,76,0
all,5,N027,cpu_sum,4399954,323,4379084,146,0
all,5,N027,mem_sum,4347435,183,4328254,83,0
all,5,N027,net_sum,4359610,146,4331589,77,0
all,5,N028,cpu_pct,20616198,63489,20516786,483,0
all,5,N028,mem_pct,19341626,58965,19261123,85,0
all,5,N028,net_pct,22776569,51711,22706059,76,0
all,5,N028,cpu_sum,4433976,206,4397812,152,0
all,5,N028,mem_sum,4410777,153,4388347,82,0
all,5,N028,net_sum,5215969,111,5195593,67,0
all,5,N029,cpu_pct,25563167,40898,25481036,569,0
all,5,N029,mem_pct,25236333,53358,25162336,89,0
all,5,N029,net_pct,32606237,54060,32519297,84,0
all,5,N029,cpu_sum,4459394,341,4438762,200,0
all,5,N029,mem_sum,4475855,163,4453202,85,0
all,5,N029,net_sum,4398170,145,4380217,49,0
all,5,N030,cpu_pct,29599659,31505,29518267,392,0
all,5,N030,mem_pct,9054468,62431,8969324,97,0
all,5,N030,net_pct,12373965,42549,12306499,77,0
all,5,N030,cpu_sum,4351831,3320,4324637,160,0
all,5,N030,mem_sum,4357634,152,4339238,89,0
all,5,N030,net_sum,4358247,143,4334317,79,0
single,5,N001,cpu_pct,13826204,33495,13755517,420,0
single,5,N001,mem_pct,9116545,26972,9073716,75,0
single,5,N001,net_pct,17413898,21680,17370903,76,0
single,5,N001,cpu_sum,4273012,322,4256841,140,0
single,5,N001,mem_sum,4267422,150,4249496,90,0
single,5,N001,net_sum,4274808,143,4252784,50,0
