timestamp_utc,epoch,server_objective,server_assignments,server_unassigned,server_status,server_solver_ms,es_objective,es_assignments,es_unassigned,es_status,es_solver_ms
2026-02-13T00:28:44.981806+00:00,1,-28.000000,28,34,1,41933.4136,-28.000000,28,34,1,41769.8648
2026-02-13T00:32:21.109848+00:00,2,-28.000000,28,34,1,41771.1076,-28.000000,28,34,1,41777.5378
2026-02-13T00:35:57.433954+00:00,3,-28.000000,28,34,1,41824.9128,-28.000000,28,34,1,41805.4104
2026-02-13T00:39:41.444909+00:00,4,-28.000000,28,34,1,42079.0487,-28.000000,28,34,1,42069.4287
2026-02-13T00:43:18.954238+00:00,5,-28.000000,28,34,1,41917.6598,-28.000000,28,34,1,41998.8120
2026-02-13T00:46:55.195012+00:00,6,-28.000000,28,34,1,41730.8412,-28.000000,28,34,1,41628.6644
2026-02-13T00:50:35.519030+00:00,7,-28.000000,28,34,1,41867.5349,-28.000000,28,34,1,41821.0597
2026-02-13T00:54:17.503959+00:00,8,-28.000000,28,34,1,41887.5787,-28.000000,28,34,1,41916.8361
2026-02-13T00:57:54.532142+00:00,9,-28.000000,28,34,1,41882.5962,-28.000000,28,34,1,41895.3445
2026-02-13T01:01:31.487087+00:00,10,-28.000000,28,34,1,42020.4388,-28.000000,28,34,1,41466.1446
