timestamp,node_id,cpu_capacity,memory_capacity
2025-10-13T22:34:42,N005,22.720,31.571
2025-10-13T22:34:57,N005,23.382,33.898
2025-10-13T22:35:12,N005,26.727,36.124
2025-10-13T22:35:27,N005,24.926,39.030
2025-10-13T22:35:42,N005,30.763,48.791
2025-10-13T22:35:57,N005,33.906,57.017
2025-10-13T22:36:12,N005,29.569,57.870
2025-10-13T22:36:27,N005,29.804,57.587
2025-10-13T22:36:42,N005,25.454,57.770
2025-10-13T22:36:57,N005,22.823,54.095
2025-10-13T22:37:12,N005,20.149,59.001
2025-10-13T22:37:27,N005,22.422,44.939
2025-10-13T22:37:42,N005,21.535,36.240
2025-10-13T22:37:57,N005,19.923,30.885
2025-10-13T22:38:12,N005,16.378,25.394
2025-10-13T22:38:27,N005,13.500,24.508
2025-10-13T22:38:42,N005,12.650,21.215
2025-10-13T22:38:57,N005,13.983,20.800
2025-10-13T22:39:12,N005,13.648,21.690
2025-10-13T22:39:27,N005,15.721,17.658
2025-10-13T22:35:17,N006,26.683,54.165
2025-10-13T22:35:32,N006,31.612,60.563
2025-10-13T22:35:47,N006,30.842,60.754
2025-10-13T22:36:02,N006,27.864,75.638
2025-10-13T22:36:17,N006,33.015,62.406
2025-10-13T22:36:32,N006,28.693,61.367
2025-10-13T22:36:47,N006,31.392,73.517
2025-10-13T22:37:02,N006,26.891,65.404
2025-10-13T22:37:17,N006,24.987,61.631
2025-10-13T22:37:32,N006,23.467,57.799
2025-10-13T22:37:47,N006,24.976,56.033
2025-10-13T22:38:02,N006,28.640,54.126
2025-10-13T22:38:17,N006,31.760,50.280
2025-10-13T22:38:32,N006,37.347,38.338
2025-10-13T22:38:47,N006,41.590,26.632
2025-10-13T22:39:02,N006,47.271,30.107
2025-10-13T22:39:17,N006,55.464,33.671
2025-10-13T22:39:32,N006,78.540,33.675
2025-10-13T22:39:47,N006,91.847,33.449
2025-10-13T22:40:02,N006,83.205,28.368
2025-10-13T22:35:41,N009,14.123,84.525
2025-10-13T22:35:56,N009,12.872,97.519
2025-10-13T22:36:11,N009,11.168,97.352
2025-10-13T22:36:26,N009,10.744,97.816
2025-10-13T22:36:41,N009,10.162,102.818
2025-10-13T22:36:56,N009,9.130,99.786
2025-10-13T22:37:11,N009,7.947,87.671
2025-10-13T22:37:26,N009,7.027,87.425
2025-10-13T22:37:41,N009,8.679,90.641
2025-10-13T22:37:56,N009,11.408,87.654
2025-10-13T22:38:11,N009,13.982,94.056
2025-10-13T22:38:26,N009,15.612,92.102
2025-10-13T22:38:41,N009,15.547,104.380
2025-10-13T22:38:56,N009,19.088,86.535
2025-10-13T22:39:11,N009,20.928,86.875
2025-10-13T22:39:26,N009,19.119,89.252
2025-10-13T22:39:41,N009,21.451,93.841
2025-10-13T22:39:56,N009,21.005,89.622
2025-10-13T22:40:11,N009,15.280,107.280
2025-10-13T22:40:26,N009,14.199,108.668
2025-10-13T22:35:44,N008,21.770,82.653
2025-10-13T22:35:59,N008,22.363,76.182
2025-10-13T22:36:14,N008,23.057,65.493
2025-10-13T22:36:29,N008,25.261,64.222
2025-10-13T22:36:44,N008,30.711,65.425
2025-10-13T22:36:59,N008,35.134,66.619
2025-10-13T22:37:14,N008,37.809,65.592
2025-10-13T22:37:29,N008,48.258,50.223
2025-10-13T22:37:44,N008,44.702,50.066
2025-10-13T22:37:59,N008,46.799,56.971
2025-10-13T22:38:14,N008,48.199,65.216
2025-10-13T22:38:29,N008,47.353,80.820
2025-10-13T22:38:44,N008,45.220,86.521
2025-10-13T22:38:59,N008,34.609,82.029
2025-10-13T22:39:14,N008,25.892,81.136
2025-10-13T22:39:29,N008,20.353,74.563
2025-10-13T22:39:44,N008,18.326,92.794
2025-10-13T22:39:59,N008,18.713,106.358
2025-10-13T22:40:14,N008,15.574,117.262
2025-10-13T22:40:29,N008,17.465,112.591
2025-10-13T22:37:41,N001,19.560,72.643
2025-10-13T22:37:56,N001,17.751,86.558
2025-10-13T22:38:11,N001,16.610,70.043
2025-10-13T22:38:26,N001,12.667,84.260
2025-10-13T22:38:41,N001,10.465,97.988
2025-10-13T22:38:56,N001,9.501,113.579
2025-10-13T22:39:11,N001,9.636,104.993
2025-10-13T22:39:26,N001,9.408,98.115
2025-10-13T22:39:41,N001,9.822,102.856
2025-10-13T22:39:56,N001,10.060,86.094
2025-10-13T22:40:11,N001,12.271,80.938
2025-10-13T22:40:26,N001,15.910,77.015
2025-10-13T22:40:41,N001,15.798,80.511
2025-10-13T22:40:56,N001,15.646,83.887
2025-10-13T22:41:11,N001,14.945,84.221
2025-10-13T22:41:26,N001,17.149,83.897
2025-10-13T22:41:41,N001,19.052,68.352
2025-10-13T22:41:56,N001,23.133,66.588
2025-10-13T22:42:11,N001,26.477,71.437
2025-10-13T22:42:26,N001,21.224,65.278
2025-10-13T22:38:47,N003,25.109,36.378
2025-10-13T22:39:02,N003,23.623,37.919
2025-10-13T22:39:17,N003,29.108,41.794
2025-10-13T22:39:32,N003,30.179,42.827
2025-10-13T22:39:47,N003,25.548,45.746
2025-10-13T22:40:02,N003,31.761,49.255
2025-10-13T22:40:17,N003,32.259,45.676
2025-10-13T22:40:32,N003,22.486,41.292
2025-10-13T22:40:47,N003,19.072,40.421
2025-10-13T22:41:02,N003,17.572,47.051
2025-10-13T22:41:17,N003,13.395,46.658
2025-10-13T22:41:32,N003,10.356,49.065
2025-10-13T22:41:47,N003,8.574,39.271
2025-10-13T22:42:02,N003,6.625,35.751
2025-10-13T22:42:17,N003,4.910,40.409
2025-10-13T22:42:32,N003,5.161,41.869
2025-10-13T22:42:47,N003,5.016,45.399
2025-10-13T22:43:02,N003,3.944,39.711
2025-10-13T22:43:17,N003,3.915,37.547
2025-10-13T22:43:32,N003,3.899,40.738
2025-10-13T22:39:52,N006,7.521,50.938
2025-10-13T22:40:07,N006,9.231,64.487
2025-10-13T22:40:22,N006,8.724,67.132
2025-10-13T22:40:37,N006,8.749,73.054
2025-10-13T22:40:52,N006,9.886,72.337
2025-10-13T22:41:07,N006,12.293,67.034
2025-10-13T22:41:22,N006,11.378,56.818
2025-10-13T22:41:37,N006,11.690,49.560
2025-10-13T22:41:52,N006,12.744,47.421
2025-10-13T22:42:07,N006,12.418,42.121
2025-10-13T22:42:22,N006,15.253,34.449
2025-10-13T22:42:37,N006,17.706,33.623
2025-10-13T22:42:52,N006,17.674,34.281
2025-10-13T22:43:07,N006,11.751,32.862
2025-10-13T22:43:22,N006,9.762,31.013
2025-10-13T22:43:37,N006,9.512,30.094
2025-10-13T22:43:52,N006,8.605,32.641
2025-10-13T22:44:07,N006,9.647,35.600
2025-10-13T22:44:22,N006,9.038,40.166
2025-10-13T22:44:37,N006,8.666,42.416
2025-10-13T22:40:29,N004,22.212,49.805
2025-10-13T22:40:44,N004,22.636,60.350
2025-10-13T22:40:59,N004,23.541,61.976
2025-10-13T22:41:14,N004,15.223,71.100
2025-10-13T22:41:29,N004,14.304,61.847
2025-10-13T22:41:44,N004,14.806,52.362
2025-10-13T22:41:59,N004,16.646,50.294
2025-10-13T22:42:14,N004,16.315,43.960
2025-10-13T22:42:29,N004,17.641,38.085
2025-10-13T22:42:44,N004,17.589,35.812
2025-10-13T22:42:59,N004,17.470,31.331
2025-10-13T22:43:14,N004,19.061,28.994
2025-10-13T22:43:29,N004,17.366,29.362
2025-10-13T22:43:44,N004,16.751,29.965
2025-10-13T22:43:59,N004,18.256,32.407
2025-10-13T22:44:14,N004,18.290,36.116
2025-10-13T22:44:29,N004,17.435,36.670
2025-10-13T22:44:44,N004,15.820,36.746
2025-10-13T22:44:59,N004,14.398,39.165
2025-10-13T22:45:14,N004,15.357,42.208
2025-10-13T22:40:31,N006,38.116,59.657
2025-10-13T22:40:46,N006,36.205,52.222
2025-10-13T22:41:01,N006,32.699,56.066
2025-10-13T22:41:16,N006,24.977,60.331
2025-10-13T22:41:31,N006,25.382,57.805
2025-10-13T22:41:46,N006,21.461,64.416
2025-10-13T22:42:01,N006,15.410,62.504
2025-10-13T22:42:16,N006,12.797,64.461
2025-10-13T22:42:31,N006,13.998,69.981
2025-10-13T22:42:46,N006,14.468,74.849
2025-10-13T22:43:01,N006,16.517,75.014
2025-10-13T22:43:16,N006,19.420,67.769
2025-10-13T22:43:31,N006,19.666,66.677
2025-10-13T22:43:46,N006,25.179,59.248
2025-10-13T22:44:01,N006,27.710,54.975
2025-10-13T22:44:16,N006,34.876,48.629
2025-10-13T22:44:31,N006,36.680,50.247
2025-10-13T22:44:46,N006,37.865,53.591
2025-10-13T22:45:01,N006,36.771,49.675
2025-10-13T22:45:16,N006,37.639,47.770
2025-10-13T22:41:38,N010,20.244,56.490
2025-10-13T22:41:53,N010,15.567,70.262
2025-10-13T22:42:08,N010,14.567,74.396
2025-10-13T22:42:23,N010,12.462,71.803
2025-10-13T22:42:38,N010,11.183,85.428
2025-10-13T22:42:53,N010,12.040,71.730
2025-10-13T22:43:08,N010,13.080,70.523
2025-10-13T22:43:23,N010,15.918,81.598
2025-10-13T22:43:38,N010,17.881,79.706
2025-10-13T22:43:53,N010,17.963,77.125
2025-10-13T22:44:08,N010,19.404,72.849
2025-10-13T22:44:23,N010,23.724,69.085
2025-10-13T22:44:38,N010,23.213,72.493
2025-10-13T22:44:53,N010,21.371,71.464
2025-10-13T22:45:08,N010,19.351,78.815
2025-10-13T22:45:23,N010,12.977,67.851
2025-10-13T22:45:38,N010,9.301,64.373
2025-10-13T22:45:53,N010,10.722,51.811
2025-10-13T22:46:08,N010,11.058,50.892
2025-10-13T22:46:23,N010,10.173,46.553
2025-10-13T22:41:43,N006,9.026,70.157
2025-10-13T22:41:58,N006,6.697,75.849
2025-10-13T22:42:13,N006,7.650,102.760
2025-10-13T22:42:28,N006,7.805,115.350
2025-10-13T22:42:43,N006,8.512,132.876
2025-10-13T22:42:58,N006,8.344,145.150
2025-10-13T22:43:13,N006,8.644,154.162
2025-10-13T22:43:28,N006,11.342,173.220
2025-10-13T22:43:43,N006,10.245,177.446
2025-10-13T22:43:58,N006,10.967,182.783
2025-10-13T22:44:13,N006,9.703,216.072
2025-10-13T22:44:28,N006,8.052,197.550
2025-10-13T22:44:43,N006,5.477,174.691
2025-10-13T22:44:58,N006,4.664,130.909
2025-10-13T22:45:13,N006,3.113,133.044
2025-10-13T22:45:28,N006,2.781,122.958
2025-10-13T22:45:43,N006,3.186,137.127
2025-10-13T22:45:58,N006,3.075,118.253
2025-10-13T22:46:13,N006,2.776,92.566
2025-10-13T22:46:28,N006,3.162,108.251
2025-10-13T22:41:50,N003,9.086,57.050
2025-10-13T22:42:05,N003,9.083,55.784
2025-10-13T22:42:20,N003,7.864,65.181
2025-10-13T22:42:35,N003,8.269,66.125
2025-10-13T22:42:50,N003,7.316,83.918
2025-10-13T22:43:05,N003,8.212,93.325
2025-10-13T22:43:20,N003,6.757,105.534
2025-10-13T22:43:35,N003,9.270,105.563
2025-10-13T22:43:50,N003,10.385,92.610
2025-10-13T22:44:05,N003,10.281,69.800
2025-10-13T22:44:20,N003,11.417,72.595
2025-10-13T22:44:35,N003,11.656,76.091
2025-10-13T22:44:50,N003,11.752,58.314
2025-10-13T22:45:05,N003,10.292,52.877
2025-10-13T22:45:20,N003,9.982,50.304
2025-10-13T22:45:35,N003,11.160,61.062
2025-10-13T22:45:50,N003,11.349,63.447
2025-10-13T22:46:05,N003,9.753,64.078
2025-10-13T22:46:20,N003,10.899,71.932
2025-10-13T22:46:35,N003,11.335,75.964
2025-10-13T22:42:04,N003,24.498,91.295
2025-10-13T22:42:19,N003,22.659,94.449
2025-10-13T22:42:34,N003,21.164,112.424
2025-10-13T22:42:49,N003,17.775,115.221
2025-10-13T22:43:04,N003,15.905,119.891
2025-10-13T22:43:19,N003,13.874,97.271
2025-10-13T22:43:34,N003,7.992,94.698
2025-10-13T22:43:49,N003,7.812,89.563
2025-10-13T22:44:04,N003,7.380,82.680
2025-10-13T22:44:19,N003,7.169,68.948
2025-10-13T22:44:34,N003,6.324,56.130
2025-10-13T22:44:49,N003,6.331,50.148
2025-10-13T22:45:04,N003,6.826,49.491
2025-10-13T22:45:19,N003,8.223,52.369
2025-10-13T22:45:34,N003,10.032,53.095
2025-10-13T22:45:49,N003,8.618,57.268
2025-10-13T22:46:04,N003,8.404,70.276
2025-10-13T22:46:19,N003,10.556,80.338
2025-10-13T22:46:34,N003,11.176,84.079
2025-10-13T22:46:49,N003,12.504,93.446
2025-10-13T22:42:55,N004,26.881,38.131
2025-10-13T22:43:10,N004,24.354,34.698
2025-10-13T22:43:25,N004,22.063,32.120
2025-10-13T22:43:40,N004,22.079,31.656
2025-10-13T22:43:55,N004,22.927,34.235
2025-10-13T22:44:10,N004,19.391,30.385
2025-10-13T22:44:25,N004,22.955,28.605
2025-10-13T22:44:40,N004,26.216,30.571
2025-10-13T22:44:55,N004,25.816,30.853
2025-10-13T22:45:10,N004,22.762,31.638
2025-10-13T22:45:25,N004,26.001,30.006
2025-10-13T22:45:40,N004,28.620,31.148
2025-10-13T22:45:55,N004,29.392,34.693
2025-10-13T22:46:10,N004,38.791,39.164
2025-10-13T22:46:25,N004,46.679,41.158
2025-10-13T22:46:40,N004,43.688,46.064
2025-10-13T22:46:55,N004,45.674,45.332
2025-10-13T22:47:10,N004,42.323,42.712
2025-10-13T22:47:25,N004,44.513,43.401
2025-10-13T22:47:40,N004,36.190,41.857
2025-10-13T22:43:35,N008,8.902,82.972
2025-10-13T22:43:50,N008,8.099,92.200
2025-10-13T22:44:05,N008,7.185,98.350
2025-10-13T22:44:20,N008,7.290,90.732
2025-10-13T22:44:35,N008,9.384,86.448
2025-10-13T22:44:50,N008,10.699,90.311
2025-10-13T22:45:05,N008,10.612,98.643
2025-10-13T22:45:20,N008,12.733,109.479
2025-10-13T22:45:35,N008,12.482,84.713
2025-10-13T22:45:50,N008,11.878,86.944
2025-10-13T22:46:05,N008,9.897,71.258
2025-10-13T22:46:20,N008,9.711,70.190
2025-10-13T22:46:35,N008,9.808,60.316
2025-10-13T22:46:50,N008,8.801,48.725
2025-10-13T22:47:05,N008,6.337,51.006
2025-10-13T22:47:20,N008,5.565,47.488
2025-10-13T22:47:35,N008,5.611,54.045
2025-10-13T22:47:50,N008,5.524,46.129
2025-10-13T22:48:05,N008,4.130,49.991
2025-10-13T22:48:20,N008,5.089,58.327
2025-10-13T22:44:29,N005,12.789,20.768
2025-10-13T22:44:44,N005,12.419,18.714
2025-10-13T22:44:59,N005,14.652,18.372
2025-10-13T22:45:14,N005,14.095,17.470
2025-10-13T22:45:29,N005,12.948,19.924
2025-10-13T22:45:44,N005,15.546,21.318
2025-10-13T22:45:59,N005,20.170,23.653
2025-10-13T22:46:14,N005,22.917,26.493
2025-10-13T22:46:29,N005,30.292,28.702
2025-10-13T22:46:44,N005,34.657,29.614
2025-10-13T22:46:59,N005,36.270,33.064
2025-10-13T22:47:14,N005,38.805,34.930
2025-10-13T22:47:29,N005,31.538,31.277
2025-10-13T22:47:44,N005,30.926,31.557
2025-10-13T22:47:59,N005,25.885,32.702
2025-10-13T22:48:14,N005,26.862,32.113
2025-10-13T22:48:29,N005,22.822,32.858
2025-10-13T22:48:44,N005,22.718,30.514
2025-10-13T22:48:59,N005,20.122,21.979
2025-10-13T22:49:14,N005,21.257,21.051
2025-10-13T22:44:42,N007,16.320,38.817
2025-10-13T22:44:57,N007,13.575,40.514
2025-10-13T22:45:12,N007,9.534,44.362
2025-10-13T22:45:27,N007,8.048,51.179
2025-10-13T22:45:42,N007,8.439,54.519
2025-10-13T22:45:57,N007,8.424,54.453
2025-10-13T22:46:12,N007,8.349,59.820
2025-10-13T22:46:27,N007,8.168,58.843
2025-10-13T22:46:42,N007,8.336,68.146
2025-10-13T22:46:57,N007,9.068,71.795
2025-10-13T22:47:12,N007,9.094,68.023
2025-10-13T22:47:27,N007,10.644,82.046
2025-10-13T22:47:42,N007,10.809,77.615
2025-10-13T22:47:57,N007,10.847,78.168
2025-10-13T22:48:12,N007,11.649,80.472
2025-10-13T22:48:27,N007,10.527,66.758
2025-10-13T22:48:42,N007,9.511,56.897
2025-10-13T22:48:57,N007,7.489,50.974
2025-10-13T22:49:12,N007,8.186,48.818
2025-10-13T22:49:27,N007,9.137,41.714
2025-10-13T22:44:52,N003,6.873,30.688
2025-10-13T22:45:07,N003,6.231,27.888
2025-10-13T22:45:22,N003,6.829,27.166
2025-10-13T22:45:37,N003,6.546,30.801
2025-10-13T22:45:52,N003,7.798,32.800
2025-10-13T22:46:07,N003,7.127,33.332
2025-10-13T22:46:22,N003,7.279,29.108
2025-10-13T22:46:37,N003,7.174,33.383
2025-10-13T22:46:52,N003,6.631,36.777
2025-10-13T22:47:07,N003,5.915,39.145
2025-10-13T22:47:22,N003,6.769,46.694
2025-10-13T22:47:37,N003,7.406,44.787
2025-10-13T22:47:52,N003,6.477,52.700
2025-10-13T22:48:07,N003,6.842,48.612
2025-10-13T22:48:22,N003,7.516,42.657
2025-10-13T22:48:37,N003,8.027,42.291
2025-10-13T22:48:52,N003,8.207,48.272
2025-10-13T22:49:07,N003,7.021,34.449
2025-10-13T22:49:22,N003,7.601,37.175
2025-10-13T22:49:37,N003,7.694,35.015
2025-10-13T22:45:29,N007,22.300,72.534
2025-10-13T22:45:44,N007,24.895,68.394
2025-10-13T22:45:59,N007,19.572,69.993
2025-10-13T22:46:14,N007,22.674,70.942
2025-10-13T22:46:29,N007,21.087,72.660
2025-10-13T22:46:44,N007,21.858,70.120
2025-10-13T22:46:59,N007,21.052,73.832
2025-10-13T22:47:14,N007,19.682,81.501
2025-10-13T22:47:29,N007,18.384,93.143
2025-10-13T22:47:44,N007,15.572,117.041
2025-10-13T22:47:59,N007,14.564,125.438
2025-10-13T22:48:14,N007,11.491,126.521
2025-10-13T22:48:29,N007,9.308,145.851
2025-10-13T22:48:44,N007,8.455,143.380
2025-10-13T22:48:59,N007,10.220,167.601
2025-10-13T22:49:14,N007,9.509,174.906
2025-10-13T22:49:29,N007,10.421,169.885
2025-10-13T22:49:44,N007,11.230,162.426
2025-10-13T22:49:59,N007,6.163,163.314
2025-10-13T22:50:14,N007,6.516,153.440
2025-10-13T22:45:38,N001,29.812,44.840
2025-10-13T22:45:53,N001,35.232,40.372
2025-10-13T22:46:08,N001,28.959,34.645
2025-10-13T22:46:23,N001,31.652,24.084
2025-10-13T22:46:38,N001,30.456,23.068
2025-10-13T22:46:53,N001,27.479,19.837
2025-10-13T22:47:08,N001,27.217,18.812
2025-10-13T22:47:23,N001,25.658,18.992
2025-10-13T22:47:38,N001,18.581,21.024
2025-10-13T22:47:53,N001,18.781,22.327
2025-10-13T22:48:08,N001,17.020,24.099
2025-10-13T22:48:23,N001,16.327,21.670
2025-10-13T22:48:38,N001,15.573,25.166
2025-10-13T22:48:53,N001,14.661,29.548
2025-10-13T22:49:08,N001,14.532,33.893
2025-10-13T22:49:23,N001,15.079,37.863
2025-10-13T22:49:38,N001,16.830,35.900
2025-10-13T22:49:53,N001,11.273,26.266
2025-10-13T22:50:08,N001,12.628,25.223
2025-10-13T22:50:23,N001,11.682,25.905
2025-10-13T22:46:17,N002,23.191,59.552
2025-10-13T22:46:32,N002,30.803,67.023
2025-10-13T22:46:47,N002,35.464,72.138
2025-10-13T22:47:02,N002,32.957,73.726
2025-10-13T22:47:17,N002,33.009,76.466
2025-10-13T22:47:32,N002,30.344,83.709
2025-10-13T22:47:47,N002,26.610,110.909
2025-10-13T22:48:02,N002,21.634,135.278
2025-10-13T22:48:17,N002,19.642,144.576
2025-10-13T22:48:32,N002,18.990,140.838
2025-10-13T22:48:47,N002,19.763,142.086
2025-10-13T22:49:02,N002,17.635,151.342
2025-10-13T22:49:17,N002,14.746,137.050
2025-10-13T22:49:32,N002,11.734,119.234
2025-10-13T22:49:47,N002,12.441,105.771
2025-10-13T22:50:02,N002,13.603,96.256
2025-10-13T22:50:17,N002,14.292,95.898
2025-10-13T22:50:32,N002,14.787,95.839
2025-10-13T22:50:47,N002,18.103,100.906
2025-10-13T22:51:02,N002,19.049,90.551
2025-10-13T22:46:22,N004,8.134,35.021
2025-10-13T22:46:37,N004,6.821,37.951
2025-10-13T22:46:52,N004,6.148,35.597
2025-10-13T22:47:07,N004,5.122,34.332
2025-10-13T22:47:22,N004,4.740,37.278
2025-10-13T22:47:37,N004,4.417,36.456
2025-10-13T22:47:52,N004,6.268,30.222
2025-10-13T22:48:07,N004,8.016,33.089
2025-10-13T22:48:22,N004,7.305,32.354
2025-10-13T22:48:37,N004,8.438,34.635
2025-10-13T22:48:52,N004,9.409,34.478
2025-10-13T22:49:07,N004,8.811,33.894
2025-10-13T22:49:22,N004,9.437,28.523
2025-10-13T22:49:37,N004,9.627,25.461
2025-10-13T22:49:52,N004,9.459,23.324
2025-10-13T22:50:07,N004,9.864,22.392
2025-10-13T22:50:22,N004,9.806,25.017
2025-10-13T22:50:37,N004,11.027,32.081
2025-10-13T22:50:52,N004,11.337,42.884
2025-10-13T22:51:07,N004,11.125,39.342
2025-10-13T22:48:09,N010,15.696,31.889
2025-10-13T22:48:24,N010,15.695,27.556
2025-10-13T22:48:39,N010,16.993,25.896
2025-10-13T22:48:54,N010,15.861,22.343
2025-10-13T22:49:09,N010,15.959,24.283
2025-10-13T22:49:24,N010,16.839,26.807
2025-10-13T22:49:39,N010,16.372,31.897
2025-10-13T22:49:54,N010,19.639,33.096
2025-10-13T22:50:09,N010,18.467,37.422
2025-10-13T22:50:24,N010,19.150,38.066
2025-10-13T22:50:39,N010,25.001,35.496
2025-10-13T22:50:54,N010,25.787,40.729
2025-10-13T22:51:09,N010,27.714,43.539
2025-10-13T22:51:24,N010,26.388,48.247
2025-10-13T22:51:39,N010,30.261,46.069
2025-10-13T22:51:54,N010,26.256,46.060
2025-10-13T22:52:09,N010,25.675,46.138
2025-10-13T22:52:24,N010,25.097,51.030
2025-10-13T22:52:39,N010,22.599,49.967
2025-10-13T22:52:54,N010,21.744,42.359
2025-10-13T22:49:21,N010,9.475,29.344
2025-10-13T22:49:36,N010,8.165,28.042
2025-10-13T22:49:51,N010,7.423,24.877
2025-10-13T22:50:06,N010,6.750,22.215
2025-10-13T22:50:21,N010,7.662,17.785
2025-10-13T22:50:36,N010,7.454,18.614
2025-10-13T22:50:51,N010,7.126,18.300
2025-10-13T22:51:06,N010,7.319,20.191
2025-10-13T22:51:21,N010,7.967,21.768
2025-10-13T22:51:36,N010,8.248,25.164
2025-10-13T22:51:51,N010,9.028,28.090
2025-10-13T22:52:06,N010,8.173,28.069
2025-10-13T22:52:21,N010,9.548,26.832
2025-10-13T22:52:36,N010,10.550,25.352
2025-10-13T22:52:51,N010,11.350,25.979
2025-10-13T22:53:06,N010,11.888,27.207
2025-10-13T22:53:21,N010,12.500,26.122
2025-10-13T22:53:36,N010,9.854,24.196
2025-10-13T22:53:51,N010,7.117,22.747
2025-10-13T22:54:06,N010,6.927,23.656
2025-10-13T22:49:26,N010,31.813,71.210
2025-10-13T22:49:41,N010,33.283,79.553
2025-10-13T22:49:56,N010,32.660,97.120
2025-10-13T22:50:11,N010,29.471,97.384
2025-10-13T22:50:26,N010,30.267,88.020
2025-10-13T22:50:41,N010,28.770,72.888
2025-10-13T22:50:56,N010,29.483,62.405
2025-10-13T22:51:11,N010,30.632,68.494
2025-10-13T22:51:26,N010,27.716,51.873
2025-10-13T22:51:41,N010,23.732,34.534
2025-10-13T22:51:56,N010,29.952,23.905
2025-10-13T22:52:11,N010,33.609,22.106
2025-10-13T22:52:26,N010,31.064,23.436
2025-10-13T22:52:41,N010,36.282,21.599
2025-10-13T22:52:56,N010,25.416,20.575
2025-10-13T22:53:11,N010,31.749,20.317
2025-10-13T22:53:26,N010,27.885,16.259
2025-10-13T22:53:41,N010,33.680,16.741
2025-10-13T22:53:56,N010,35.058,17.138
2025-10-13T22:54:11,N010,33.945,17.477
2025-10-13T22:49:31,N001,11.239,85.040
2025-10-13T22:49:46,N001,7.156,91.313
2025-10-13T22:50:01,N001,6.314,104.562
2025-10-13T22:50:16,N001,6.776,91.233
2025-10-13T22:50:31,N001,6.366,85.624
2025-10-13T22:50:46,N001,7.069,82.634
2025-10-13T22:51:01,N001,6.171,92.608
2025-10-13T22:51:16,N001,5.619,114.118
2025-10-13T22:51:31,N001,5.587,115.947
2025-10-13T22:51:46,N001,5.220,125.615
2025-10-13T22:52:01,N001,6.235,141.467
2025-10-13T22:52:16,N001,7.630,142.422
2025-10-13T22:52:31,N001,8.764,150.206
2025-10-13T22:52:46,N001,8.176,144.489
2025-10-13T22:53:01,N001,9.131,148.459
2025-10-13T22:53:16,N001,9.701,139.640
2025-10-13T22:53:31,N001,8.623,124.263
2025-10-13T22:53:46,N001,7.018,119.005
2025-10-13T22:54:01,N001,8.064,111.136
2025-10-13T22:54:16,N001,6.697,109.933
2025-10-13T22:49:37,N010,30.071,55.670
2025-10-13T22:49:52,N010,28.172,53.419
2025-10-13T22:50:07,N010,26.118,51.769
2025-10-13T22:50:22,N010,24.937,49.227
2025-10-13T22:50:37,N010,25.351,53.840
2025-10-13T22:50:52,N010,27.505,58.435
2025-10-13T22:51:07,N010,24.868,72.398
2025-10-13T22:51:22,N010,25.340,85.503
2025-10-13T22:51:37,N010,27.792,79.774
2025-10-13T22:51:52,N010,22.244,83.248
2025-10-13T22:52:07,N010,27.311,88.308
2025-10-13T22:52:22,N010,28.762,80.931
2025-10-13T22:52:37,N010,31.693,90.841
2025-10-13T22:52:52,N010,38.346,89.525
2025-10-13T22:53:07,N010,34.978,82.717
2025-10-13T22:53:22,N010,39.409,75.119
2025-10-13T22:53:37,N010,36.086,85.038
2025-10-13T22:53:52,N010,42.335,81.122
2025-10-13T22:54:07,N010,32.863,75.806
2025-10-13T22:54:22,N010,31.724,68.207
2025-10-13T22:50:37,N008,12.542,61.340
2025-10-13T22:50:52,N008,13.182,50.165
2025-10-13T22:51:07,N008,12.052,51.598
2025-10-13T22:51:22,N008,11.862,54.202
2025-10-13T22:51:37,N008,13.037,59.162
2025-10-13T22:51:52,N008,16.255,48.927
2025-10-13T22:52:07,N008,13.799,56.461
2025-10-13T22:52:22,N008,14.505,59.542
2025-10-13T22:52:37,N008,14.078,82.318
2025-10-13T22:52:52,N008,16.132,99.855
2025-10-13T22:53:07,N008,11.781,110.248
2025-10-13T22:53:22,N008,10.568,127.081
2025-10-13T22:53:37,N008,8.909,131.649
2025-10-13T22:53:52,N008,8.637,140.032
2025-10-13T22:54:07,N008,8.222,163.311
2025-10-13T22:54:22,N008,7.920,157.029
2025-10-13T22:54:37,N008,6.866,160.992
2025-10-13T22:54:52,N008,8.458,161.144
2025-10-13T22:55:07,N008,7.164,157.166
2025-10-13T22:55:22,N008,7.681,141.415
2025-10-13T22:50:46,N004,22.129,55.331
2025-10-13T22:51:01,N004,19.407,54.861
2025-10-13T22:51:16,N004,15.973,61.500
2025-10-13T22:51:31,N004,18.558,76.692
2025-10-13T22:51:46,N004,20.562,98.178
2025-10-13T22:52:01,N004,20.748,98.376
2025-10-13T22:52:16,N004,21.457,103.684
2025-10-13T22:52:31,N004,18.782,114.156
2025-10-13T22:52:46,N004,19.519,141.589
2025-10-13T22:53:01,N004,19.197,158.295
2025-10-13T22:53:16,N004,20.246,162.945
2025-10-13T22:53:31,N004,25.082,157.635
2025-10-13T22:53:46,N004,27.344,168.363
2025-10-13T22:54:01,N004,31.708,158.351
2025-10-13T22:54:16,N004,29.941,159.587
2025-10-13T22:54:31,N004,25.554,146.127
2025-10-13T22:54:46,N004,25.727,137.415
2025-10-13T22:55:01,N004,24.807,140.484
2025-10-13T22:55:16,N004,26.213,121.601
2025-10-13T22:55:31,N004,21.574,104.887
2025-10-13T22:51:09,N010,27.314,75.974
2025-10-13T22:51:24,N010,21.690,74.799
2025-10-13T22:51:39,N010,20.850,76.830
2025-10-13T22:51:54,N010,17.664,69.668
2025-10-13T22:52:09,N010,17.800,80.219
2025-10-13T22:52:24,N010,20.603,90.041
2025-10-13T22:52:39,N010,20.066,112.028
2025-10-13T22:52:54,N010,22.108,122.043
2025-10-13T22:53:09,N010,22.544,138.325
2025-10-13T22:53:24,N010,23.326,123.099
2025-10-13T22:53:39,N010,25.568,135.245
2025-10-13T22:53:54,N010,24.489,151.955
2025-10-13T22:54:09,N010,23.609,150.212
2025-10-13T22:54:24,N010,31.292,164.617
2025-10-13T22:54:39,N010,32.108,162.544
2025-10-13T22:54:54,N010,37.914,172.283
2025-10-13T22:55:09,N010,44.475,154.538
2025-10-13T22:55:24,N010,53.222,117.607
2025-10-13T22:55:39,N010,55.243,109.519
2025-10-13T22:55:54,N010,62.861,87.036
2025-10-13T22:52:04,N006,13.793,100.723
2025-10-13T22:52:19,N006,14.607,89.763
2025-10-13T22:52:34,N006,13.794,75.065
2025-10-13T22:52:49,N006,15.328,63.665
2025-10-13T22:53:04,N006,17.461,57.322
2025-10-13T22:53:19,N006,16.473,47.491
2025-10-13T22:53:34,N006,19.894,39.144
2025-10-13T22:53:49,N006,22.326,35.863
2025-10-13T22:54:04,N006,21.244,27.749
2025-10-13T22:54:19,N006,18.731,29.424
2025-10-13T22:54:34,N006,16.208,32.509
2025-10-13T22:54:49,N006,15.608,40.517
2025-10-13T22:55:04,N006,14.726,48.684
2025-10-13T22:55:19,N006,12.165,44.724
2025-10-13T22:55:34,N006,10.983,44.809
2025-10-13T22:55:49,N006,11.199,46.668
2025-10-13T22:56:04,N006,13.654,55.703
2025-10-13T22:56:19,N006,14.149,56.177
2025-10-13T22:56:34,N006,14.408,63.453
2025-10-13T22:56:49,N006,15.579,61.590
2025-10-13T22:52:31,N001,12.267,50.592
2025-10-13T22:52:46,N001,11.099,55.638
2025-10-13T22:53:01,N001,11.425,60.792
2025-10-13T22:53:16,N001,11.617,62.695
2025-10-13T22:53:31,N001,11.164,67.394
2025-10-13T22:53:46,N001,10.896,71.069
2025-10-13T22:54:01,N001,9.989,73.388
2025-10-13T22:54:16,N001,6.850,65.276
2025-10-13T22:54:31,N001,6.029,64.476
2025-10-13T22:54:46,N001,5.971,46.841
2025-10-13T22:55:01,N001,5.360,45.178
2025-10-13T22:55:16,N001,5.848,52.200
2025-10-13T22:55:31,N001,4.738,49.771
2025-10-13T22:55:46,N001,3.706,43.976
2025-10-13T22:56:01,N001,4.326,45.666
2025-10-13T22:56:16,N001,5.207,47.326
2025-10-13T22:56:31,N001,4.400,49.398
2025-10-13T22:56:46,N001,4.941,54.144
2025-10-13T22:57:01,N001,5.474,58.308
2025-10-13T22:57:16,N001,5.978,60.301
2025-10-13T22:53:38,N008,21.648,29.787
2025-10-13T22:53:53,N008,20.530,34.955
2025-10-13T22:54:08,N008,20.793,33.175
2025-10-13T22:54:23,N008,21.058,38.261
2025-10-13T22:54:38,N008,21.194,45.873
2025-10-13T22:54:53,N008,18.140,49.882
2025-10-13T22:55:08,N008,19.076,49.631
2025-10-13T22:55:23,N008,16.353,40.749
2025-10-13T22:55:38,N008,16.657,40.590
2025-10-13T22:55:53,N008,18.259,40.678
2025-10-13T22:56:08,N008,16.171,34.982
2025-10-13T22:56:23,N008,15.903,29.448
2025-10-13T22:56:38,N008,17.956,26.754
2025-10-13T22:56:53,N008,19.558,24.757
2025-10-13T22:57:08,N008,19.945,22.829
2025-10-13T22:57:23,N008,20.371,25.429
2025-10-13T22:57:38,N008,18.255,25.351
2025-10-13T22:57:53,N008,18.169,24.173
2025-10-13T22:58:08,N008,18.539,26.215
2025-10-13T22:58:23,N008,17.202,29.891
2025-10-13T22:54:14,N006,13.297,15.814
2025-10-13T22:54:29,N006,11.062,13.505
2025-10-13T22:54:44,N006,11.163,11.688
2025-10-13T22:54:59,N006,12.183,11.983
2025-10-13T22:55:14,N006,13.536,8.937
2025-10-13T22:55:29,N006,11.598,10.517
2025-10-13T22:55:44,N006,12.163,12.057
2025-10-13T22:55:59,N006,13.495,10.181
2025-10-13T22:56:14,N006,15.725,11.160
2025-10-13T22:56:29,N006,18.434,11.871
2025-10-13T22:56:44,N006,14.822,12.461
2025-10-13T22:56:59,N006,10.692,14.400
2025-10-13T22:57:14,N006,10.032,13.508
2025-10-13T22:57:29,N006,10.000,14.808
2025-10-13T22:57:44,N006,10.099,14.853
2025-10-13T22:57:59,N006,9.686,13.516
2025-10-13T22:58:14,N006,8.431,13.755
2025-10-13T22:58:29,N006,8.757,14.162
2025-10-13T22:58:44,N006,8.594,14.378
2025-10-13T22:58:59,N006,7.216,12.681
2025-10-13T22:54:15,N003,27.901,28.729
2025-10-13T22:54:30,N003,25.153,26.678
2025-10-13T22:54:45,N003,26.734,28.520
2025-10-13T22:55:00,N003,33.072,32.640
2025-10-13T22:55:15,N003,36.544,33.336
2025-10-13T22:55:30,N003,37.445,30.007
2025-10-13T22:55:45,N003,30.724,31.889
2025-10-13T22:56:00,N003,24.735,29.662
2025-10-13T22:56:15,N003,26.525,31.089
2025-10-13T22:56:30,N003,25.978,27.082
2025-10-13T22:56:45,N003,21.266,26.032
2025-10-13T22:57:00,N003,16.156,25.178
2025-10-13T22:57:15,N003,14.967,22.429
2025-10-13T22:57:30,N003,15.216,23.650
2025-10-13T22:57:45,N003,16.174,22.590
2025-10-13T22:58:00,N003,15.899,19.080
2025-10-13T22:58:15,N003,17.305,20.088
2025-10-13T22:58:30,N003,18.280,17.311
2025-10-13T22:58:45,N003,19.537,15.551
2025-10-13T22:59:00,N003,20.094,16.136
2025-10-13T22:54:26,N007,31.540,74.610
2025-10-13T22:54:41,N007,29.784,99.512
2025-10-13T22:54:56,N007,25.674,106.535
2025-10-13T22:55:11,N007,25.637,124.185
2025-10-13T22:55:26,N007,25.102,146.993
2025-10-13T22:55:41,N007,23.093,157.658
2025-10-13T22:55:56,N007,23.356,159.051
2025-10-13T22:56:11,N007,23.525,152.176
2025-10-13T22:56:26,N007,22.102,153.965
2025-10-13T22:56:41,N007,17.532,131.599
2025-10-13T22:56:56,N007,15.121,116.218
2025-10-13T22:57:11,N007,16.645,109.546
2025-10-13T22:57:26,N007,15.629,113.563
2025-10-13T22:57:41,N007,16.013,95.479
2025-10-13T22:57:56,N007,15.529,86.557
2025-10-13T22:58:11,N007,15.882,80.885
2025-10-13T22:58:26,N007,15.618,84.979
2025-10-13T22:58:41,N007,17.695,84.104
2025-10-13T22:58:56,N007,13.113,84.269
2025-10-13T22:59:11,N007,14.620,95.533
2025-10-13T22:54:29,N005,28.214,19.208
2025-10-13T22:54:44,N005,25.862,21.344
2025-10-13T22:54:59,N005,24.859,26.640
2025-10-13T22:55:14,N005,24.578,31.153
2025-10-13T22:55:29,N005,17.271,32.389
2025-10-13T22:55:44,N005,16.359,31.424
2025-10-13T22:55:59,N005,14.424,31.481
2025-10-13T22:56:14,N005,12.863,35.170
2025-10-13T22:56:29,N005,12.957,37.297
2025-10-13T22:56:44,N005,12.379,39.113
2025-10-13T22:56:59,N005,11.801,39.944
2025-10-13T22:57:14,N005,9.779,35.342
2025-10-13T22:57:29,N005,10.580,38.458
2025-10-13T22:57:44,N005,10.917,30.664
2025-10-13T22:57:59,N005,9.576,27.427
2025-10-13T22:58:14,N005,10.795,28.868
2025-10-13T22:58:29,N005,11.405,26.527
2025-10-13T22:58:44,N005,10.984,25.057
2025-10-13T22:58:59,N005,12.626,27.503
2025-10-13T22:59:14,N005,15.520,25.491
2025-10-13T22:55:00,N007,9.218,70.630
2025-10-13T22:55:15,N007,9.325,70.638
2025-10-13T22:55:30,N007,9.810,81.951
2025-10-13T22:55:45,N007,9.558,81.625
2025-10-13T22:56:00,N007,10.404,66.636
2025-10-13T22:56:15,N007,12.663,53.900
2025-10-13T22:56:30,N007,15.454,50.269
2025-10-13T22:56:45,N007,15.377,51.440
2025-10-13T22:57:00,N007,14.848,50.777
2025-10-13T22:57:15,N007,13.719,50.485
2025-10-13T22:57:30,N007,16.373,49.824
2025-10-13T22:57:45,N007,16.815,52.356
2025-10-13T22:58:00,N007,16.987,62.179
2025-10-13T22:58:15,N007,16.509,64.026
2025-10-13T22:58:30,N007,16.352,80.034
2025-10-13T22:58:45,N007,14.261,80.190
2025-10-13T22:59:00,N007,12.873,93.298
2025-10-13T22:59:15,N007,12.417,98.249
2025-10-13T22:59:30,N007,11.366,88.011
2025-10-13T22:59:45,N007,10.870,88.049
2025-10-13T22:57:10,N007,13.958,16.364
2025-10-13T22:57:25,N007,15.321,16.333
2025-10-13T22:57:40,N007,14.025,19.318
2025-10-13T22:57:55,N007,14.368,19.668
2025-10-13T22:58:10,N007,15.856,22.151
2025-10-13T22:58:25,N007,14.561,25.940
2025-10-13T22:58:40,N007,15.642,35.092
2025-10-13T22:58:55,N007,13.475,40.036
2025-10-13T22:59:10,N007,14.554,37.342
2025-10-13T22:59:25,N007,13.761,38.393
2025-10-13T22:59:40,N007,12.435,37.341
2025-10-13T22:59:55,N007,11.501,39.030
2025-10-13T23:00:10,N007,9.962,42.129
2025-10-13T23:00:25,N007,9.138,44.655
2025-10-13T23:00:40,N007,7.485,42.780
2025-10-13T23:00:55,N007,6.271,34.468
2025-10-13T23:01:10,N007,5.711,27.533
2025-10-13T23:01:25,N007,5.457,23.465
2025-10-13T23:01:40,N007,5.170,23.375
2025-10-13T23:01:55,N007,5.899,24.809
2025-10-13T22:57:56,N001,8.456,52.109
2025-10-13T22:58:11,N001,9.709,56.017
2025-10-13T22:58:26,N001,11.310,42.385
2025-10-13T22:58:41,N001,9.389,41.048
2025-10-13T22:58:56,N001,8.831,46.795
2025-10-13T22:59:11,N001,10.181,51.286
2025-10-13T22:59:26,N001,10.575,52.780
2025-10-13T22:59:41,N001,10.016,46.464
2025-10-13T22:59:56,N001,10.119,46.689
2025-10-13T23:00:11,N001,9.262,49.715
2025-10-13T23:00:26,N001,7.006,42.822
2025-10-13T23:00:41,N001,6.340,43.883
2025-10-13T23:00:56,N001,7.068,34.353
2025-10-13T23:01:11,N001,8.019,32.260
2025-10-13T23:01:26,N001,8.911,29.628
2025-10-13T23:01:41,N001,9.982,24.854
2025-10-13T23:01:56,N001,11.882,25.095
2025-10-13T23:02:11,N001,11.929,29.667
2025-10-13T23:02:26,N001,15.428,26.232
2025-10-13T23:02:41,N001,16.162,27.038
2025-10-13T22:58:44,N002,22.964,40.643
2025-10-13T22:58:59,N002,26.747,40.025
2025-10-13T22:59:14,N002,23.871,41.181
2025-10-13T22:59:29,N002,28.029,37.719
2025-10-13T22:59:44,N002,27.531,32.196
2025-10-13T22:59:59,N002,28.722,27.117
2025-10-13T23:00:14,N002,31.561,21.814
2025-10-13T23:00:29,N002,33.881,16.113
2025-10-13T23:00:44,N002,31.929,17.760
2025-10-13T23:00:59,N002,33.406,17.730
2025-10-13T23:01:14,N002,31.282,19.597
2025-10-13T23:01:29,N002,28.840,22.997
2025-10-13T23:01:44,N002,26.376,21.646
2025-10-13T23:01:59,N002,27.464,24.779
2025-10-13T23:02:14,N002,28.298,25.484
2025-10-13T23:02:29,N002,24.279,26.424
2025-10-13T23:02:44,N002,22.132,30.968
2025-10-13T23:02:59,N002,28.673,39.472
2025-10-13T23:03:14,N002,36.056,36.395
2025-10-13T23:03:29,N002,38.574,36.590
2025-10-13T22:59:01,N010,29.611,27.916
2025-10-13T22:59:16,N010,30.790,27.840
2025-10-13T22:59:31,N010,27.535,26.554
2025-10-13T22:59:46,N010,21.301,27.037
2025-10-13T23:00:01,N010,18.188,28.218
2025-10-13T23:00:16,N010,15.683,24.139
2025-10-13T23:00:31,N010,13.088,23.872
2025-10-13T23:00:46,N010,10.979,21.689
2025-10-13T23:01:01,N010,9.934,20.663
2025-10-13T23:01:16,N010,11.138,19.989
2025-10-13T23:01:31,N010,12.559,19.251
2025-10-13T23:01:46,N010,13.726,19.545
2025-10-13T23:02:01,N010,14.794,19.816
2025-10-13T23:02:16,N010,10.855,17.778
2025-10-13T23:02:31,N010,12.535,21.941
2025-10-13T23:02:46,N010,12.673,24.734
2025-10-13T23:03:01,N010,11.817,25.899
2025-10-13T23:03:16,N010,11.725,26.118
2025-10-13T23:03:31,N010,10.677,27.430
2025-10-13T23:03:46,N010,9.760,27.063
2025-10-13T22:59:41,N009,22.541,50.899
2025-10-13T22:59:56,N009,21.461,53.709
2025-10-13T23:00:11,N009,17.746,51.719
2025-10-13T23:00:26,N009,13.871,48.645
2025-10-13T23:00:41,N009,14.182,46.396
2025-10-13T23:00:56,N009,13.870,40.270
2025-10-13T23:01:11,N009,13.667,40.989
2025-10-13T23:01:26,N009,10.018,39.042
2025-10-13T23:01:41,N009,10.793,33.458
2025-10-13T23:01:56,N009,10.447,31.779
2025-10-13T23:02:11,N009,12.755,29.888
2025-10-13T23:02:26,N009,12.897,32.455
2025-10-13T23:02:41,N009,14.112,35.970
2025-10-13T23:02:56,N009,17.273,34.669
2025-10-13T23:03:11,N009,20.939,37.688
2025-10-13T23:03:26,N009,21.258,39.463
2025-10-13T23:03:41,N009,19.226,36.979
2025-10-13T23:03:56,N009,17.328,34.400
2025-10-13T23:04:11,N009,17.148,34.881
2025-10-13T23:04:26,N009,19.917,36.888
2025-10-13T22:59:49,N002,9.086,11.513
2025-10-13T23:00:04,N002,9.887,12.706
2025-10-13T23:00:19,N002,9.919,11.576
2025-10-13T23:00:34,N002,11.749,13.004
2025-10-13T23:00:49,N002,11.894,11.738
2025-10-13T23:01:04,N002,14.279,12.006
2025-10-13T23:01:19,N002,15.545,13.308
2025-10-13T23:01:34,N002,15.178,14.778
2025-10-13T23:01:49,N002,18.009,16.869
2025-10-13T23:02:04,N002,18.840,14.795
2025-10-13T23:02:19,N002,19.542,12.843
2025-10-13T23:02:34,N002,20.779,13.226
2025-10-13T23:02:49,N002,14.366,12.232
2025-10-13T23:03:04,N002,13.242,12.656
2025-10-13T23:03:19,N002,12.039,11.788
2025-10-13T23:03:34,N002,12.804,10.453
2025-10-13T23:03:49,N002,10.424,8.935
2025-10-13T23:04:04,N002,7.288,8.651
2025-10-13T23:04:19,N002,6.573,7.938
2025-10-13T23:04:34,N002,6.559,8.556
2025-10-13T22:59:59,N004,21.504,33.316
2025-10-13T23:00:14,N004,20.925,31.394
2025-10-13T23:00:29,N004,20.207,32.290
2025-10-13T23:00:44,N004,18.649,27.764
2025-10-13T23:00:59,N004,13.787,26.983
2025-10-13T23:01:14,N004,13.387,25.266
2025-10-13T23:01:29,N004,11.937,23.937
2025-10-13T23:01:44,N004,11.873,25.444
2025-10-13T23:01:59,N004,13.168,23.979
2025-10-13T23:02:14,N004,15.076,25.813
2025-10-13T23:02:29,N004,18.902,30.435
2025-10-13T23:02:44,N004,23.869,32.881
2025-10-13T23:02:59,N004,25.328,37.937
2025-10-13T23:03:14,N004,32.635,35.866
2025-10-13T23:03:29,N004,40.737,29.817
2025-10-13T23:03:44,N004,50.211,33.647
2025-10-13T23:03:59,N004,47.600,31.076
2025-10-13T23:04:14,N004,53.135,28.917
2025-10-13T23:04:29,N004,53.764,28.093
2025-10-13T23:04:44,N004,50.617,26.004
2025-10-13T23:00:35,N005,11.054,93.368
2025-10-13T23:00:50,N005,13.429,91.742
2025-10-13T23:01:05,N005,15.111,88.797
2025-10-13T23:01:20,N005,18.619,72.549
2025-10-13T23:01:35,N005,21.038,53.933
2025-10-13T23:01:50,N005,19.120,57.333
2025-10-13T23:02:05,N005,22.793,58.412
2025-10-13T23:02:20,N005,20.838,56.471
2025-10-13T23:02:35,N005,19.959,52.886
2025-10-13T23:02:50,N005,16.607,53.831
2025-10-13T23:03:05,N005,16.668,50.831
2025-10-13T23:03:20,N005,14.343,54.463
2025-10-13T23:03:35,N005,14.507,65.246
2025-10-13T23:03:50,N005,15.731,77.691
2025-10-13T23:04:05,N005,14.630,76.187
2025-10-13T23:04:20,N005,12.694,77.974
2025-10-13T23:04:35,N005,11.475,101.890
2025-10-13T23:04:50,N005,9.761,95.045
2025-10-13T23:05:05,N005,9.938,102.702
2025-10-13T23:05:20,N005,9.619,110.798
2025-10-13T23:01:15,N009,18.282,23.620
2025-10-13T23:01:30,N009,17.871,24.485
2025-10-13T23:01:45,N009,18.208,24.944
2025-10-13T23:02:00,N009,17.745,22.543
2025-10-13T23:02:15,N009,18.378,23.470
2025-10-13T23:02:30,N009,19.211,22.854
2025-10-13T23:02:45,N009,20.676,26.867
2025-10-13T23:03:00,N009,22.493,29.458
2025-10-13T23:03:15,N009,27.635,27.475
2025-10-13T23:03:30,N009,37.205,33.525
2025-10-13T23:03:45,N009,46.981,31.703
2025-10-13T23:04:00,N009,57.443,29.358
2025-10-13T23:04:15,N009,63.671,25.885
2025-10-13T23:04:30,N009,58.973,25.257
2025-10-13T23:04:45,N009,69.755,26.843
2025-10-13T23:05:00,N009,58.830,20.879
2025-10-13T23:05:15,N009,55.582,19.012
2025-10-13T23:05:30,N009,59.289,18.421
2025-10-13T23:05:45,N009,52.866,22.001
2025-10-13T23:06:00,N009,57.902,17.339
2025-10-13T23:01:48,N006,10.623,62.459
2025-10-13T23:02:03,N006,12.840,74.327
2025-10-13T23:02:18,N006,18.453,89.854
2025-10-13T23:02:33,N006,22.289,98.676
2025-10-13T23:02:48,N006,19.742,129.582
2025-10-13T23:03:03,N006,23.043,136.977
2025-10-13T23:03:18,N006,23.242,106.786
2025-10-13T23:03:33,N006,22.495,99.959
2025-10-13T23:03:48,N006,26.643,99.041
2025-10-13T23:04:03,N006,27.161,81.088
2025-10-13T23:04:18,N006,26.816,74.534
2025-10-13T23:04:33,N006,23.776,76.674
2025-10-13T23:04:48,N006,23.584,78.995
2025-10-13T23:05:03,N006,20.741,86.511
2025-10-13T23:05:18,N006,15.828,84.773
2025-10-13T23:05:33,N006,15.807,69.276
2025-10-13T23:05:48,N006,15.271,72.528
2025-10-13T23:06:03,N006,17.250,64.818
2025-10-13T23:06:18,N006,20.200,72.663
2025-10-13T23:06:33,N006,23.013,81.373
2025-10-13T23:02:00,N004,18.406,87.834
2025-10-13T23:02:15,N004,20.472,80.124
2025-10-13T23:02:30,N004,19.571,71.373
2025-10-13T23:02:45,N004,19.249,72.004
2025-10-13T23:03:00,N004,18.362,58.639
2025-10-13T23:03:15,N004,18.039,52.555
2025-10-13T23:03:30,N004,13.461,47.502
2025-10-13T23:03:45,N004,13.648,41.003
2025-10-13T23:04:00,N004,14.419,45.516
2025-10-13T23:04:15,N004,12.929,36.973
2025-10-13T23:04:30,N004,11.296,42.992
2025-10-13T23:04:45,N004,10.299,58.411
2025-10-13T23:05:00,N004,11.143,64.317
2025-10-13T23:05:15,N004,8.743,62.833
2025-10-13T23:05:30,N004,10.825,61.618
2025-10-13T23:05:45,N004,10.288,75.529
2025-10-13T23:06:00,N004,12.180,77.397
2025-10-13T23:06:15,N004,14.742,79.159
2025-10-13T23:06:30,N004,16.721,75.585
2025-10-13T23:06:45,N004,20.651,76.929
2025-10-13T23:02:28,N004,22.031,28.380
2025-10-13T23:02:43,N004,21.665,27.745
2025-10-13T23:02:58,N004,23.888,24.409
2025-10-13T23:03:13,N004,21.426,25.782
2025-10-13T23:03:28,N004,20.232,29.757
2025-10-13T23:03:43,N004,17.181,32.676
2025-10-13T23:03:58,N004,12.749,31.832
2025-10-13T23:04:13,N004,12.751,27.590
2025-10-13T23:04:28,N004,11.897,26.598
2025-10-13T23:04:43,N004,11.522,26.183
2025-10-13T23:04:58,N004,9.902,26.329
2025-10-13T23:05:13,N004,8.516,17.679
2025-10-13T23:05:28,N004,8.377,16.905
2025-10-13T23:05:43,N004,8.613,14.467
2025-10-13T23:05:58,N004,8.296,12.832
2025-10-13T23:06:13,N004,7.546,14.446
2025-10-13T23:06:28,N004,8.648,13.459
2025-10-13T23:06:43,N004,10.064,13.068
2025-10-13T23:06:58,N004,10.775,13.878
2025-10-13T23:07:13,N004,10.206,15.090
